OrderID,OrderDate,ProductID,CustomerID,StoreID,Quantity,UnitPrice,Discount,TotalSales,Cost,Profit,Year,Month,Day
O103756,2023-01-01,P0099,C00242,S003,2,5.01,0.2,8.02,5.54,2.48,2023,1,1
O106703,2023-01-01,P0008,C00988,S006,1,22.28,0.0,22.28,11.14,11.14,2023,1,1
O105204,2023-01-01,P0004,C01151,S004,1,29.55,0.0,29.55,14.48,15.07,2023,1,1
O109766,2023-01-01,P0042,C00937,S003,1,9.86,0.1,8.87,6.23,2.64,2023,1,1
O106876,2023-01-01,P0068,C00578,S008,1,100.31,0.0,100.31,81.38,18.93,2023,1,1
O108535,2023-01-01,P0040,C00321,S009,2,25.25,0.1,45.45,33.06,12.39,2023,1,1
O111753,2023-01-01,P0051,C00692,S008,1,32.14,0.1,28.93,16.02,12.91,2023,1,1
O106249,2023-01-01,P0032,C00240,S001,1,62.15,0.1,55.94,45.29,10.65,2023,1,1
O102166,2023-01-01,P0036,C00307,S007,1,15.34,0.0,15.34,8.29,7.05,2023,1,1
O100126,2023-01-01,P0038,C00760,S006,2,42.19,0.05,80.16,58.62,21.54,2023,1,1
O105547,2023-01-01,P0049,C00412,S009,1,366.28,0.0,366.28,172.71,193.57,2023,1,1
O111489,2023-01-01,P0070,C00797,S011,1,27.07,0.0,27.07,14.25,12.82,2023,1,1
O109450,2023-01-01,P0032,C00409,S003,1,62.15,0.0,62.15,45.29,16.86,2023,1,1
O108732,2023-01-01,P0028,C00526,S010,4,453.33,0.0,1813.32,1015.84,797.48,2023,1,1
O101741,2023-01-01,P0029,C00054,S010,2,93.75,0.0,187.5,137.52,49.98,2023,1,1
O108541,2023-01-01,P0007,C00177,S012,1,99.07,0.0,99.07,74.71,24.36,2023,1,1
O103899,2023-01-01,P0083,C00685,S011,2,85.03,0.1,153.05,89.58,63.47,2023,1,1
O109618,2023-01-01,P0089,C00776,S011,1,39.28,0.0,39.28,18.15,21.13,2023,1,1
O110547,2023-01-01,P0092,C00471,S003,2,41.48,0.1,74.66,50.82,23.84,2023,1,1
O107332,2023-01-02,P0022,C00489,S006,4,42.03,0.05,159.71,120.56,39.15,2023,1,2
O101295,2023-01-02,P0028,C00657,S007,1,453.33,0.15,385.33,253.96,131.37,2023,1,2
O111370,2023-01-02,P0043,C00127,S008,1,11.09,0.0,11.09,5.81,5.28,2023,1,2
O100120,2023-01-02,P0099,C00947,S005,2,5.01,0.0,10.02,5.54,4.48,2023,1,2
O103631,2023-01-02,P0090,C00160,S009,1,575.16,0.0,575.16,375.73,199.43,2023,1,2
O108621,2023-01-02,P0044,C01102,S010,2,136.64,0.0,273.28,231.36,41.92,2023,1,2
O101507,2023-01-02,P0053,C00321,S003,4,51.37,0.15,174.66,129.08,45.58,2023,1,2
O110444,2023-01-02,P0031,C00527,S003,3,104.43,0.05,297.63,192.54,105.09,2023,1,2
O105609,2023-01-02,P0076,C00500,S008,1,301.81,0.0,301.81,247.89,53.92,2023,1,2
O102447,2023-01-02,P0018,C00895,S010,1,34.43,0.0,34.43,26.49,7.94,2023,1,2
O110286,2023-01-02,P0038,C00829,S010,1,42.19,0.0,42.19,29.31,12.88,2023,1,2
O102312,2023-01-02,P0057,C00933,S011,1,157.4,0.05,149.53,131.61,17.92,2023,1,2
O109907,2023-01-03,P0074,C00512,S005,2,106.15,0.0,212.3,138.48,73.82,2023,1,3
O102501,2023-01-03,P0017,C01092,S008,1,25.27,0.05,24.01,17.77,6.24,2023,1,3
O102556,2023-01-03,P0080,C00949,S004,1,20.59,0.0,20.59,13.94,6.65,2023,1,3
O101983,2023-01-03,P0001,C00013,S001,1,132.87,0.0,132.87,107.4,25.47,2023,1,3
O110784,2023-01-03,P0036,C00343,S004,1,15.34,0.0,15.34,8.29,7.05,2023,1,3
O110315,2023-01-03,P0048,C01047,S002,3,113.33,0.2,271.99,247.65,24.34,2023,1,3
O100277,2023-01-03,P0018,C00601,S001,4,34.43,0.05,130.83,105.96,24.87,2023,1,3
O109742,2023-01-03,P0091,C00365,S012,1,35.24,0.0,35.24,18.67,16.57,2023,1,3
O100177,2023-01-03,P0004,C01142,S008,3,29.55,0.0,88.65,43.44,45.21,2023,1,3
O105195,2023-01-03,P0041,C00256,S012,1,246.7,0.0,246.7,134.73,111.97,2023,1,3
O111610,2023-01-03,P0013,C00766,S011,1,45.23,0.1,40.71,24.82,15.89,2023,1,3
O109970,2023-01-03,P0021,C00933,S008,1,25.8,0.0,25.8,12.57,13.23,2023,1,3
O111306,2023-01-04,P0093,C00802,S003,1,13.08,0.15,11.12,9.16,1.96,2023,1,4
O110107,2023-01-04,P0072,C00822,S009,1,149.26,0.15,126.87,69.51,57.36,2023,1,4
O105937,2023-01-04,P0055,C00661,S006,2,24.74,0.0,49.48,34.96,14.52,2023,1,4
O108012,2023-01-04,P0092,C00183,S012,1,41.48,0.0,41.48,25.41,16.07,2023,1,4
O108271,2023-01-04,P0069,C00985,S010,1,85.27,0.0,85.27,65.86,19.41,2023,1,4
O111048,2023-01-04,P0029,C00094,S003,2,93.75,0.0,187.5,137.52,49.98,2023,1,4
O101404,2023-01-04,P0059,C00119,S005,1,10.64,0.1,9.58,7.7,1.88,2023,1,4
O101382,2023-01-04,P0020,C00337,S012,1,30.45,0.0,30.45,20.59,9.86,2023,1,4
O109253,2023-01-04,P0062,C01132,S004,1,39.06,0.0,39.06,17.85,21.21,2023,1,4
O103596,2023-01-04,P0012,C00162,S006,3,88.36,0.0,265.08,188.7,76.38,2023,1,4
O109159,2023-01-04,P0070,C00895,S001,1,27.07,0.05,25.72,14.25,11.47,2023,1,4
O110356,2023-01-04,P0048,C00103,S001,1,113.33,0.1,102.0,82.55,19.45,2023,1,4
O110035,2023-01-04,P0087,C00384,S008,2,463.9,0.15,788.63,507.3,281.33,2023,1,4
O104795,2023-01-04,P0090,C01041,S005,2,575.16,0.0,1150.32,751.46,398.86,2023,1,4
O100478,2023-01-04,P0072,C00823,S007,1,149.26,0.05,141.8,69.51,72.29,2023,1,4
O110435,2023-01-04,P0075,C00696,S009,3,10.1,0.1,27.27,22.47,4.8,2023,1,4
O105363,2023-01-04,P0066,C00349,S001,1,105.53,0.0,105.53,58.77,46.76,2023,1,4
O102274,2023-01-04,P0083,C00362,S002,2,85.03,0.05,161.56,89.58,71.98,2023,1,4
O107667,2023-01-04,P0057,C00576,S004,1,157.4,0.05,149.53,131.61,17.92,2023,1,4
O102959,2023-01-04,P0038,C00017,S007,1,42.19,0.05,40.08,29.31,10.77,2023,1,4
O103360,2023-01-05,P0068,C00406,S012,2,100.31,0.0,200.62,162.76,37.86,2023,1,5
O108701,2023-01-05,P0086,C01057,S012,1,310.61,0.1,279.55,159.69,119.86,2023,1,5
O103071,2023-01-05,P0052,C00389,S006,2,97.55,0.0,195.1,122.94,72.16,2023,1,5
O109962,2023-01-05,P0098,C00244,S002,1,37.83,0.0,37.83,29.0,8.83,2023,1,5
O100180,2023-01-05,P0094,C00069,S009,1,21.21,0.1,19.09,12.17,6.92,2023,1,5
O110218,2023-01-05,P0021,C00737,S001,1,25.8,0.0,25.8,12.57,13.23,2023,1,5
O107335,2023-01-05,P0066,C00684,S001,4,105.53,0.1,379.91,235.08,144.83,2023,1,5
O101196,2023-01-05,P0008,C00624,S008,3,22.28,0.0,66.84,33.42,33.42,2023,1,5
O107506,2023-01-05,P0069,C00847,S003,4,85.27,0.1,306.97,263.44,43.53,2023,1,5
O100964,2023-01-05,P0073,C01026,S002,2,36.7,0.0,73.4,36.44,36.96,2023,1,5
O105049,2023-01-06,P0093,C00273,S012,1,13.08,0.0,13.08,9.16,3.92,2023,1,6
O102043,2023-01-06,P0077,C00055,S007,4,130.07,0.05,494.27,430.6,63.67,2023,1,6
O103207,2023-01-06,P0083,C00337,S005,4,85.03,0.1,306.11,179.16,126.95,2023,1,6
O105131,2023-01-06,P0016,C00931,S012,1,547.4,0.05,520.03,397.41,122.62,2023,1,6
O105270,2023-01-06,P0021,C00583,S009,1,25.8,0.0,25.8,12.57,13.23,2023,1,6
O102004,2023-01-06,P0071,C00598,S003,2,9.68,0.15,16.46,14.76,1.7,2023,1,6
O110850,2023-01-06,P0004,C00249,S005,5,29.55,0.1,132.98,72.4,60.58,2023,1,6
O106346,2023-01-06,P0023,C00659,S009,2,818.22,0.0,1636.44,1260.3,376.14,2023,1,6
O108873,2023-01-06,P0072,C00549,S003,4,149.26,0.0,597.04,278.04,319.0,2023,1,6
O105565,2023-01-06,P0082,C00127,S002,1,28.43,0.0,28.43,21.73,6.7,2023,1,6
O103412,2023-01-06,P0023,C00586,S011,10,818.22,0.0,8182.2,6301.5,1880.7,2023,1,6
O111172,2023-01-06,P0021,C00688,S003,2,25.8,0.0,51.6,25.14,26.46,2023,1,6
O105806,2023-01-06,P0079,C00247,S004,1,120.53,0.1,108.48,93.1,15.38,2023,1,6
O100302,2023-01-06,P0077,C00970,S011,1,130.07,0.0,130.07,107.65,22.42,2023,1,6
O110251,2023-01-06,P0062,C00090,S011,1,39.06,0.05,37.11,17.85,19.26,2023,1,6
O104091,2023-01-06,P0056,C00213,S007,1,20.73,0.0,20.73,16.75,3.98,2023,1,6
O103752,2023-01-06,P0040,C00391,S002,1,25.25,0.2,20.2,16.53,3.67,2023,1,6
O101717,2023-01-06,P0001,C00920,S002,1,132.87,0.05,126.23,107.4,18.83,2023,1,6
O101292,2023-01-07,P0048,C00370,S009,2,113.33,0.05,215.33,165.1,50.23,2023,1,7
O104719,2023-01-07,P0097,C00908,S002,1,8.15,0.0,8.15,5.49,2.66,2023,1,7
O103892,2023-01-07,P0016,C00873,S009,1,547.4,0.0,547.4,397.41,149.99,2023,1,7
O103854,2023-01-07,P0016,C01035,S006,1,547.4,0.0,547.4,397.41,149.99,2023,1,7
O101120,2023-01-07,P0034,C01025,S011,1,84.19,0.15,71.56,69.04,2.52,2023,1,7
O101997,2023-01-07,P0090,C00959,S010,4,575.16,0.0,2300.64,1502.92,797.72,2023,1,7
O110535,2023-01-07,P0047,C00728,S003,1,125.46,0.05,119.19,59.9,59.29,2023,1,7
O112000,2023-01-07,P0060,C00565,S010,1,80.71,0.0,80.71,51.25,29.46,2023,1,7
O111371,2023-01-07,P0069,C01156,S005,1,85.27,0.1,76.74,65.86,10.88,2023,1,7
O106514,2023-01-07,P0036,C00244,S010,1,15.34,0.0,15.34,8.29,7.05,2023,1,7
O111943,2023-01-07,P0018,C00710,S004,1,34.43,0.05,32.71,26.49,6.22,2023,1,7
O107263,2023-01-07,P0071,C00236,S010,2,9.68,0.0,19.36,14.76,4.6,2023,1,7
O108039,2023-01-07,P0073,C00995,S010,1,36.7,0.0,36.7,18.22,18.48,2023,1,7
O106278,2023-01-07,P0047,C00769,S001,2,125.46,0.05,238.37,119.8,118.57,2023,1,7
O107665,2023-01-07,P0014,C01133,S009,1,13.14,0.0,13.14,6.13,7.01,2023,1,7
O100493,2023-01-07,P0022,C00145,S005,3,42.03,0.05,119.79,90.42,29.37,2023,1,7
O106607,2023-01-08,P0025,C01189,S006,5,18.6,0.0,93.0,70.45,22.55,2023,1,8
O110116,2023-01-08,P0024,C00588,S003,3,722.65,0.0,2167.95,1270.74,897.21,2023,1,8
O111865,2023-01-08,P0075,C00789,S011,1,10.1,0.0,10.1,7.49,2.61,2023,1,8
O110595,2023-01-08,P0074,C00899,S007,2,106.15,0.05,201.68,138.48,63.2,2023,1,8
O105689,2023-01-08,P0039,C00045,S002,1,47.6,0.0,47.6,32.53,15.07,2023,1,8
O103059,2023-01-08,P0048,C00057,S008,1,113.33,0.1,102.0,82.55,19.45,2023,1,8
O109880,2023-01-08,P0005,C00519,S010,1,15.5,0.1,13.95,12.07,1.88,2023,1,8
O106015,2023-01-08,P0028,C00526,S004,2,453.33,0.0,906.66,507.92,398.74,2023,1,8
O108445,2023-01-08,P0031,C00849,S001,2,104.43,0.0,208.86,128.36,80.5,2023,1,8
O104649,2023-01-08,P0027,C01107,S006,3,55.97,0.1,151.12,88.71,62.41,2023,1,8
O108457,2023-01-08,P0093,C00380,S009,1,13.08,0.0,13.08,9.16,3.92,2023,1,8
O101357,2023-01-08,P0043,C00154,S003,2,11.09,0.15,18.85,11.62,7.23,2023,1,8
O100824,2023-01-08,P0010,C00398,S005,1,14.81,0.0,14.81,12.15,2.66,2023,1,8
O102021,2023-01-08,P0099,C00153,S005,1,5.01,0.05,4.76,2.77,1.99,2023,1,8
O100237,2023-01-08,P0021,C00140,S012,1,25.8,0.1,23.22,12.57,10.65,2023,1,8
O101942,2023-01-08,P0016,C00082,S010,1,547.4,0.0,547.4,397.41,149.99,2023,1,8
O101350,2023-01-08,P0054,C00595,S011,1,42.97,0.0,42.97,29.12,13.85,2023,1,8
O108072,2023-01-08,P0084,C00361,S010,1,17.53,0.0,17.53,14.11,3.42,2023,1,8
O105480,2023-01-09,P0005,C01158,S010,2,15.5,0.0,31.0,24.14,6.86,2023,1,9
O100684,2023-01-09,P0099,C00930,S006,2,5.01,0.15,8.52,5.54,2.98,2023,1,9
O106518,2023-01-09,P0065,C00561,S003,1,776.21,0.0,776.21,385.54,390.67,2023,1,9
O102089,2023-01-09,P0023,C00595,S010,4,818.22,0.0,3272.88,2520.6,752.28,2023,1,9
O111019,2023-01-09,P0091,C01118,S009,1,35.24,0.0,35.24,18.67,16.57,2023,1,9
O104774,2023-01-09,P0065,C00153,S001,1,776.21,0.0,776.21,385.54,390.67,2023,1,9
O102710,2023-01-09,P0077,C00880,S011,2,130.07,0.0,260.14,215.3,44.84,2023,1,9
O109414,2023-01-09,P0088,C00599,S008,1,5.57,0.0,5.57,4.31,1.26,2023,1,9
O102835,2023-01-09,P0064,C01199,S001,2,12.06,0.05,22.91,10.96,11.95,2023,1,9
O100437,2023-01-09,P0063,C00508,S006,2,112.94,0.0,225.88,181.38,44.5,2023,1,9
O100208,2023-01-09,P0004,C00379,S001,1,29.55,0.0,29.55,14.48,15.07,2023,1,9
O109732,2023-01-09,P0055,C00901,S001,2,24.74,0.0,49.48,34.96,14.52,2023,1,9
O103724,2023-01-09,P0021,C00225,S004,1,25.8,0.15,21.93,12.57,9.36,2023,1,9
O107814,2023-01-09,P0036,C00054,S001,1,15.34,0.0,15.34,8.29,7.05,2023,1,9
O102414,2023-01-10,P0100,C00776,S009,1,142.46,0.0,142.46,91.14,51.32,2023,1,10
O103981,2023-01-10,P0081,C01150,S009,1,143.09,0.0,143.09,110.0,33.09,2023,1,10
O107989,2023-01-10,P0099,C00413,S008,2,5.01,0.0,10.02,5.54,4.48,2023,1,10
O100181,2023-01-10,P0040,C00869,S010,1,25.25,0.0,25.25,16.53,8.72,2023,1,10
O106238,2023-01-10,P0023,C01079,S004,3,818.22,0.0,2454.66,1890.45,564.21,2023,1,10
O104410,2023-01-10,P0049,C00392,S011,1,366.28,0.0,366.28,172.71,193.57,2023,1,10
O103306,2023-01-10,P0001,C00887,S008,4,132.87,0.0,531.48,429.6,101.88,2023,1,10
O109899,2023-01-10,P0040,C00570,S005,2,25.25,0.05,47.97,33.06,14.91,2023,1,10
O106635,2023-01-10,P0091,C00744,S005,1,35.24,0.2,28.19,18.67,9.52,2023,1,10
O105092,2023-01-10,P0060,C00263,S002,1,80.71,0.05,76.67,51.25,25.42,2023,1,10
O100214,2023-01-10,P0024,C00464,S010,10,722.65,0.0,7226.5,4235.8,2990.7,2023,1,10
O103626,2023-01-10,P0052,C01060,S009,3,97.55,0.0,292.65,184.41,108.24,2023,1,10
O100725,2023-01-10,P0069,C00523,S006,1,85.27,0.0,85.27,65.86,19.41,2023,1,10
O108971,2023-01-10,P0002,C00254,S005,5,130.95,0.0,654.75,500.3,154.45,2023,1,10
O102280,2023-01-10,P0038,C00048,S001,1,42.19,0.0,42.19,29.31,12.88,2023,1,10
O101347,2023-01-10,P0019,C00669,S008,1,138.62,0.0,138.62,68.15,70.47,2023,1,10
O102009,2023-01-10,P0049,C00705,S005,2,366.28,0.2,586.05,345.42,240.63,2023,1,10
O101612,2023-01-10,P0042,C00284,S008,2,9.86,0.0,19.72,12.46,7.26,2023,1,10
O101875,2023-01-10,P0099,C00473,S011,2,5.01,0.0,10.02,5.54,4.48,2023,1,10
O101526,2023-01-10,P0048,C00778,S012,1,113.33,0.0,113.33,82.55,30.78,2023,1,10
O103400,2023-01-11,P0060,C00651,S006,2,80.71,0.0,161.42,102.5,58.92,2023,1,11
O100495,2023-01-11,P0015,C00443,S011,1,36.03,0.2,28.82,18.61,10.21,2023,1,11
O105264,2023-01-11,P0023,C00083,S003,1,818.22,0.0,818.22,630.15,188.07,2023,1,11
O100904,2023-01-11,P0033,C00705,S012,1,47.81,0.0,47.81,31.21,16.6,2023,1,11
O101925,2023-01-11,P0072,C00266,S010,1,149.26,0.1,134.33,69.51,64.82,2023,1,11
O109205,2023-01-11,P0054,C00032,S004,1,42.97,0.0,42.97,29.12,13.85,2023,1,11
O103193,2023-01-11,P0084,C00619,S011,5,17.53,0.0,87.65,70.55,17.1,2023,1,11
O105387,2023-01-11,P0086,C00343,S003,2,310.61,0.0,621.22,319.38,301.84,2023,1,11
O102330,2023-01-11,P0073,C01167,S011,1,36.7,0.0,36.7,18.22,18.48,2023,1,11
O101838,2023-01-11,P0004,C00936,S005,2,29.55,0.15,50.24,28.96,21.28,2023,1,11
O108765,2023-01-11,P0069,C00247,S008,2,85.27,0.0,170.54,131.72,38.82,2023,1,11
O108831,2023-01-11,P0016,C00491,S010,2,547.4,0.0,1094.8,794.82,299.98,2023,1,11
O111020,2023-01-11,P0004,C00021,S003,1,29.55,0.1,26.6,14.48,12.12,2023,1,11
O104239,2023-01-11,P0068,C00911,S007,1,100.31,0.0,100.31,81.38,18.93,2023,1,11
O107938,2023-01-11,P0014,C00595,S011,2,13.14,0.1,23.65,12.26,11.39,2023,1,11
O100379,2023-01-11,P0029,C00566,S003,3,93.75,0.15,239.06,206.28,32.78,2023,1,11
O107534,2023-01-11,P0035,C01044,S001,1,21.89,0.0,21.89,12.25,9.64,2023,1,11
O111481,2023-01-11,P0099,C01131,S002,2,5.01,0.1,9.02,5.54,3.48,2023,1,11
O107543,2023-01-11,P0019,C00206,S003,1,138.62,0.0,138.62,68.15,70.47,2023,1,11
O105124,2023-01-11,P0094,C01187,S010,2,21.21,0.0,42.42,24.34,18.08,2023,1,11
O102936,2023-01-11,P0070,C00870,S009,1,27.07,0.1,24.36,14.25,10.11,2023,1,11
O103966,2023-01-12,P0097,C00859,S006,1,8.15,0.0,8.15,5.49,2.66,2023,1,12
O108960,2023-01-12,P0091,C00795,S004,1,35.24,0.0,35.24,18.67,16.57,2023,1,12
O108539,2023-01-12,P0002,C01053,S011,1,130.95,0.05,124.4,100.06,24.34,2023,1,12
O106769,2023-01-12,P0023,C00083,S005,1,818.22,0.0,818.22,630.15,188.07,2023,1,12
O101661,2023-01-12,P0042,C00615,S010,2,9.86,0.15,16.76,12.46,4.3,2023,1,12
O109548,2023-01-12,P0066,C00734,S011,1,105.53,0.0,105.53,58.77,46.76,2023,1,12
O106918,2023-01-12,P0007,C00277,S011,1,99.07,0.05,94.12,74.71,19.41,2023,1,12
O110718,2023-01-12,P0028,C00786,S010,1,453.33,0.0,453.33,253.96,199.37,2023,1,12
O103123,2023-01-12,P0026,C00669,S004,1,325.3,0.0,325.3,181.38,143.92,2023,1,12
O100937,2023-01-12,P0026,C00318,S004,1,325.3,0.15,276.5,181.38,95.12,2023,1,12
O100792,2023-01-12,P0071,C00862,S010,1,9.68,0.05,9.2,7.38,1.82,2023,1,12
O103309,2023-01-12,P0027,C00351,S010,1,55.97,0.0,55.97,29.57,26.4,2023,1,12
O108300,2023-01-12,P0089,C00344,S003,3,39.28,0.0,117.84,54.45,63.39,2023,1,12
O105660,2023-01-12,P0024,C00941,S001,2,722.65,0.1,1300.77,847.16,453.61,2023,1,12
O102690,2023-01-12,P0053,C00677,S007,2,51.37,0.0,102.74,64.54,38.2,2023,1,12
O110507,2023-01-12,P0056,C00098,S011,1,20.73,0.1,18.66,16.75,1.91,2023,1,12
O102630,2023-01-12,P0079,C01091,S009,1,120.53,0.2,96.42,93.1,3.32,2023,1,12
O108964,2023-01-13,P0088,C00234,S011,2,5.57,0.0,11.14,8.62,2.52,2023,1,13
O100398,2023-01-13,P0077,C00930,S004,1,130.07,0.05,123.57,107.65,15.92,2023,1,13
O101256,2023-01-13,P0001,C00714,S010,2,132.87,0.0,265.74,214.8,50.94,2023,1,13
O106165,2023-01-13,P0056,C00352,S009,4,20.73,0.05,78.77,67.0,11.77,2023,1,13
O108513,2023-01-13,P0080,C01081,S012,1,20.59,0.1,18.53,13.94,4.59,2023,1,13
O106120,2023-01-13,P0018,C00345,S007,2,34.43,0.0,68.86,52.98,15.88,2023,1,13
O101012,2023-01-13,P0086,C01018,S008,1,310.61,0.05,295.08,159.69,135.39,2023,1,13
O107154,2023-01-13,P0033,C00081,S010,3,47.81,0.1,129.09,93.63,35.46,2023,1,13
O109605,2023-01-13,P0087,C00649,S003,1,463.9,0.0,463.9,253.65,210.25,2023,1,13
O102396,2023-01-13,P0045,C01024,S008,1,131.19,0.15,111.51,106.88,4.63,2023,1,13
O105841,2023-01-13,P0080,C00487,S004,1,20.59,0.0,20.59,13.94,6.65,2023,1,13
O108089,2023-01-13,P0060,C00562,S004,2,80.71,0.0,161.42,102.5,58.92,2023,1,13
O105651,2023-01-13,P0086,C00448,S005,2,310.61,0.0,621.22,319.38,301.84,2023,1,13
O102603,2023-01-13,P0018,C00035,S011,1,34.43,0.0,34.43,26.49,7.94,2023,1,13
O100692,2023-01-13,P0100,C00336,S007,4,142.46,0.0,569.84,364.56,205.28,2023,1,13
O104398,2023-01-13,P0076,C00129,S008,1,301.81,0.0,301.81,247.89,53.92,2023,1,13
O107334,2023-01-13,P0038,C00926,S009,2,42.19,0.0,84.38,58.62,25.76,2023,1,13
O103660,2023-01-14,P0049,C00198,S008,1,366.28,0.05,347.97,172.71,175.26,2023,1,14
O101065,2023-01-14,P0045,C01010,S001,1,131.19,0.05,124.63,106.88,17.75,2023,1,14
O105073,2023-01-14,P0089,C01168,S010,10,39.28,0.0,392.8,181.5,211.3,2023,1,14
O106980,2023-01-14,P0039,C00364,S011,2,47.6,0.15,80.92,65.06,15.86,2023,1,14
O105278,2023-01-14,P0015,C00329,S007,1,36.03,0.0,36.03,18.61,17.42,2023,1,14
O111034,2023-01-14,P0097,C01147,S012,3,8.15,0.05,23.23,16.47,6.76,2023,1,14
O101197,2023-01-14,P0040,C00936,S005,1,25.25,0.15,21.46,16.53,4.93,2023,1,14
O108603,2023-01-14,P0029,C00520,S010,1,93.75,0.0,93.75,68.76,24.99,2023,1,14
O102403,2023-01-14,P0034,C01185,S007,1,84.19,0.05,79.98,69.04,10.94,2023,1,14
O103615,2023-01-14,P0069,C00517,S010,1,85.27,0.0,85.27,65.86,19.41,2023,1,14
O102413,2023-01-14,P0029,C00573,S012,1,93.75,0.15,79.69,68.76,10.93,2023,1,14
O102081,2023-01-14,P0040,C00008,S001,2,25.25,0.0,50.5,33.06,17.44,2023,1,14
O108188,2023-01-14,P0090,C00747,S006,1,575.16,0.0,575.16,375.73,199.43,2023,1,14
O102619,2023-01-14,P0020,C00528,S006,1,30.45,0.0,30.45,20.59,9.86,2023,1,14
O102186,2023-01-14,P0050,C01070,S008,2,9.87,0.0,19.74,9.48,10.26,2023,1,14
O107990,2023-01-14,P0020,C00822,S004,1,30.45,0.05,28.93,20.59,8.34,2023,1,14
O103470,2023-01-14,P0027,C00457,S007,5,55.97,0.05,265.86,147.85,118.01,2023,1,14
O104928,2023-01-14,P0001,C00672,S007,2,132.87,0.0,265.74,214.8,50.94,2023,1,14
O101939,2023-01-15,P0084,C00970,S010,1,17.53,0.1,15.78,14.11,1.67,2023,1,15
O110001,2023-01-15,P0043,C00020,S012,1,11.09,0.0,11.09,5.81,5.28,2023,1,15
O111549,2023-01-15,P0041,C00980,S012,1,246.7,0.0,246.7,134.73,111.97,2023,1,15
O110374,2023-01-15,P0085,C00268,S010,1,34.17,0.0,34.17,27.5,6.67,2023,1,15
O106761,2023-01-15,P0020,C00284,S012,1,30.45,0.0,30.45,20.59,9.86,2023,1,15
O105154,2023-01-15,P0081,C00871,S012,3,143.09,0.0,429.27,330.0,99.27,2023,1,15
O105339,2023-01-15,P0083,C00905,S006,2,85.03,0.0,170.06,89.58,80.48,2023,1,15
O102948,2023-01-15,P0023,C00493,S009,1,818.22,0.05,777.31,630.15,147.16,2023,1,15
O102982,2023-01-15,P0033,C00964,S011,5,47.81,0.0,239.05,156.05,83.0,2023,1,15
O107613,2023-01-15,P0086,C00288,S009,2,310.61,0.05,590.16,319.38,270.78,2023,1,15
O106146,2023-01-15,P0075,C00343,S007,1,10.1,0.05,9.59,7.49,2.1,2023,1,15
O108139,2023-01-15,P0044,C01027,S006,2,136.64,0.2,218.62,231.36,-12.74,2023,1,15
O100976,2023-01-15,P0033,C00522,S004,5,47.81,0.0,239.05,156.05,83.0,2023,1,15
O108574,2023-01-15,P0068,C00434,S003,2,100.31,0.1,180.56,162.76,17.8,2023,1,15
O110320,2023-01-15,P0081,C01185,S001,1,143.09,0.0,143.09,110.0,33.09,2023,1,15
O104596,2023-01-16,P0087,C01000,S001,1,463.9,0.0,463.9,253.65,210.25,2023,1,16
O111608,2023-01-16,P0037,C00703,S011,1,61.48,0.0,61.48,48.1,13.38,2023,1,16
O103742,2023-01-16,P0093,C00022,S009,1,13.08,0.05,12.43,9.16,3.27,2023,1,16
O111629,2023-01-16,P0059,C00429,S010,3,10.64,0.0,31.92,23.1,8.82,2023,1,16
O106688,2023-01-16,P0063,C00083,S003,4,112.94,0.15,384.0,362.76,21.24,2023,1,16
O111339,2023-01-16,P0045,C00151,S006,2,131.19,0.0,262.38,213.76,48.62,2023,1,16
O104960,2023-01-16,P0037,C01196,S001,2,61.48,0.05,116.81,96.2,20.61,2023,1,16
O104245,2023-01-16,P0021,C00407,S008,1,25.8,0.0,25.8,12.57,13.23,2023,1,16
O107499,2023-01-16,P0073,C00683,S005,1,36.7,0.1,33.03,18.22,14.81,2023,1,16
O104378,2023-01-16,P0054,C00129,S003,2,42.97,0.1,77.35,58.24,19.11,2023,1,16
O102776,2023-01-16,P0021,C00778,S012,1,25.8,0.0,25.8,12.57,13.23,2023,1,16
O101008,2023-01-16,P0021,C00829,S002,1,25.8,0.0,25.8,12.57,13.23,2023,1,16
O103074,2023-01-16,P0091,C00530,S012,1,35.24,0.0,35.24,18.67,16.57,2023,1,16
O106626,2023-01-17,P0063,C00647,S001,2,112.94,0.1,203.29,181.38,21.91,2023,1,17
O106465,2023-01-17,P0050,C00412,S007,1,9.87,0.0,9.87,4.74,5.13,2023,1,17
O102336,2023-01-17,P0055,C00772,S011,1,24.74,0.1,22.27,17.48,4.79,2023,1,17
O107097,2023-01-17,P0070,C00702,S011,1,27.07,0.0,27.07,14.25,12.82,2023,1,17
O109492,2023-01-17,P0079,C00381,S012,2,120.53,0.0,241.06,186.2,54.86,2023,1,17
O100973,2023-01-17,P0085,C00733,S004,2,34.17,0.0,68.34,55.0,13.34,2023,1,17
O110481,2023-01-17,P0100,C01091,S006,1,142.46,0.1,128.21,91.14,37.07,2023,1,17
O111857,2023-01-17,P0042,C00736,S003,1,9.86,0.0,9.86,6.23,3.63,2023,1,17
O104457,2023-01-17,P0043,C00176,S010,1,11.09,0.0,11.09,5.81,5.28,2023,1,17
O108148,2023-01-17,P0060,C00930,S003,2,80.71,0.0,161.42,102.5,58.92,2023,1,17
O111212,2023-01-17,P0066,C00419,S010,1,105.53,0.0,105.53,58.77,46.76,2023,1,17
O103028,2023-01-17,P0084,C00110,S002,3,17.53,0.0,52.59,42.33,10.26,2023,1,17
O102985,2023-01-17,P0069,C00040,S001,2,85.27,0.0,170.54,131.72,38.82,2023,1,17
O107903,2023-01-17,P0093,C00935,S008,4,13.08,0.15,44.47,36.64,7.83,2023,1,17
O111917,2023-01-17,P0028,C00747,S007,1,453.33,0.0,453.33,253.96,199.37,2023,1,17
O108749,2023-01-17,P0082,C00834,S010,2,28.43,0.0,56.86,43.46,13.4,2023,1,17
O109505,2023-01-17,P0071,C00133,S012,1,9.68,0.0,9.68,7.38,2.3,2023,1,17
O103371,2023-01-17,P0038,C00155,S001,2,42.19,0.2,67.5,58.62,8.88,2023,1,17
O109978,2023-01-17,P0042,C00661,S003,1,9.86,0.1,8.87,6.23,2.64,2023,1,17
O106606,2023-01-17,P0004,C00234,S004,1,29.55,0.0,29.55,14.48,15.07,2023,1,17
O100173,2023-01-17,P0017,C00139,S009,2,25.27,0.15,42.96,35.54,7.42,2023,1,17
O111664,2023-01-17,P0059,C00391,S012,1,10.64,0.1,9.58,7.7,1.88,2023,1,17
O103515,2023-01-17,P0038,C00167,S005,1,42.19,0.0,42.19,29.31,12.88,2023,1,17
O104998,2023-01-18,P0011,C00134,S007,1,713.82,0.0,713.82,451.83,261.99,2023,1,18
O105723,2023-01-18,P0018,C00712,S011,2,34.43,0.0,68.86,52.98,15.88,2023,1,18
O110833,2023-01-18,P0065,C00708,S003,2,776.21,0.05,1474.8,771.08,703.72,2023,1,18
O104408,2023-01-18,P0057,C01182,S010,3,157.4,0.0,472.2,394.83,77.37,2023,1,18
O107655,2023-01-18,P0068,C00426,S003,1,100.31,0.1,90.28,81.38,8.9,2023,1,18
O110110,2023-01-18,P0050,C00493,S002,1,9.87,0.0,9.87,4.74,5.13,2023,1,18
O101407,2023-01-18,P0071,C00450,S009,1,9.68,0.0,9.68,7.38,2.3,2023,1,18
O109233,2023-01-18,P0083,C00010,S002,1,85.03,0.0,85.03,44.79,40.24,2023,1,18
O111424,2023-01-18,P0070,C00367,S005,1,27.07,0.0,27.07,14.25,12.82,2023,1,18
O108336,2023-01-18,P0073,C00047,S004,1,36.7,0.1,33.03,18.22,14.81,2023,1,18
O109395,2023-01-18,P0075,C01093,S008,10,10.1,0.0,101.0,74.9,26.1,2023,1,18
O102558,2023-01-18,P0009,C00207,S012,2,8.02,0.15,13.63,12.18,1.45,2023,1,18
O111304,2023-01-18,P0047,C00387,S012,1,125.46,0.0,125.46,59.9,65.56,2023,1,18
O110241,2023-01-18,P0060,C00336,S012,1,80.71,0.0,80.71,51.25,29.46,2023,1,18
O110396,2023-01-18,P0071,C00044,S012,2,9.68,0.05,18.39,14.76,3.63,2023,1,18
O105330,2023-01-18,P0078,C01045,S005,2,18.31,0.15,31.13,25.68,5.45,2023,1,18
O106833,2023-01-18,P0014,C00159,S006,2,13.14,0.15,22.34,12.26,10.08,2023,1,18
O103637,2023-01-18,P0054,C00955,S003,1,42.97,0.15,36.52,29.12,7.4,2023,1,18
O103357,2023-01-19,P0053,C01051,S007,1,51.37,0.0,51.37,32.27,19.1,2023,1,19
O100926,2023-01-19,P0094,C00117,S004,1,21.21,0.0,21.21,12.17,9.04,2023,1,19
O102132,2023-01-19,P0004,C00678,S010,1,29.55,0.0,29.55,14.48,15.07,2023,1,19
O111122,2023-01-19,P0044,C00064,S006,1,136.64,0.0,136.64,115.68,20.96,2023,1,19
O101054,2023-01-19,P0022,C00854,S005,2,42.03,0.0,84.06,60.28,23.78,2023,1,19
O105822,2023-01-19,P0014,C00146,S005,1,13.14,0.0,13.14,6.13,7.01,2023,1,19
O108212,2023-01-19,P0067,C00704,S008,1,5.57,0.15,4.73,3.25,1.48,2023,1,19
O110062,2023-01-19,P0021,C00136,S010,4,25.8,0.0,103.2,50.28,52.92,2023,1,19
O109937,2023-01-19,P0029,C00379,S011,1,93.75,0.0,93.75,68.76,24.99,2023,1,19
O111199,2023-01-19,P0035,C00873,S005,2,21.89,0.0,43.78,24.5,19.28,2023,1,19
O104212,2023-01-19,P0071,C00207,S001,1,9.68,0.05,9.2,7.38,1.82,2023,1,19
O107940,2023-01-20,P0048,C00584,S002,2,113.33,0.0,226.66,165.1,61.56,2023,1,20
O100092,2023-01-20,P0016,C01016,S007,1,547.4,0.0,547.4,397.41,149.99,2023,1,20
O108427,2023-01-20,P0072,C00686,S012,2,149.26,0.0,298.52,139.02,159.5,2023,1,20
O100007,2023-01-20,P0006,C00284,S012,3,74.01,0.0,222.03,129.24,92.79,2023,1,20
O100012,2023-01-20,P0063,C00441,S010,1,112.94,0.1,101.65,90.69,10.96,2023,1,20
O105809,2023-01-20,P0065,C00277,S006,3,776.21,0.2,1862.9,1156.62,706.28,2023,1,20
O104331,2023-01-20,P0013,C01099,S011,1,45.23,0.0,45.23,24.82,20.41,2023,1,20
O106517,2023-01-20,P0047,C00467,S010,1,125.46,0.0,125.46,59.9,65.56,2023,1,20
O106355,2023-01-20,P0017,C00690,S006,1,25.27,0.0,25.27,17.77,7.5,2023,1,20
O108244,2023-01-20,P0099,C00025,S009,1,5.01,0.0,5.01,2.77,2.24,2023,1,20
O111442,2023-01-20,P0062,C00349,S010,1,39.06,0.05,37.11,17.85,19.26,2023,1,20
O100216,2023-01-21,P0068,C00501,S012,10,100.31,0.1,902.79,813.8,88.99,2023,1,21
O110642,2023-01-21,P0014,C00204,S001,1,13.14,0.1,11.83,6.13,5.7,2023,1,21
O104900,2023-01-21,P0019,C00464,S003,4,138.62,0.0,554.48,272.6,281.88,2023,1,21
O107679,2023-01-21,P0035,C00124,S003,1,21.89,0.1,19.7,12.25,7.45,2023,1,21
O107323,2023-01-21,P0043,C00604,S011,5,11.09,0.1,49.9,29.05,20.85,2023,1,21
O104930,2023-01-21,P0082,C00581,S012,2,28.43,0.1,51.17,43.46,7.71,2023,1,21
O110418,2023-01-21,P0090,C00637,S010,1,575.16,0.1,517.64,375.73,141.91,2023,1,21
O104959,2023-01-21,P0046,C01074,S009,1,69.45,0.05,65.98,42.58,23.4,2023,1,21
O101697,2023-01-21,P0072,C00479,S007,1,149.26,0.0,149.26,69.51,79.75,2023,1,21
O105385,2023-01-21,P0049,C00490,S004,2,366.28,0.2,586.05,345.42,240.63,2023,1,21
O107876,2023-01-21,P0086,C00574,S002,2,310.61,0.0,621.22,319.38,301.84,2023,1,21
O109329,2023-01-21,P0008,C00715,S008,5,22.28,0.05,105.83,55.7,50.13,2023,1,21
O101169,2023-01-21,P0090,C00028,S003,1,575.16,0.0,575.16,375.73,199.43,2023,1,21
O107867,2023-01-21,P0097,C00557,S009,2,8.15,0.05,15.48,10.98,4.5,2023,1,21
O110437,2023-01-21,P0069,C00099,S008,2,85.27,0.1,153.49,131.72,21.77,2023,1,21
O107813,2023-01-22,P0093,C00281,S007,1,13.08,0.0,13.08,9.16,3.92,2023,1,22
O108903,2023-01-22,P0078,C00070,S006,1,18.31,0.05,17.39,12.84,4.55,2023,1,22
O104203,2023-01-22,P0077,C00317,S011,2,130.07,0.0,260.14,215.3,44.84,2023,1,22
O107712,2023-01-22,P0058,C00626,S001,2,123.22,0.1,221.8,118.94,102.86,2023,1,22
O100526,2023-01-22,P0003,C01014,S003,2,44.76,0.0,89.52,66.28,23.24,2023,1,22
O104317,2023-01-22,P0090,C00958,S002,1,575.16,0.05,546.4,375.73,170.67,2023,1,22
O102438,2023-01-22,P0087,C00587,S004,3,463.9,0.0,1391.7,760.95,630.75,2023,1,22
O103620,2023-01-22,P0036,C00403,S004,1,15.34,0.05,14.57,8.29,6.28,2023,1,22
O101067,2023-01-22,P0019,C00672,S010,1,138.62,0.0,138.62,68.15,70.47,2023,1,22
O109284,2023-01-22,P0069,C00185,S005,2,85.27,0.0,170.54,131.72,38.82,2023,1,22
O103674,2023-01-22,P0050,C00242,S002,1,9.87,0.0,9.87,4.74,5.13,2023,1,22
O110009,2023-01-22,P0081,C00066,S011,1,143.09,0.0,143.09,110.0,33.09,2023,1,22
O106510,2023-01-22,P0048,C00708,S010,1,113.33,0.0,113.33,82.55,30.78,2023,1,22
O103355,2023-01-22,P0096,C00293,S011,2,63.84,0.0,127.68,70.1,57.58,2023,1,22
O111108,2023-01-22,P0039,C00713,S003,2,47.6,0.1,85.68,65.06,20.62,2023,1,22
O109419,2023-01-22,P0006,C00344,S005,1,74.01,0.0,74.01,43.08,30.93,2023,1,22
O111252,2023-01-22,P0088,C00965,S006,3,5.57,0.2,13.37,12.93,0.44,2023,1,22
O107157,2023-01-22,P0039,C00245,S006,5,47.6,0.0,238.0,162.65,75.35,2023,1,22
O102401,2023-01-22,P0002,C00098,S011,2,130.95,0.0,261.9,200.12,61.78,2023,1,22
O104901,2023-01-22,P0097,C00031,S007,1,8.15,0.05,7.74,5.49,2.25,2023,1,22
O102377,2023-01-22,P0065,C00099,S012,1,776.21,0.05,737.4,385.54,351.86,2023,1,22
O102076,2023-01-22,P0099,C00070,S005,1,5.01,0.1,4.51,2.77,1.74,2023,1,22
O110889,2023-01-22,P0029,C01021,S007,2,93.75,0.0,187.5,137.52,49.98,2023,1,22
O110560,2023-01-22,P0011,C00960,S008,1,713.82,0.0,713.82,451.83,261.99,2023,1,22
O100522,2023-01-23,P0049,C00410,S012,1,366.28,0.15,311.34,172.71,138.63,2023,1,23
O106430,2023-01-23,P0011,C00838,S008,3,713.82,0.0,2141.46,1355.49,785.97,2023,1,23
O105495,2023-01-23,P0016,C00561,S009,1,547.4,0.05,520.03,397.41,122.62,2023,1,23
O107220,2023-01-23,P0030,C00394,S003,1,41.4,0.0,41.4,25.21,16.19,2023,1,23
O105771,2023-01-23,P0004,C00816,S003,2,29.55,0.05,56.14,28.96,27.18,2023,1,23
O101572,2023-01-23,P0086,C00739,S006,1,310.61,0.0,310.61,159.69,150.92,2023,1,23
O109657,2023-01-23,P0005,C00012,S002,5,15.5,0.05,73.62,60.35,13.27,2023,1,23
O109323,2023-01-23,P0084,C01167,S005,1,17.53,0.0,17.53,14.11,3.42,2023,1,23
O102245,2023-01-23,P0025,C00908,S003,1,18.6,0.0,18.6,14.09,4.51,2023,1,23
O108155,2023-01-23,P0045,C01150,S012,2,131.19,0.0,262.38,213.76,48.62,2023,1,23
O103177,2023-01-23,P0062,C00602,S002,1,39.06,0.0,39.06,17.85,21.21,2023,1,23
O108559,2023-01-23,P0020,C00758,S001,1,30.45,0.0,30.45,20.59,9.86,2023,1,23
O103931,2023-01-23,P0068,C00321,S003,3,100.31,0.05,285.88,244.14,41.74,2023,1,23
O111588,2023-01-24,P0058,C00556,S001,1,123.22,0.0,123.22,59.47,63.75,2023,1,24
O100027,2023-01-24,P0009,C00522,S006,2,8.02,0.05,15.24,12.18,3.06,2023,1,24
O100268,2023-01-24,P0086,C00020,S008,1,310.61,0.05,295.08,159.69,135.39,2023,1,24
O104973,2023-01-24,P0044,C00105,S003,1,136.64,0.0,136.64,115.68,20.96,2023,1,24
O111456,2023-01-24,P0096,C00236,S001,3,63.84,0.05,181.94,105.15,76.79,2023,1,24
O109274,2023-01-24,P0033,C00589,S007,2,47.81,0.0,95.62,62.42,33.2,2023,1,24
O101671,2023-01-24,P0090,C00046,S006,1,575.16,0.0,575.16,375.73,199.43,2023,1,24
O108584,2023-01-24,P0097,C01089,S004,1,8.15,0.0,8.15,5.49,2.66,2023,1,24
O103216,2023-01-24,P0032,C00608,S003,4,62.15,0.0,248.6,181.16,67.44,2023,1,24
O110936,2023-01-24,P0077,C00817,S008,1,130.07,0.0,130.07,107.65,22.42,2023,1,24
O109223,2023-01-24,P0012,C00547,S010,1,88.36,0.05,83.94,62.9,21.04,2023,1,24
O110923,2023-01-24,P0017,C01081,S009,3,25.27,0.0,75.81,53.31,22.5,2023,1,24
O103156,2023-01-24,P0055,C00985,S012,1,24.74,0.0,24.74,17.48,7.26,2023,1,24
O110164,2023-01-24,P0030,C00895,S004,1,41.4,0.15,35.19,25.21,9.98,2023,1,24
O107976,2023-01-24,P0006,C00581,S008,1,74.01,0.0,74.01,43.08,30.93,2023,1,24
O111273,2023-01-24,P0095,C00191,S009,1,118.84,0.0,118.84,78.17,40.67,2023,1,24
O105886,2023-01-24,P0029,C01100,S012,2,93.75,0.05,178.12,137.52,40.6,2023,1,24
O100740,2023-01-24,P0063,C00170,S003,5,112.94,0.0,564.7,453.45,111.25,2023,1,24
O104132,2023-01-24,P0080,C00693,S010,1,20.59,0.05,19.56,13.94,5.62,2023,1,24
O102894,2023-01-24,P0018,C00318,S001,1,34.43,0.05,32.71,26.49,6.22,2023,1,24
O106452,2023-01-24,P0077,C00185,S008,1,130.07,0.0,130.07,107.65,22.42,2023,1,24
O105975,2023-01-24,P0032,C00680,S008,2,62.15,0.0,124.3,90.58,33.72,2023,1,24
O105964,2023-01-24,P0066,C00331,S001,1,105.53,0.0,105.53,58.77,46.76,2023,1,24
O105716,2023-01-25,P0046,C00417,S010,2,69.45,0.0,138.9,85.16,53.74,2023,1,25
O110722,2023-01-25,P0038,C00764,S002,1,42.19,0.0,42.19,29.31,12.88,2023,1,25
O107036,2023-01-25,P0063,C01072,S005,1,112.94,0.0,112.94,90.69,22.25,2023,1,25
O102449,2023-01-25,P0016,C01041,S001,2,547.4,0.0,1094.8,794.82,299.98,2023,1,25
O106363,2023-01-25,P0033,C00254,S010,2,47.81,0.0,95.62,62.42,33.2,2023,1,25
O108614,2023-01-25,P0045,C00044,S008,3,131.19,0.0,393.57,320.64,72.93,2023,1,25
O100032,2023-01-25,P0074,C01115,S004,5,106.15,0.0,530.75,346.2,184.55,2023,1,25
O109314,2023-01-25,P0069,C00326,S007,2,85.27,0.1,153.49,131.72,21.77,2023,1,25
O109561,2023-01-25,P0090,C00276,S012,1,575.16,0.0,575.16,375.73,199.43,2023,1,25
O106031,2023-01-25,P0049,C00095,S002,1,366.28,0.0,366.28,172.71,193.57,2023,1,25
O109488,2023-01-25,P0032,C00464,S007,1,62.15,0.0,62.15,45.29,16.86,2023,1,25
O101100,2023-01-25,P0064,C00500,S007,1,12.06,0.0,12.06,5.48,6.58,2023,1,25
O108897,2023-01-25,P0050,C00709,S012,4,9.87,0.2,31.58,18.96,12.62,2023,1,25
O108931,2023-01-25,P0031,C00769,S002,1,104.43,0.0,104.43,64.18,40.25,2023,1,25
O108748,2023-01-25,P0020,C01111,S002,3,30.45,0.05,86.78,61.77,25.01,2023,1,25
O102729,2023-01-25,P0011,C00635,S001,2,713.82,0.0,1427.64,903.66,523.98,2023,1,25
O107781,2023-01-25,P0053,C00246,S001,3,51.37,0.2,123.29,96.81,26.48,2023,1,25
O104608,2023-01-25,P0019,C00665,S005,10,138.62,0.0,1386.2,681.5,704.7,2023,1,25
O104084,2023-01-25,P0088,C00247,S012,1,5.57,0.0,5.57,4.31,1.26,2023,1,25
O108408,2023-01-25,P0070,C00334,S006,4,27.07,0.0,108.28,57.0,51.28,2023,1,25
O107440,2023-01-25,P0018,C00966,S010,3,34.43,0.1,92.96,79.47,13.49,2023,1,25
O108431,2023-01-25,P0072,C00653,S007,3,149.26,0.0,447.78,208.53,239.25,2023,1,25
O104940,2023-01-25,P0036,C00028,S008,1,15.34,0.05,14.57,8.29,6.28,2023,1,25
O100325,2023-01-25,P0044,C00501,S011,1,136.64,0.15,116.14,115.68,0.46,2023,1,25
O107914,2023-01-25,P0051,C00587,S011,1,32.14,0.1,28.93,16.02,12.91,2023,1,25
O108511,2023-01-25,P0100,C01154,S004,1,142.46,0.1,128.21,91.14,37.07,2023,1,25
O100646,2023-01-26,P0034,C00285,S001,1,84.19,0.0,84.19,69.04,15.15,2023,1,26
O105251,2023-01-26,P0003,C00901,S003,1,44.76,0.0,44.76,33.14,11.62,2023,1,26
O103134,2023-01-26,P0076,C00103,S010,1,301.81,0.05,286.72,247.89,38.83,2023,1,26
O108306,2023-01-26,P0037,C00758,S008,2,61.48,0.0,122.96,96.2,26.76,2023,1,26
O104484,2023-01-26,P0040,C00934,S012,2,25.25,0.1,45.45,33.06,12.39,2023,1,26
O108131,2023-01-26,P0027,C00426,S007,2,55.97,0.0,111.94,59.14,52.8,2023,1,26
O109555,2023-01-26,P0028,C00536,S003,1,453.33,0.0,453.33,253.96,199.37,2023,1,26
O100308,2023-01-26,P0094,C00973,S009,2,21.21,0.0,42.42,24.34,18.08,2023,1,26
O103909,2023-01-26,P0001,C00477,S003,1,132.87,0.0,132.87,107.4,25.47,2023,1,26
O105007,2023-01-26,P0002,C00162,S012,2,130.95,0.1,235.71,200.12,35.59,2023,1,26
O107636,2023-01-26,P0077,C01186,S010,1,130.07,0.0,130.07,107.65,22.42,2023,1,26
O106543,2023-01-27,P0013,C00772,S002,1,45.23,0.0,45.23,24.82,20.41,2023,1,27
O110742,2023-01-27,P0097,C00832,S006,2,8.15,0.15,13.86,10.98,2.88,2023,1,27
O111849,2023-01-27,P0020,C00688,S011,1,30.45,0.15,25.88,20.59,5.29,2023,1,27
O106569,2023-01-27,P0086,C01172,S012,1,310.61,0.0,310.61,159.69,150.92,2023,1,27
O108347,2023-01-27,P0009,C00043,S010,1,8.02,0.0,8.02,6.09,1.93,2023,1,27
O111390,2023-01-27,P0071,C00826,S002,2,9.68,0.05,18.39,14.76,3.63,2023,1,27
O101387,2023-01-27,P0091,C00039,S012,1,35.24,0.0,35.24,18.67,16.57,2023,1,27
O104721,2023-01-27,P0060,C00603,S010,2,80.71,0.0,161.42,102.5,58.92,2023,1,27
O110780,2023-01-27,P0014,C00208,S006,1,13.14,0.0,13.14,6.13,7.01,2023,1,27
O104349,2023-01-27,P0051,C00599,S012,1,32.14,0.0,32.14,16.02,16.12,2023,1,27
O100390,2023-01-27,P0079,C01013,S011,2,120.53,0.0,241.06,186.2,54.86,2023,1,27
O107032,2023-01-27,P0092,C00272,S002,4,41.48,0.0,165.92,101.64,64.28,2023,1,27
O106673,2023-01-27,P0100,C00502,S002,1,142.46,0.15,121.09,91.14,29.95,2023,1,27
O104205,2023-01-27,P0031,C00257,S005,3,104.43,0.0,313.29,192.54,120.75,2023,1,27
O110165,2023-01-27,P0085,C00084,S001,1,34.17,0.05,32.46,27.5,4.96,2023,1,27
O102583,2023-01-27,P0076,C00623,S009,1,301.81,0.0,301.81,247.89,53.92,2023,1,27
O101817,2023-01-27,P0091,C00922,S010,1,35.24,0.1,31.72,18.67,13.05,2023,1,27
O106807,2023-01-27,P0001,C00562,S009,1,132.87,0.0,132.87,107.4,25.47,2023,1,27
O111998,2023-01-27,P0008,C00626,S001,2,22.28,0.0,44.56,22.28,22.28,2023,1,27
O104502,2023-01-27,P0010,C00087,S005,1,14.81,0.0,14.81,12.15,2.66,2023,1,27
O111717,2023-01-27,P0099,C00230,S006,1,5.01,0.05,4.76,2.77,1.99,2023,1,27
O103075,2023-01-27,P0091,C00779,S011,2,35.24,0.05,66.96,37.34,29.62,2023,1,27
O103121,2023-01-27,P0023,C00511,S009,2,818.22,0.0,1636.44,1260.3,376.14,2023,1,27
O106087,2023-01-27,P0097,C00417,S006,2,8.15,0.1,14.67,10.98,3.69,2023,1,27
O107143,2023-01-27,P0005,C00599,S004,1,15.5,0.05,14.72,12.07,2.65,2023,1,27
O110719,2023-01-28,P0003,C01060,S009,1,44.76,0.0,44.76,33.14,11.62,2023,1,28
O105600,2023-01-28,P0023,C00578,S012,1,818.22,0.05,777.31,630.15,147.16,2023,1,28
O110556,2023-01-28,P0005,C00704,S001,10,15.5,0.1,139.5,120.7,18.8,2023,1,28
O100056,2023-01-28,P0074,C01106,S011,1,106.15,0.1,95.54,69.24,26.3,2023,1,28
O100892,2023-01-28,P0100,C01199,S002,1,142.46,0.0,142.46,91.14,51.32,2023,1,28
O100776,2023-01-28,P0067,C00509,S010,2,5.57,0.05,10.58,6.5,4.08,2023,1,28
O108802,2023-01-28,P0044,C01025,S010,10,136.64,0.0,1366.4,1156.8,209.6,2023,1,28
O111076,2023-01-28,P0086,C00438,S004,1,310.61,0.0,310.61,159.69,150.92,2023,1,28
O106564,2023-01-28,P0065,C00157,S005,1,776.21,0.0,776.21,385.54,390.67,2023,1,28
O103834,2023-01-28,P0062,C00174,S012,1,39.06,0.15,33.2,17.85,15.35,2023,1,28
O111023,2023-01-28,P0046,C00592,S011,1,69.45,0.0,69.45,42.58,26.87,2023,1,28
O111133,2023-01-28,P0007,C00298,S005,2,99.07,0.0,198.14,149.42,48.72,2023,1,28
O103832,2023-01-29,P0031,C00742,S001,1,104.43,0.0,104.43,64.18,40.25,2023,1,29
O101240,2023-01-29,P0058,C00073,S006,1,123.22,0.15,104.74,59.47,45.27,2023,1,29
O103960,2023-01-29,P0021,C00702,S007,1,25.8,0.15,21.93,12.57,9.36,2023,1,29
O107339,2023-01-29,P0045,C00772,S002,1,131.19,0.1,118.07,106.88,11.19,2023,1,29
O104355,2023-01-29,P0008,C00157,S009,1,22.28,0.0,22.28,11.14,11.14,2023,1,29
O108836,2023-01-29,P0075,C01122,S003,1,10.1,0.0,10.1,7.49,2.61,2023,1,29
O106114,2023-01-29,P0001,C00067,S011,1,132.87,0.0,132.87,107.4,25.47,2023,1,29
O102681,2023-01-29,P0095,C00485,S010,1,118.84,0.0,118.84,78.17,40.67,2023,1,29
O100322,2023-01-29,P0024,C00067,S008,1,722.65,0.0,722.65,423.58,299.07,2023,1,29
O107237,2023-01-29,P0080,C00201,S001,1,20.59,0.0,20.59,13.94,6.65,2023,1,29
O107467,2023-01-29,P0004,C00035,S007,1,29.55,0.0,29.55,14.48,15.07,2023,1,29
O104713,2023-01-29,P0092,C00206,S009,1,41.48,0.05,39.41,25.41,14.0,2023,1,29
O100975,2023-01-29,P0015,C00186,S012,1,36.03,0.0,36.03,18.61,17.42,2023,1,29
O103127,2023-01-29,P0011,C00903,S002,1,713.82,0.0,713.82,451.83,261.99,2023,1,29
O109016,2023-01-29,P0058,C01196,S004,3,123.22,0.0,369.66,178.41,191.25,2023,1,29
O101458,2023-01-30,P0079,C00756,S011,2,120.53,0.0,241.06,186.2,54.86,2023,1,30
O105953,2023-01-30,P0032,C00035,S010,1,62.15,0.15,52.83,45.29,7.54,2023,1,30
O111583,2023-01-30,P0061,C00879,S003,2,86.94,0.05,165.19,92.8,72.39,2023,1,30
O105308,2023-01-30,P0042,C00839,S011,5,9.86,0.1,44.37,31.15,13.22,2023,1,30
O105524,2023-01-30,P0002,C00225,S012,4,130.95,0.2,419.04,400.24,18.8,2023,1,30
O108479,2023-01-30,P0016,C00429,S011,1,547.4,0.0,547.4,397.41,149.99,2023,1,30
O107042,2023-01-30,P0072,C00631,S009,2,149.26,0.0,298.52,139.02,159.5,2023,1,30
O103519,2023-01-30,P0002,C00278,S008,1,130.95,0.15,111.31,100.06,11.25,2023,1,30
O106675,2023-01-30,P0069,C01158,S007,1,85.27,0.0,85.27,65.86,19.41,2023,1,30
O103397,2023-01-30,P0016,C01035,S007,1,547.4,0.0,547.4,397.41,149.99,2023,1,30
O106672,2023-01-30,P0011,C00471,S002,1,713.82,0.0,713.82,451.83,261.99,2023,1,30
O108307,2023-01-30,P0031,C00493,S003,1,104.43,0.05,99.21,64.18,35.03,2023,1,30
O104859,2023-01-30,P0044,C00009,S001,3,136.64,0.0,409.92,347.04,62.88,2023,1,30
O100088,2023-01-30,P0091,C00847,S004,1,35.24,0.0,35.24,18.67,16.57,2023,1,30
O104058,2023-01-31,P0057,C00100,S009,1,157.4,0.0,157.4,131.61,25.79,2023,1,31
O101340,2023-01-31,P0028,C00969,S006,1,453.33,0.1,408.0,253.96,154.04,2023,1,31
O104160,2023-01-31,P0038,C00382,S007,2,42.19,0.0,84.38,58.62,25.76,2023,1,31
O103224,2023-01-31,P0091,C00683,S001,1,35.24,0.05,33.48,18.67,14.81,2023,1,31
O104031,2023-01-31,P0059,C00514,S006,1,10.64,0.0,10.64,7.7,2.94,2023,1,31
O100719,2023-01-31,P0083,C00355,S006,3,85.03,0.05,242.34,134.37,107.97,2023,1,31
O103214,2023-01-31,P0003,C00515,S005,2,44.76,0.05,85.04,66.28,18.76,2023,1,31
O102596,2023-01-31,P0091,C00610,S011,1,35.24,0.0,35.24,18.67,16.57,2023,1,31
O103290,2023-01-31,P0080,C00538,S001,2,20.59,0.0,41.18,27.88,13.3,2023,1,31
O106662,2023-01-31,P0007,C00312,S011,1,99.07,0.05,94.12,74.71,19.41,2023,1,31
O110716,2023-01-31,P0068,C00147,S008,2,100.31,0.0,200.62,162.76,37.86,2023,1,31
O100509,2023-01-31,P0065,C00180,S008,1,776.21,0.0,776.21,385.54,390.67,2023,1,31
O111024,2023-01-31,P0088,C00831,S004,2,5.57,0.0,11.14,8.62,2.52,2023,1,31
O110077,2023-01-31,P0079,C00299,S004,3,120.53,0.0,361.59,279.3,82.29,2023,1,31
O108596,2023-01-31,P0081,C00620,S004,1,143.09,0.0,143.09,110.0,33.09,2023,1,31
O111764,2023-01-31,P0050,C00380,S006,1,9.87,0.0,9.87,4.74,5.13,2023,1,31
O111317,2023-01-31,P0011,C00612,S004,2,713.82,0.1,1284.88,903.66,381.22,2023,1,31
O107281,2023-01-31,P0016,C00372,S009,2,547.4,0.0,1094.8,794.82,299.98,2023,1,31
O105876,2023-01-31,P0047,C00804,S006,2,125.46,0.1,225.83,119.8,106.03,2023,1,31
O111366,2023-01-31,P0029,C00402,S005,1,93.75,0.0,93.75,68.76,24.99,2023,1,31
O100498,2023-01-31,P0097,C00975,S009,1,8.15,0.0,8.15,5.49,2.66,2023,1,31
O109040,2023-02-01,P0034,C00813,S001,1,84.19,0.0,84.19,69.04,15.15,2023,2,1
O105295,2023-02-01,P0060,C00313,S012,2,80.71,0.0,161.42,102.5,58.92,2023,2,1
O111282,2023-02-01,P0037,C00620,S004,2,61.48,0.0,122.96,96.2,26.76,2023,2,1
O107366,2023-02-01,P0060,C00838,S006,1,80.71,0.0,80.71,51.25,29.46,2023,2,1
O100196,2023-02-01,P0073,C01011,S001,1,36.7,0.0,36.7,18.22,18.48,2023,2,1
O109704,2023-02-01,P0060,C00710,S010,1,80.71,0.0,80.71,51.25,29.46,2023,2,1
O111775,2023-02-01,P0074,C00470,S008,3,106.15,0.1,286.61,207.72,78.89,2023,2,1
O108536,2023-02-01,P0013,C00018,S005,2,45.23,0.0,90.46,49.64,40.82,2023,2,1
O108571,2023-02-01,P0069,C00272,S009,1,85.27,0.0,85.27,65.86,19.41,2023,2,1
O108788,2023-02-01,P0095,C01200,S006,1,118.84,0.0,118.84,78.17,40.67,2023,2,1
O103682,2023-02-01,P0074,C01050,S005,4,106.15,0.05,403.37,276.96,126.41,2023,2,1
O108750,2023-02-01,P0035,C00177,S004,1,21.89,0.1,19.7,12.25,7.45,2023,2,1
O110723,2023-02-01,P0085,C00437,S007,1,34.17,0.0,34.17,27.5,6.67,2023,2,1
O104495,2023-02-01,P0059,C00156,S009,1,10.64,0.0,10.64,7.7,2.94,2023,2,1
O105994,2023-02-01,P0010,C00589,S002,1,14.81,0.1,13.33,12.15,1.18,2023,2,1
O108784,2023-02-02,P0008,C00809,S002,1,22.28,0.0,22.28,11.14,11.14,2023,2,2
O109795,2023-02-02,P0062,C01034,S009,1,39.06,0.0,39.06,17.85,21.21,2023,2,2
O100742,2023-02-02,P0057,C00756,S012,1,157.4,0.0,157.4,131.61,25.79,2023,2,2
O109860,2023-02-02,P0098,C00751,S003,1,37.83,0.15,32.16,29.0,3.16,2023,2,2
O102625,2023-02-02,P0009,C00568,S002,2,8.02,0.1,14.44,12.18,2.26,2023,2,2
O103776,2023-02-02,P0067,C01033,S011,1,5.57,0.0,5.57,3.25,2.32,2023,2,2
O100772,2023-02-02,P0084,C00789,S001,3,17.53,0.0,52.59,42.33,10.26,2023,2,2
O110581,2023-02-02,P0028,C00809,S004,4,453.33,0.0,1813.32,1015.84,797.48,2023,2,2
O102055,2023-02-02,P0089,C00946,S009,1,39.28,0.0,39.28,18.15,21.13,2023,2,2
O104346,2023-02-02,P0046,C01158,S003,2,69.45,0.0,138.9,85.16,53.74,2023,2,2
O102884,2023-02-02,P0050,C00560,S002,1,9.87,0.0,9.87,4.74,5.13,2023,2,2
O103199,2023-02-02,P0038,C00225,S008,1,42.19,0.0,42.19,29.31,12.88,2023,2,2
O107935,2023-02-02,P0009,C01081,S007,1,8.02,0.0,8.02,6.09,1.93,2023,2,2
O105458,2023-02-02,P0045,C00258,S005,1,131.19,0.0,131.19,106.88,24.31,2023,2,2
O101435,2023-02-02,P0004,C00996,S004,1,29.55,0.2,23.64,14.48,9.16,2023,2,2
O106468,2023-02-02,P0091,C00823,S009,3,35.24,0.1,95.15,56.01,39.14,2023,2,2
O104161,2023-02-03,P0045,C00208,S001,1,131.19,0.0,131.19,106.88,24.31,2023,2,3
O109745,2023-02-03,P0010,C00077,S012,4,14.81,0.0,59.24,48.6,10.64,2023,2,3
O103040,2023-02-03,P0053,C00475,S005,1,51.37,0.0,51.37,32.27,19.1,2023,2,3
O103073,2023-02-03,P0053,C00506,S004,1,51.37,0.0,51.37,32.27,19.1,2023,2,3
O102696,2023-02-03,P0057,C00171,S009,1,157.4,0.0,157.4,131.61,25.79,2023,2,3
O110135,2023-02-03,P0015,C00273,S010,1,36.03,0.0,36.03,18.61,17.42,2023,2,3
O106171,2023-02-03,P0061,C00755,S004,1,86.94,0.1,78.25,46.4,31.85,2023,2,3
O105858,2023-02-03,P0078,C01094,S006,2,18.31,0.0,36.62,25.68,10.94,2023,2,3
O110717,2023-02-03,P0065,C00564,S001,1,776.21,0.1,698.59,385.54,313.05,2023,2,3
O106016,2023-02-03,P0041,C00466,S009,2,246.7,0.1,444.06,269.46,174.6,2023,2,3
O104515,2023-02-03,P0061,C00512,S008,2,86.94,0.1,156.49,92.8,63.69,2023,2,3
O100350,2023-02-04,P0059,C00651,S001,4,10.64,0.0,42.56,30.8,11.76,2023,2,4
O104319,2023-02-04,P0063,C00132,S006,1,112.94,0.1,101.65,90.69,10.96,2023,2,4
O105474,2023-02-04,P0036,C00584,S007,1,15.34,0.0,15.34,8.29,7.05,2023,2,4
O105281,2023-02-04,P0013,C00876,S012,1,45.23,0.05,42.97,24.82,18.15,2023,2,4
O104089,2023-02-04,P0099,C00664,S004,1,5.01,0.0,5.01,2.77,2.24,2023,2,4
O109852,2023-02-04,P0004,C00100,S007,1,29.55,0.0,29.55,14.48,15.07,2023,2,4
O111669,2023-02-04,P0073,C00258,S007,1,36.7,0.0,36.7,18.22,18.48,2023,2,4
O104945,2023-02-04,P0087,C01088,S010,2,463.9,0.0,927.8,507.3,420.5,2023,2,4
O103279,2023-02-04,P0015,C00542,S008,2,36.03,0.0,72.06,37.22,34.84,2023,2,4
O101638,2023-02-04,P0090,C00092,S010,3,575.16,0.0,1725.48,1127.19,598.29,2023,2,4
O103969,2023-02-04,P0093,C00548,S008,1,13.08,0.0,13.08,9.16,3.92,2023,2,4
O104606,2023-02-04,P0045,C00214,S011,2,131.19,0.0,262.38,213.76,48.62,2023,2,4
O108913,2023-02-04,P0031,C00628,S011,1,104.43,0.0,104.43,64.18,40.25,2023,2,4
O106764,2023-02-04,P0092,C00831,S010,1,41.48,0.0,41.48,25.41,16.07,2023,2,4
O105635,2023-02-05,P0012,C00100,S008,1,88.36,0.05,83.94,62.9,21.04,2023,2,5
O108821,2023-02-05,P0087,C00123,S009,2,463.9,0.0,927.8,507.3,420.5,2023,2,5
O108561,2023-02-05,P0070,C00402,S003,3,27.07,0.1,73.09,42.75,30.34,2023,2,5
O101235,2023-02-05,P0068,C00636,S006,2,100.31,0.0,200.62,162.76,37.86,2023,2,5
O100945,2023-02-05,P0072,C00208,S008,1,149.26,0.0,149.26,69.51,79.75,2023,2,5
O106677,2023-02-05,P0047,C00942,S005,1,125.46,0.0,125.46,59.9,65.56,2023,2,5
O106755,2023-02-05,P0053,C00567,S005,1,51.37,0.0,51.37,32.27,19.1,2023,2,5
O101731,2023-02-05,P0098,C00901,S004,1,37.83,0.0,37.83,29.0,8.83,2023,2,5
O111005,2023-02-05,P0081,C00674,S003,2,143.09,0.0,286.18,220.0,66.18,2023,2,5
O110598,2023-02-05,P0084,C00259,S006,5,17.53,0.0,87.65,70.55,17.1,2023,2,5
O101542,2023-02-05,P0094,C01132,S012,1,21.21,0.0,21.21,12.17,9.04,2023,2,5
O108356,2023-02-05,P0087,C00551,S006,2,463.9,0.0,927.8,507.3,420.5,2023,2,5
O101991,2023-02-06,P0049,C00287,S001,3,366.28,0.0,1098.84,518.13,580.71,2023,2,6
O103568,2023-02-06,P0051,C00229,S003,1,32.14,0.0,32.14,16.02,16.12,2023,2,6
O104193,2023-02-06,P0096,C00922,S005,2,63.84,0.1,114.91,70.1,44.81,2023,2,6
O107585,2023-02-06,P0085,C01145,S002,2,34.17,0.0,68.34,55.0,13.34,2023,2,6
O104180,2023-02-06,P0096,C00828,S010,1,63.84,0.0,63.84,35.05,28.79,2023,2,6
O111700,2023-02-06,P0043,C01165,S006,1,11.09,0.1,9.98,5.81,4.17,2023,2,6
O107947,2023-02-06,P0049,C01136,S008,1,366.28,0.1,329.65,172.71,156.94,2023,2,6
O105728,2023-02-06,P0073,C00934,S009,1,36.7,0.1,33.03,18.22,14.81,2023,2,6
O108440,2023-02-06,P0061,C00527,S010,1,86.94,0.0,86.94,46.4,40.54,2023,2,6
O107808,2023-02-06,P0033,C00995,S011,2,47.81,0.0,95.62,62.42,33.2,2023,2,6
O104310,2023-02-06,P0098,C00899,S010,2,37.83,0.0,75.66,58.0,17.66,2023,2,6
O106082,2023-02-06,P0075,C00094,S004,1,10.1,0.0,10.1,7.49,2.61,2023,2,6
O104771,2023-02-06,P0077,C00299,S012,1,130.07,0.0,130.07,107.65,22.42,2023,2,6
O104929,2023-02-06,P0044,C00660,S004,1,136.64,0.0,136.64,115.68,20.96,2023,2,6
O111926,2023-02-06,P0026,C00216,S004,1,325.3,0.0,325.3,181.38,143.92,2023,2,6
O107675,2023-02-06,P0092,C01190,S001,1,41.48,0.05,39.41,25.41,14.0,2023,2,6
O105732,2023-02-07,P0010,C00263,S004,5,14.81,0.0,74.05,60.75,13.3,2023,2,7
O104412,2023-02-07,P0002,C00980,S001,1,130.95,0.0,130.95,100.06,30.89,2023,2,7
O109475,2023-02-07,P0089,C00796,S003,2,39.28,0.15,66.78,36.3,30.48,2023,2,7
O100606,2023-02-07,P0064,C00338,S003,5,12.06,0.1,54.27,27.4,26.87,2023,2,7
O111098,2023-02-07,P0051,C00504,S002,5,32.14,0.0,160.7,80.1,80.6,2023,2,7
O103365,2023-02-07,P0057,C00440,S001,1,157.4,0.0,157.4,131.61,25.79,2023,2,7
O109352,2023-02-07,P0002,C00418,S012,3,130.95,0.0,392.85,300.18,92.67,2023,2,7
O100230,2023-02-07,P0057,C00656,S006,1,157.4,0.15,133.79,131.61,2.18,2023,2,7
O110505,2023-02-07,P0078,C01170,S010,2,18.31,0.2,29.3,25.68,3.62,2023,2,7
O101766,2023-02-07,P0004,C00648,S006,1,29.55,0.1,26.6,14.48,12.12,2023,2,7
O109580,2023-02-07,P0081,C00089,S001,1,143.09,0.0,143.09,110.0,33.09,2023,2,7
O105043,2023-02-07,P0003,C01098,S012,2,44.76,0.0,89.52,66.28,23.24,2023,2,7
O102967,2023-02-07,P0059,C00858,S010,1,10.64,0.05,10.11,7.7,2.41,2023,2,7
O110104,2023-02-07,P0072,C00810,S011,1,149.26,0.15,126.87,69.51,57.36,2023,2,7
O109821,2023-02-07,P0001,C00581,S008,1,132.87,0.15,112.94,107.4,5.54,2023,2,7
O105432,2023-02-07,P0077,C00347,S006,1,130.07,0.1,117.06,107.65,9.41,2023,2,7
O102734,2023-02-08,P0025,C00964,S011,1,18.6,0.0,18.6,14.09,4.51,2023,2,8
O104052,2023-02-08,P0032,C00016,S005,3,62.15,0.0,186.45,135.87,50.58,2023,2,8
O108597,2023-02-08,P0036,C00409,S005,5,15.34,0.0,76.7,41.45,35.25,2023,2,8
O109621,2023-02-08,P0080,C00747,S002,2,20.59,0.1,37.06,27.88,9.18,2023,2,8
O111667,2023-02-08,P0003,C01187,S002,2,44.76,0.0,89.52,66.28,23.24,2023,2,8
O111888,2023-02-08,P0051,C00997,S001,1,32.14,0.0,32.14,16.02,16.12,2023,2,8
O101086,2023-02-08,P0027,C00254,S003,1,55.97,0.0,55.97,29.57,26.4,2023,2,8
O110956,2023-02-08,P0054,C00087,S012,1,42.97,0.0,42.97,29.12,13.85,2023,2,8
O100903,2023-02-08,P0036,C01020,S003,3,15.34,0.0,46.02,24.87,21.15,2023,2,8
O107591,2023-02-08,P0070,C00459,S006,1,27.07,0.0,27.07,14.25,12.82,2023,2,8
O107027,2023-02-08,P0022,C01143,S012,1,42.03,0.0,42.03,30.14,11.89,2023,2,8
O109761,2023-02-09,P0061,C00967,S011,5,86.94,0.05,412.96,232.0,180.96,2023,2,9
O105081,2023-02-09,P0054,C00708,S001,1,42.97,0.0,42.97,29.12,13.85,2023,2,9
O102127,2023-02-09,P0086,C00074,S005,1,310.61,0.0,310.61,159.69,150.92,2023,2,9
O107660,2023-02-09,P0096,C00751,S010,1,63.84,0.0,63.84,35.05,28.79,2023,2,9
O110143,2023-02-09,P0078,C01184,S001,2,18.31,0.05,34.79,25.68,9.11,2023,2,9
O106642,2023-02-09,P0030,C00149,S006,2,41.4,0.0,82.8,50.42,32.38,2023,2,9
O100667,2023-02-09,P0063,C00814,S003,3,112.94,0.0,338.82,272.07,66.75,2023,2,9
O105306,2023-02-09,P0057,C00151,S002,1,157.4,0.0,157.4,131.61,25.79,2023,2,9
O109955,2023-02-09,P0056,C00932,S002,2,20.73,0.0,41.46,33.5,7.96,2023,2,9
O104444,2023-02-09,P0059,C01111,S001,1,10.64,0.0,10.64,7.7,2.94,2023,2,9
O104761,2023-02-09,P0009,C00740,S009,1,8.02,0.0,8.02,6.09,1.93,2023,2,9
O105758,2023-02-09,P0068,C00899,S008,1,100.31,0.0,100.31,81.38,18.93,2023,2,9
O109898,2023-02-09,P0059,C00252,S006,4,10.64,0.0,42.56,30.8,11.76,2023,2,9
O108804,2023-02-09,P0074,C00513,S007,2,106.15,0.0,212.3,138.48,73.82,2023,2,9
O101212,2023-02-09,P0068,C00698,S002,1,100.31,0.0,100.31,81.38,18.93,2023,2,9
O102875,2023-02-09,P0003,C00447,S002,1,44.76,0.0,44.76,33.14,11.62,2023,2,9
O111747,2023-02-09,P0013,C00971,S005,1,45.23,0.0,45.23,24.82,20.41,2023,2,9
O111774,2023-02-09,P0057,C00991,S003,1,157.4,0.0,157.4,131.61,25.79,2023,2,9
O107368,2023-02-09,P0082,C00386,S007,2,28.43,0.1,51.17,43.46,7.71,2023,2,9
O104804,2023-02-09,P0079,C00646,S002,2,120.53,0.1,216.95,186.2,30.75,2023,2,9
O104389,2023-02-09,P0093,C00299,S009,1,13.08,0.0,13.08,9.16,3.92,2023,2,9
O109927,2023-02-10,P0097,C00714,S009,2,8.15,0.0,16.3,10.98,5.32,2023,2,10
O102762,2023-02-10,P0083,C00374,S002,3,85.03,0.1,229.58,134.37,95.21,2023,2,10
O102807,2023-02-10,P0079,C00460,S012,10,120.53,0.2,964.24,931.0,33.24,2023,2,10
O107020,2023-02-10,P0013,C01142,S007,1,45.23,0.0,45.23,24.82,20.41,2023,2,10
O108952,2023-02-10,P0045,C00580,S012,1,131.19,0.1,118.07,106.88,11.19,2023,2,10
O108860,2023-02-10,P0092,C00279,S012,1,41.48,0.0,41.48,25.41,16.07,2023,2,10
O104715,2023-02-10,P0050,C01166,S010,1,9.87,0.0,9.87,4.74,5.13,2023,2,10
O105702,2023-02-10,P0041,C00901,S008,1,246.7,0.0,246.7,134.73,111.97,2023,2,10
O106037,2023-02-10,P0014,C01171,S009,1,13.14,0.05,12.48,6.13,6.35,2023,2,10
O101095,2023-02-10,P0081,C01132,S011,3,143.09,0.15,364.88,330.0,34.88,2023,2,10
O111651,2023-02-10,P0045,C00326,S007,1,131.19,0.05,124.63,106.88,17.75,2023,2,10
O107860,2023-02-10,P0064,C00102,S009,3,12.06,0.0,36.18,16.44,19.74,2023,2,10
O103368,2023-02-10,P0053,C01010,S010,1,51.37,0.15,43.66,32.27,11.39,2023,2,10
O108362,2023-02-10,P0087,C00491,S012,1,463.9,0.1,417.51,253.65,163.86,2023,2,10
O102300,2023-02-10,P0019,C01195,S008,1,138.62,0.05,131.69,68.15,63.54,2023,2,10
O106546,2023-02-10,P0096,C00746,S009,1,63.84,0.0,63.84,35.05,28.79,2023,2,10
O111003,2023-02-10,P0008,C00959,S012,4,22.28,0.1,80.21,44.56,35.65,2023,2,10
O101722,2023-02-10,P0023,C00380,S011,1,818.22,0.0,818.22,630.15,188.07,2023,2,10
O109048,2023-02-10,P0027,C00267,S010,1,55.97,0.15,47.57,29.57,18.0,2023,2,10
O110819,2023-02-10,P0076,C01106,S008,2,301.81,0.05,573.44,495.78,77.66,2023,2,10
O109201,2023-02-10,P0026,C00576,S005,4,325.3,0.0,1301.2,725.52,575.68,2023,2,10
O109764,2023-02-10,P0085,C00948,S006,1,34.17,0.0,34.17,27.5,6.67,2023,2,10
O100838,2023-02-10,P0100,C00262,S006,1,142.46,0.1,128.21,91.14,37.07,2023,2,10
O109756,2023-02-11,P0080,C00858,S004,1,20.59,0.0,20.59,13.94,6.65,2023,2,11
O109539,2023-02-11,P0015,C00681,S002,1,36.03,0.1,32.43,18.61,13.82,2023,2,11
O109965,2023-02-11,P0065,C00353,S008,1,776.21,0.1,698.59,385.54,313.05,2023,2,11
O110206,2023-02-11,P0001,C00728,S003,3,132.87,0.0,398.61,322.2,76.41,2023,2,11
O106940,2023-02-11,P0079,C01007,S001,1,120.53,0.1,108.48,93.1,15.38,2023,2,11
O102165,2023-02-11,P0028,C00102,S003,1,453.33,0.0,453.33,253.96,199.37,2023,2,11
O102050,2023-02-11,P0014,C00207,S006,2,13.14,0.05,24.97,12.26,12.71,2023,2,11
O110776,2023-02-11,P0095,C00332,S003,5,118.84,0.0,594.2,390.85,203.35,2023,2,11
O110902,2023-02-11,P0064,C00896,S003,2,12.06,0.05,22.91,10.96,11.95,2023,2,11
O111167,2023-02-11,P0036,C00050,S009,4,15.34,0.05,58.29,33.16,25.13,2023,2,11
O111365,2023-02-11,P0009,C00170,S001,1,8.02,0.0,8.02,6.09,1.93,2023,2,11
O106198,2023-02-11,P0020,C01035,S003,1,30.45,0.1,27.4,20.59,6.81,2023,2,11
O105514,2023-02-11,P0038,C01064,S011,10,42.19,0.0,421.9,293.1,128.8,2023,2,11
O107137,2023-02-11,P0013,C00036,S009,1,45.23,0.2,36.18,24.82,11.36,2023,2,11
O110303,2023-02-11,P0071,C01028,S005,1,9.68,0.2,7.74,7.38,0.36,2023,2,11
O105754,2023-02-11,P0037,C00032,S011,2,61.48,0.0,122.96,96.2,26.76,2023,2,11
O103744,2023-02-11,P0099,C00586,S004,2,5.01,0.0,10.02,5.54,4.48,2023,2,11
O107927,2023-02-11,P0022,C00710,S007,1,42.03,0.15,35.73,30.14,5.59,2023,2,11
O108437,2023-02-11,P0044,C00928,S010,1,136.64,0.0,136.64,115.68,20.96,2023,2,11
O100119,2023-02-12,P0060,C01079,S005,1,80.71,0.0,80.71,51.25,29.46,2023,2,12
O104681,2023-02-12,P0060,C00592,S011,2,80.71,0.0,161.42,102.5,58.92,2023,2,12
O110817,2023-02-12,P0007,C00524,S008,1,99.07,0.0,99.07,74.71,24.36,2023,2,12
O107605,2023-02-12,P0075,C00546,S009,1,10.1,0.0,10.1,7.49,2.61,2023,2,12
O109602,2023-02-12,P0059,C00828,S010,1,10.64,0.1,9.58,7.7,1.88,2023,2,12
O110103,2023-02-12,P0092,C00403,S002,2,41.48,0.05,78.81,50.82,27.99,2023,2,12
O109189,2023-02-12,P0008,C00133,S009,2,22.28,0.0,44.56,22.28,22.28,2023,2,12
O100631,2023-02-12,P0062,C01147,S001,5,39.06,0.0,195.3,89.25,106.05,2023,2,12
O108489,2023-02-12,P0038,C00971,S011,2,42.19,0.2,67.5,58.62,8.88,2023,2,12
O102209,2023-02-12,P0011,C00460,S005,1,713.82,0.0,713.82,451.83,261.99,2023,2,12
O101353,2023-02-12,P0030,C00084,S001,1,41.4,0.0,41.4,25.21,16.19,2023,2,12
O108781,2023-02-12,P0050,C00992,S006,1,9.87,0.1,8.88,4.74,4.14,2023,2,12
O107547,2023-02-12,P0032,C01052,S010,1,62.15,0.05,59.04,45.29,13.75,2023,2,12
O104451,2023-02-12,P0024,C01148,S003,4,722.65,0.15,2457.01,1694.32,762.69,2023,2,12
O107455,2023-02-12,P0007,C00797,S007,3,99.07,0.05,282.35,224.13,58.22,2023,2,12
O108697,2023-02-12,P0011,C01193,S005,3,713.82,0.15,1820.24,1355.49,464.75,2023,2,12
O104191,2023-02-12,P0008,C00759,S005,3,22.28,0.0,66.84,33.42,33.42,2023,2,12
O107404,2023-02-12,P0068,C00816,S003,2,100.31,0.2,160.5,162.76,-2.26,2023,2,12
O103711,2023-02-12,P0054,C00017,S009,4,42.97,0.0,171.88,116.48,55.4,2023,2,12
O107003,2023-02-13,P0078,C01190,S007,1,18.31,0.05,17.39,12.84,4.55,2023,2,13
O110221,2023-02-13,P0057,C00762,S012,2,157.4,0.0,314.8,263.22,51.58,2023,2,13
O109888,2023-02-13,P0039,C00141,S006,1,47.6,0.05,45.22,32.53,12.69,2023,2,13
O102828,2023-02-13,P0015,C00920,S003,1,36.03,0.0,36.03,18.61,17.42,2023,2,13
O107716,2023-02-13,P0027,C00598,S004,1,55.97,0.05,53.17,29.57,23.6,2023,2,13
O109446,2023-02-13,P0028,C00555,S006,5,453.33,0.0,2266.65,1269.8,996.85,2023,2,13
O108677,2023-02-13,P0057,C01199,S011,2,157.4,0.0,314.8,263.22,51.58,2023,2,13
O104936,2023-02-13,P0029,C00353,S003,1,93.75,0.0,93.75,68.76,24.99,2023,2,13
O108116,2023-02-13,P0013,C01167,S007,1,45.23,0.05,42.97,24.82,18.15,2023,2,13
O109013,2023-02-13,P0072,C00602,S001,2,149.26,0.15,253.74,139.02,114.72,2023,2,13
O100475,2023-02-13,P0084,C01036,S003,1,17.53,0.1,15.78,14.11,1.67,2023,2,13
O111123,2023-02-13,P0063,C00678,S006,1,112.94,0.15,96.0,90.69,5.31,2023,2,13
O110772,2023-02-13,P0004,C00276,S006,3,29.55,0.1,79.79,43.44,36.35,2023,2,13
O108414,2023-02-13,P0084,C01018,S009,2,17.53,0.0,35.06,28.22,6.84,2023,2,13
O108415,2023-02-13,P0057,C00795,S002,1,157.4,0.1,141.66,131.61,10.05,2023,2,13
O111105,2023-02-13,P0056,C00257,S007,1,20.73,0.0,20.73,16.75,3.98,2023,2,13
O103975,2023-02-13,P0035,C00569,S001,1,21.89,0.1,19.7,12.25,7.45,2023,2,13
O110911,2023-02-13,P0087,C00032,S008,3,463.9,0.0,1391.7,760.95,630.75,2023,2,13
O101952,2023-02-13,P0076,C00087,S008,2,301.81,0.0,603.62,495.78,107.84,2023,2,13
O102475,2023-02-14,P0015,C00949,S001,1,36.03,0.0,36.03,18.61,17.42,2023,2,14
O102405,2023-02-14,P0032,C01046,S002,1,62.15,0.1,55.94,45.29,10.65,2023,2,14
O105287,2023-02-14,P0001,C00863,S002,2,132.87,0.1,239.17,214.8,24.37,2023,2,14
O100864,2023-02-14,P0072,C00842,S007,1,149.26,0.15,126.87,69.51,57.36,2023,2,14
O111525,2023-02-14,P0066,C00140,S006,1,105.53,0.0,105.53,58.77,46.76,2023,2,14
O110489,2023-02-14,P0017,C00050,S011,1,25.27,0.15,21.48,17.77,3.71,2023,2,14
O104254,2023-02-14,P0029,C00736,S010,3,93.75,0.1,253.12,206.28,46.84,2023,2,14
O101023,2023-02-14,P0056,C00543,S010,2,20.73,0.0,41.46,33.5,7.96,2023,2,14
O100508,2023-02-14,P0090,C00491,S007,2,575.16,0.15,977.77,751.46,226.31,2023,2,14
O100294,2023-02-14,P0043,C00370,S004,2,11.09,0.1,19.96,11.62,8.34,2023,2,14
O103416,2023-02-14,P0025,C00491,S012,2,18.6,0.0,37.2,28.18,9.02,2023,2,14
O102226,2023-02-14,P0059,C00435,S005,4,10.64,0.0,42.56,30.8,11.76,2023,2,14
O108878,2023-02-14,P0009,C00058,S012,1,8.02,0.05,7.62,6.09,1.53,2023,2,14
O107611,2023-02-14,P0013,C00582,S007,4,45.23,0.15,153.78,99.28,54.5,2023,2,14
O104461,2023-02-15,P0054,C00963,S001,2,42.97,0.0,85.94,58.24,27.7,2023,2,15
O104335,2023-02-15,P0072,C00848,S012,1,149.26,0.0,149.26,69.51,79.75,2023,2,15
O104498,2023-02-15,P0029,C00175,S012,10,93.75,0.0,937.5,687.6,249.9,2023,2,15
O109603,2023-02-15,P0053,C00023,S003,1,51.37,0.15,43.66,32.27,11.39,2023,2,15
O105354,2023-02-15,P0053,C00398,S008,1,51.37,0.0,51.37,32.27,19.1,2023,2,15
O102439,2023-02-15,P0002,C00864,S008,3,130.95,0.0,392.85,300.18,92.67,2023,2,15
O107484,2023-02-15,P0094,C00944,S012,1,21.21,0.1,19.09,12.17,6.92,2023,2,15
O105619,2023-02-15,P0054,C00241,S001,4,42.97,0.15,146.1,116.48,29.62,2023,2,15
O100987,2023-02-15,P0099,C00736,S010,1,5.01,0.0,5.01,2.77,2.24,2023,2,15
O107515,2023-02-15,P0031,C00424,S006,1,104.43,0.1,93.99,64.18,29.81,2023,2,15
O110692,2023-02-15,P0033,C01119,S011,1,47.81,0.05,45.42,31.21,14.21,2023,2,15
O108605,2023-02-15,P0015,C00617,S004,1,36.03,0.05,34.23,18.61,15.62,2023,2,15
O110527,2023-02-15,P0038,C00278,S012,1,42.19,0.0,42.19,29.31,12.88,2023,2,15
O101764,2023-02-15,P0100,C00595,S003,1,142.46,0.15,121.09,91.14,29.95,2023,2,15
O100417,2023-02-15,P0067,C00591,S009,1,5.57,0.0,5.57,3.25,2.32,2023,2,15
O102702,2023-02-15,P0076,C00062,S006,3,301.81,0.1,814.89,743.67,71.22,2023,2,15
O110781,2023-02-15,P0024,C00201,S012,1,722.65,0.05,686.52,423.58,262.94,2023,2,15
O109934,2023-02-15,P0036,C00720,S010,1,15.34,0.0,15.34,8.29,7.05,2023,2,15
O100890,2023-02-15,P0095,C01112,S011,2,118.84,0.0,237.68,156.34,81.34,2023,2,15
O108623,2023-02-15,P0069,C00809,S012,1,85.27,0.0,85.27,65.86,19.41,2023,2,15
O110567,2023-02-16,P0024,C00892,S003,10,722.65,0.0,7226.5,4235.8,2990.7,2023,2,16
O104883,2023-02-16,P0099,C01020,S010,1,5.01,0.0,5.01,2.77,2.24,2023,2,16
O102252,2023-02-16,P0062,C00228,S008,4,39.06,0.0,156.24,71.4,84.84,2023,2,16
O110470,2023-02-16,P0028,C00742,S008,2,453.33,0.0,906.66,507.92,398.74,2023,2,16
O100140,2023-02-16,P0079,C00635,S008,2,120.53,0.0,241.06,186.2,54.86,2023,2,16
O101410,2023-02-16,P0070,C00509,S009,3,27.07,0.15,69.03,42.75,26.28,2023,2,16
O111916,2023-02-16,P0086,C00095,S010,1,310.61,0.0,310.61,159.69,150.92,2023,2,16
O100025,2023-02-16,P0023,C00641,S003,1,818.22,0.0,818.22,630.15,188.07,2023,2,16
O106630,2023-02-16,P0038,C00810,S003,1,42.19,0.0,42.19,29.31,12.88,2023,2,16
O105799,2023-02-16,P0003,C00636,S011,1,44.76,0.05,42.52,33.14,9.38,2023,2,16
O104030,2023-02-16,P0018,C01162,S004,1,34.43,0.0,34.43,26.49,7.94,2023,2,16
O102705,2023-02-16,P0051,C00454,S010,3,32.14,0.1,86.78,48.06,38.72,2023,2,16
O102296,2023-02-16,P0094,C00789,S002,2,21.21,0.0,42.42,24.34,18.08,2023,2,16
O104632,2023-02-16,P0045,C01109,S004,2,131.19,0.15,223.02,213.76,9.26,2023,2,16
O104244,2023-02-16,P0079,C00364,S002,1,120.53,0.0,120.53,93.1,27.43,2023,2,16
O107500,2023-02-16,P0019,C00658,S004,1,138.62,0.05,131.69,68.15,63.54,2023,2,16
O103636,2023-02-16,P0003,C01053,S011,1,44.76,0.0,44.76,33.14,11.62,2023,2,16
O111115,2023-02-17,P0076,C00406,S002,1,301.81,0.15,256.54,247.89,8.65,2023,2,17
O100560,2023-02-17,P0015,C00895,S001,3,36.03,0.1,97.28,55.83,41.45,2023,2,17
O103342,2023-02-17,P0087,C00576,S001,2,463.9,0.0,927.8,507.3,420.5,2023,2,17
O106384,2023-02-17,P0099,C01007,S004,2,5.01,0.0,10.02,5.54,4.48,2023,2,17
O101744,2023-02-17,P0006,C01046,S006,1,74.01,0.0,74.01,43.08,30.93,2023,2,17
O106680,2023-02-17,P0061,C00703,S003,1,86.94,0.1,78.25,46.4,31.85,2023,2,17
O110306,2023-02-17,P0077,C00077,S002,1,130.07,0.0,130.07,107.65,22.42,2023,2,17
O111185,2023-02-17,P0064,C01150,S006,1,12.06,0.0,12.06,5.48,6.58,2023,2,17
O111201,2023-02-18,P0009,C00246,S004,1,8.02,0.0,8.02,6.09,1.93,2023,2,18
O108630,2023-02-18,P0038,C00033,S009,1,42.19,0.0,42.19,29.31,12.88,2023,2,18
O100951,2023-02-18,P0043,C00073,S006,1,11.09,0.0,11.09,5.81,5.28,2023,2,18
O110842,2023-02-18,P0055,C00615,S002,4,24.74,0.0,98.96,69.92,29.04,2023,2,18
O111880,2023-02-18,P0004,C00185,S002,1,29.55,0.0,29.55,14.48,15.07,2023,2,18
O106842,2023-02-18,P0008,C00766,S011,5,22.28,0.1,100.26,55.7,44.56,2023,2,18
O107468,2023-02-18,P0086,C00811,S010,1,310.61,0.0,310.61,159.69,150.92,2023,2,18
O107052,2023-02-18,P0029,C00892,S003,2,93.75,0.0,187.5,137.52,49.98,2023,2,18
O109972,2023-02-18,P0061,C00601,S002,1,86.94,0.05,82.59,46.4,36.19,2023,2,18
O102163,2023-02-18,P0077,C00942,S006,1,130.07,0.0,130.07,107.65,22.42,2023,2,18
O103386,2023-02-18,P0099,C00481,S001,3,5.01,0.0,15.03,8.31,6.72,2023,2,18
O111520,2023-02-18,P0009,C00728,S009,1,8.02,0.0,8.02,6.09,1.93,2023,2,18
O100296,2023-02-18,P0046,C01136,S011,2,69.45,0.0,138.9,85.16,53.74,2023,2,18
O103399,2023-02-18,P0012,C00805,S003,1,88.36,0.05,83.94,62.9,21.04,2023,2,18
O111449,2023-02-18,P0047,C00491,S008,1,125.46,0.0,125.46,59.9,65.56,2023,2,18
O108849,2023-02-19,P0046,C00198,S012,1,69.45,0.2,55.56,42.58,12.98,2023,2,19
O109355,2023-02-19,P0057,C01044,S006,1,157.4,0.15,133.79,131.61,2.18,2023,2,19
O110987,2023-02-19,P0065,C00771,S006,2,776.21,0.0,1552.42,771.08,781.34,2023,2,19
O105699,2023-02-19,P0011,C00799,S006,1,713.82,0.0,713.82,451.83,261.99,2023,2,19
O106460,2023-02-19,P0094,C00614,S009,1,21.21,0.0,21.21,12.17,9.04,2023,2,19
O100965,2023-02-19,P0072,C00094,S007,1,149.26,0.0,149.26,69.51,79.75,2023,2,19
O101860,2023-02-19,P0049,C01171,S010,2,366.28,0.05,695.93,345.42,350.51,2023,2,19
O109426,2023-02-19,P0071,C01081,S007,2,9.68,0.0,19.36,14.76,4.6,2023,2,19
O111391,2023-02-19,P0068,C00276,S007,1,100.31,0.15,85.26,81.38,3.88,2023,2,19
O104668,2023-02-19,P0054,C00696,S012,2,42.97,0.05,81.64,58.24,23.4,2023,2,19
O106758,2023-02-19,P0019,C00532,S006,2,138.62,0.0,277.24,136.3,140.94,2023,2,19
O102706,2023-02-19,P0071,C00789,S005,1,9.68,0.1,8.71,7.38,1.33,2023,2,19
O107465,2023-02-19,P0036,C00935,S010,2,15.34,0.0,30.68,16.58,14.1,2023,2,19
O103418,2023-02-19,P0076,C00589,S009,2,301.81,0.0,603.62,495.78,107.84,2023,2,19
O104440,2023-02-20,P0034,C00596,S005,3,84.19,0.05,239.94,207.12,32.82,2023,2,20
O103339,2023-02-20,P0026,C00994,S012,1,325.3,0.0,325.3,181.38,143.92,2023,2,20
O111516,2023-02-20,P0074,C00559,S011,1,106.15,0.0,106.15,69.24,36.91,2023,2,20
O106865,2023-02-20,P0031,C00566,S002,1,104.43,0.0,104.43,64.18,40.25,2023,2,20
O103543,2023-02-20,P0029,C00890,S009,1,93.75,0.05,89.06,68.76,20.3,2023,2,20
O105787,2023-02-20,P0099,C00972,S003,1,5.01,0.2,4.01,2.77,1.24,2023,2,20
O110354,2023-02-20,P0073,C01000,S002,4,36.7,0.05,139.46,72.88,66.58,2023,2,20
O110811,2023-02-20,P0080,C00843,S010,1,20.59,0.05,19.56,13.94,5.62,2023,2,20
O109859,2023-02-20,P0041,C00373,S012,1,246.7,0.1,222.03,134.73,87.3,2023,2,20
O104910,2023-02-20,P0023,C01057,S010,3,818.22,0.1,2209.19,1890.45,318.74,2023,2,20
O110783,2023-02-20,P0073,C01047,S010,1,36.7,0.05,34.86,18.22,16.64,2023,2,20
O106573,2023-02-20,P0034,C01007,S008,1,84.19,0.1,75.77,69.04,6.73,2023,2,20
O110189,2023-02-20,P0084,C00814,S006,2,17.53,0.0,35.06,28.22,6.84,2023,2,20
O111418,2023-02-21,P0031,C00768,S002,1,104.43,0.2,83.54,64.18,19.36,2023,2,21
O103757,2023-02-21,P0052,C00738,S003,4,97.55,0.0,390.2,245.88,144.32,2023,2,21
O103561,2023-02-21,P0087,C00088,S007,1,463.9,0.0,463.9,253.65,210.25,2023,2,21
O110673,2023-02-21,P0018,C00279,S008,2,34.43,0.0,68.86,52.98,15.88,2023,2,21
O108538,2023-02-21,P0100,C00486,S006,1,142.46,0.0,142.46,91.14,51.32,2023,2,21
O109364,2023-02-21,P0076,C00447,S007,2,301.81,0.05,573.44,495.78,77.66,2023,2,21
O105707,2023-02-21,P0009,C00248,S012,1,8.02,0.0,8.02,6.09,1.93,2023,2,21
O108017,2023-02-21,P0067,C01032,S010,3,5.57,0.0,16.71,9.75,6.96,2023,2,21
O109173,2023-02-22,P0084,C00066,S006,2,17.53,0.0,35.06,28.22,6.84,2023,2,22
O103092,2023-02-22,P0004,C01079,S010,2,29.55,0.1,53.19,28.96,24.23,2023,2,22
O104128,2023-02-22,P0063,C00050,S005,2,112.94,0.0,225.88,181.38,44.5,2023,2,22
O109666,2023-02-22,P0042,C00668,S008,1,9.86,0.0,9.86,6.23,3.63,2023,2,22
O104532,2023-02-22,P0064,C00071,S007,1,12.06,0.0,12.06,5.48,6.58,2023,2,22
O109984,2023-02-22,P0082,C00968,S004,1,28.43,0.0,28.43,21.73,6.7,2023,2,22
O109572,2023-02-22,P0096,C01114,S003,2,63.84,0.0,127.68,70.1,57.58,2023,2,22
O106219,2023-02-22,P0037,C00339,S008,4,61.48,0.0,245.92,192.4,53.52,2023,2,22
O109741,2023-02-22,P0028,C00052,S010,2,453.33,0.05,861.33,507.92,353.41,2023,2,22
O102306,2023-02-22,P0036,C00579,S006,1,15.34,0.0,15.34,8.29,7.05,2023,2,22
O101965,2023-02-22,P0073,C00252,S001,1,36.7,0.1,33.03,18.22,14.81,2023,2,22
O102152,2023-02-22,P0029,C00445,S005,2,93.75,0.0,187.5,137.52,49.98,2023,2,22
O107769,2023-02-22,P0023,C00262,S010,1,818.22,0.0,818.22,630.15,188.07,2023,2,22
O102136,2023-02-22,P0021,C00892,S002,2,25.8,0.05,49.02,25.14,23.88,2023,2,22
O109519,2023-02-22,P0088,C00066,S001,2,5.57,0.0,11.14,8.62,2.52,2023,2,22
O103151,2023-02-22,P0059,C00956,S010,2,10.64,0.0,21.28,15.4,5.88,2023,2,22
O107474,2023-02-23,P0025,C00533,S004,1,18.6,0.0,18.6,14.09,4.51,2023,2,23
O102084,2023-02-23,P0083,C00064,S003,1,85.03,0.0,85.03,44.79,40.24,2023,2,23
O100368,2023-02-23,P0086,C00218,S004,5,310.61,0.0,1553.05,798.45,754.6,2023,2,23
O111761,2023-02-23,P0044,C01131,S007,1,136.64,0.05,129.81,115.68,14.13,2023,2,23
O105207,2023-02-23,P0043,C00634,S002,4,11.09,0.0,44.36,23.24,21.12,2023,2,23
O107918,2023-02-23,P0068,C00313,S001,1,100.31,0.0,100.31,81.38,18.93,2023,2,23
O109385,2023-02-23,P0090,C00165,S005,3,575.16,0.1,1552.93,1127.19,425.74,2023,2,23
O100962,2023-02-23,P0093,C00403,S007,5,13.08,0.05,62.13,45.8,16.33,2023,2,23
O100282,2023-02-23,P0057,C00148,S012,1,157.4,0.0,157.4,131.61,25.79,2023,2,23
O103414,2023-02-23,P0008,C00962,S005,2,22.28,0.0,44.56,22.28,22.28,2023,2,23
O104343,2023-02-23,P0097,C01075,S002,1,8.15,0.0,8.15,5.49,2.66,2023,2,23
O108409,2023-02-23,P0052,C00213,S009,1,97.55,0.0,97.55,61.47,36.08,2023,2,23
O104215,2023-02-23,P0095,C00208,S002,4,118.84,0.1,427.82,312.68,115.14,2023,2,23
O101125,2023-02-23,P0088,C00060,S012,1,5.57,0.15,4.73,4.31,0.42,2023,2,23
O111147,2023-02-23,P0055,C00946,S006,4,24.74,0.0,98.96,69.92,29.04,2023,2,23
O100069,2023-02-23,P0099,C00942,S012,5,5.01,0.15,21.29,13.85,7.44,2023,2,23
O110213,2023-02-23,P0050,C01013,S011,2,9.87,0.1,17.77,9.48,8.29,2023,2,23
O101565,2023-02-23,P0041,C01170,S008,4,246.7,0.0,986.8,538.92,447.88,2023,2,23
O108338,2023-02-23,P0084,C00260,S011,2,17.53,0.0,35.06,28.22,6.84,2023,2,23
O102167,2023-02-23,P0082,C01052,S005,1,28.43,0.0,28.43,21.73,6.7,2023,2,23
O101627,2023-02-23,P0054,C00266,S009,1,42.97,0.0,42.97,29.12,13.85,2023,2,23
O108548,2023-02-24,P0098,C00035,S004,3,37.83,0.15,96.47,87.0,9.47,2023,2,24
O103877,2023-02-24,P0025,C01131,S003,1,18.6,0.15,15.81,14.09,1.72,2023,2,24
O109526,2023-02-24,P0009,C00908,S012,2,8.02,0.0,16.04,12.18,3.86,2023,2,24
O110822,2023-02-24,P0075,C00249,S010,4,10.1,0.0,40.4,29.96,10.44,2023,2,24
O107265,2023-02-24,P0015,C00215,S001,2,36.03,0.0,72.06,37.22,34.84,2023,2,24
O107211,2023-02-24,P0020,C01083,S001,1,30.45,0.0,30.45,20.59,9.86,2023,2,24
O105400,2023-02-24,P0020,C00931,S005,1,30.45,0.15,25.88,20.59,5.29,2023,2,24
O107815,2023-02-24,P0026,C00563,S006,1,325.3,0.0,325.3,181.38,143.92,2023,2,24
O101886,2023-02-24,P0066,C00850,S011,1,105.53,0.0,105.53,58.77,46.76,2023,2,24
O111192,2023-02-24,P0035,C00380,S002,2,21.89,0.0,43.78,24.5,19.28,2023,2,24
O111530,2023-02-24,P0018,C00221,S010,1,34.43,0.05,32.71,26.49,6.22,2023,2,24
O103538,2023-02-24,P0079,C00532,S006,1,120.53,0.1,108.48,93.1,15.38,2023,2,24
O103749,2023-02-24,P0086,C00288,S012,1,310.61,0.0,310.61,159.69,150.92,2023,2,24
O110666,2023-02-24,P0056,C00884,S002,3,20.73,0.15,52.86,50.25,2.61,2023,2,24
O103567,2023-02-24,P0087,C00628,S002,1,463.9,0.0,463.9,253.65,210.25,2023,2,24
O103849,2023-02-24,P0093,C01176,S012,1,13.08,0.05,12.43,9.16,3.27,2023,2,24
O100001,2023-02-24,P0085,C01010,S006,1,34.17,0.0,34.17,27.5,6.67,2023,2,24
O100569,2023-02-24,P0087,C00891,S005,2,463.9,0.15,788.63,507.3,281.33,2023,2,24
O100447,2023-02-25,P0074,C01028,S012,1,106.15,0.0,106.15,69.24,36.91,2023,2,25
O102892,2023-02-25,P0097,C01059,S007,1,8.15,0.0,8.15,5.49,2.66,2023,2,25
O104292,2023-02-25,P0040,C00834,S009,2,25.25,0.0,50.5,33.06,17.44,2023,2,25
O102916,2023-02-25,P0003,C00473,S011,1,44.76,0.1,40.28,33.14,7.14,2023,2,25
O105538,2023-02-25,P0075,C00361,S003,1,10.1,0.0,10.1,7.49,2.61,2023,2,25
O102669,2023-02-25,P0007,C00355,S002,2,99.07,0.05,188.23,149.42,38.81,2023,2,25
O108503,2023-02-25,P0077,C00818,S009,2,130.07,0.0,260.14,215.3,44.84,2023,2,25
O111405,2023-02-25,P0012,C00433,S002,4,88.36,0.0,353.44,251.6,101.84,2023,2,25
O110654,2023-02-25,P0070,C00579,S004,3,27.07,0.0,81.21,42.75,38.46,2023,2,25
O103858,2023-02-25,P0062,C00626,S003,1,39.06,0.1,35.15,17.85,17.3,2023,2,25
O101595,2023-02-25,P0070,C00078,S002,1,27.07,0.0,27.07,14.25,12.82,2023,2,25
O100335,2023-02-25,P0100,C00447,S012,2,142.46,0.0,284.92,182.28,102.64,2023,2,25
O102587,2023-02-25,P0066,C00671,S008,1,105.53,0.15,89.7,58.77,30.93,2023,2,25
O104877,2023-02-25,P0096,C00744,S011,1,63.84,0.0,63.84,35.05,28.79,2023,2,25
O101107,2023-02-25,P0003,C00465,S007,4,44.76,0.05,170.09,132.56,37.53,2023,2,25
O109188,2023-02-25,P0095,C00494,S008,3,118.84,0.0,356.52,234.51,122.01,2023,2,25
O105666,2023-02-25,P0036,C01078,S006,4,15.34,0.05,58.29,33.16,25.13,2023,2,25
O111125,2023-02-26,P0084,C01100,S003,2,17.53,0.1,31.55,28.22,3.33,2023,2,26
O104204,2023-02-26,P0089,C00500,S010,1,39.28,0.2,31.42,18.15,13.27,2023,2,26
O103913,2023-02-26,P0073,C00708,S009,2,36.7,0.0,73.4,36.44,36.96,2023,2,26
O100358,2023-02-26,P0045,C00256,S012,2,131.19,0.05,249.26,213.76,35.5,2023,2,26
O106348,2023-02-26,P0070,C00973,S005,2,27.07,0.2,43.31,28.5,14.81,2023,2,26
O103860,2023-02-26,P0087,C00037,S012,4,463.9,0.15,1577.26,1014.6,562.66,2023,2,26
O110145,2023-02-26,P0066,C00074,S007,5,105.53,0.05,501.27,293.85,207.42,2023,2,26
O111269,2023-02-26,P0008,C00483,S001,1,22.28,0.0,22.28,11.14,11.14,2023,2,26
O111379,2023-02-26,P0009,C00486,S012,2,8.02,0.0,16.04,12.18,3.86,2023,2,26
O107453,2023-02-26,P0057,C00167,S010,1,157.4,0.15,133.79,131.61,2.18,2023,2,26
O102431,2023-02-27,P0073,C00754,S007,1,36.7,0.0,36.7,18.22,18.48,2023,2,27
O100366,2023-02-27,P0049,C00218,S012,2,366.28,0.0,732.56,345.42,387.14,2023,2,27
O108364,2023-02-27,P0024,C00282,S006,1,722.65,0.0,722.65,423.58,299.07,2023,2,27
O108404,2023-02-27,P0045,C00134,S003,2,131.19,0.05,249.26,213.76,35.5,2023,2,27
O108004,2023-02-27,P0031,C00882,S010,3,104.43,0.0,313.29,192.54,120.75,2023,2,27
O102576,2023-02-27,P0076,C00024,S003,1,301.81,0.1,271.63,247.89,23.74,2023,2,27
O102653,2023-02-27,P0002,C00708,S011,1,130.95,0.0,130.95,100.06,30.89,2023,2,27
O106183,2023-02-27,P0078,C00184,S005,1,18.31,0.0,18.31,12.84,5.47,2023,2,27
O101622,2023-02-27,P0051,C00204,S007,3,32.14,0.0,96.42,48.06,48.36,2023,2,27
O107622,2023-02-27,P0021,C00584,S003,3,25.8,0.0,77.4,37.71,39.69,2023,2,27
O105318,2023-02-27,P0080,C01146,S005,4,20.59,0.0,82.36,55.76,26.6,2023,2,27
O106397,2023-02-27,P0054,C00260,S003,3,42.97,0.0,128.91,87.36,41.55,2023,2,27
O111395,2023-02-27,P0006,C00549,S011,1,74.01,0.0,74.01,43.08,30.93,2023,2,27
O104247,2023-02-28,P0085,C00470,S005,2,34.17,0.0,68.34,55.0,13.34,2023,2,28
O100443,2023-02-28,P0013,C00622,S011,1,45.23,0.0,45.23,24.82,20.41,2023,2,28
O101378,2023-02-28,P0065,C00825,S009,1,776.21,0.15,659.78,385.54,274.24,2023,2,28
O104249,2023-02-28,P0064,C01032,S010,1,12.06,0.05,11.46,5.48,5.98,2023,2,28
O104152,2023-02-28,P0045,C01013,S012,3,131.19,0.0,393.57,320.64,72.93,2023,2,28
O104360,2023-02-28,P0044,C01099,S011,1,136.64,0.0,136.64,115.68,20.96,2023,2,28
O110960,2023-02-28,P0024,C00586,S010,3,722.65,0.0,2167.95,1270.74,897.21,2023,2,28
O106966,2023-02-28,P0079,C00866,S002,1,120.53,0.15,102.45,93.1,9.35,2023,2,28
O102328,2023-02-28,P0011,C00765,S008,1,713.82,0.0,713.82,451.83,261.99,2023,2,28
O107225,2023-02-28,P0083,C00815,S002,1,85.03,0.0,85.03,44.79,40.24,2023,2,28
O100789,2023-02-28,P0030,C00288,S008,1,41.4,0.0,41.4,25.21,16.19,2023,2,28
O110739,2023-02-28,P0026,C00039,S010,1,325.3,0.0,325.3,181.38,143.92,2023,2,28
O109697,2023-02-28,P0043,C01141,S005,2,11.09,0.1,19.96,11.62,8.34,2023,2,28
O105293,2023-02-28,P0094,C00137,S008,2,21.21,0.0,42.42,24.34,18.08,2023,2,28
O107648,2023-02-28,P0070,C00666,S002,1,27.07,0.1,24.36,14.25,10.11,2023,2,28
O102831,2023-02-28,P0041,C00079,S010,1,246.7,0.1,222.03,134.73,87.3,2023,2,28
O109422,2023-02-28,P0001,C00681,S008,2,132.87,0.0,265.74,214.8,50.94,2023,2,28
O101920,2023-02-28,P0015,C00980,S007,1,36.03,0.15,30.63,18.61,12.02,2023,2,28
O101995,2023-02-28,P0004,C00813,S012,2,29.55,0.0,59.1,28.96,30.14,2023,2,28
O107669,2023-03-01,P0061,C00441,S011,1,86.94,0.1,78.25,46.4,31.85,2023,3,1
O100058,2023-03-01,P0055,C00601,S011,1,24.74,0.15,21.03,17.48,3.55,2023,3,1
O111959,2023-03-01,P0013,C00784,S005,1,45.23,0.0,45.23,24.82,20.41,2023,3,1
O104419,2023-03-01,P0009,C00914,S010,1,8.02,0.05,7.62,6.09,1.53,2023,3,1
O111432,2023-03-01,P0030,C00071,S005,1,41.4,0.0,41.4,25.21,16.19,2023,3,1
O104234,2023-03-01,P0055,C00484,S010,1,24.74,0.0,24.74,17.48,7.26,2023,3,1
O111057,2023-03-01,P0044,C00841,S004,2,136.64,0.0,273.28,231.36,41.92,2023,3,1
O101228,2023-03-01,P0099,C00755,S010,2,5.01,0.05,9.52,5.54,3.98,2023,3,1
O108266,2023-03-02,P0047,C01111,S006,1,125.46,0.0,125.46,59.9,65.56,2023,3,2
O100052,2023-03-02,P0026,C00595,S004,2,325.3,0.0,650.6,362.76,287.84,2023,3,2
O104167,2023-03-02,P0097,C00389,S005,2,8.15,0.05,15.48,10.98,4.5,2023,3,2
O101321,2023-03-02,P0055,C00360,S010,1,24.74,0.1,22.27,17.48,4.79,2023,3,2
O105036,2023-03-02,P0007,C00761,S003,1,99.07,0.0,99.07,74.71,24.36,2023,3,2
O109823,2023-03-02,P0015,C00682,S006,1,36.03,0.15,30.63,18.61,12.02,2023,3,2
O106395,2023-03-02,P0074,C00959,S007,1,106.15,0.0,106.15,69.24,36.91,2023,3,2
O107327,2023-03-02,P0055,C00293,S003,1,24.74,0.0,24.74,17.48,7.26,2023,3,2
O106887,2023-03-02,P0096,C00591,S003,2,63.84,0.0,127.68,70.1,57.58,2023,3,2
O107406,2023-03-02,P0074,C01179,S003,1,106.15,0.05,100.84,69.24,31.6,2023,3,2
O110260,2023-03-02,P0040,C00311,S011,1,25.25,0.1,22.72,16.53,6.19,2023,3,2
O101559,2023-03-02,P0086,C00427,S010,4,310.61,0.05,1180.32,638.76,541.56,2023,3,2
O108172,2023-03-03,P0083,C00039,S006,3,85.03,0.1,229.58,134.37,95.21,2023,3,3
O100418,2023-03-03,P0046,C00605,S005,1,69.45,0.05,65.98,42.58,23.4,2023,3,3
O101076,2023-03-03,P0029,C00224,S003,2,93.75,0.05,178.12,137.52,40.6,2023,3,3
O108083,2023-03-03,P0077,C00621,S004,10,130.07,0.0,1300.7,1076.5,224.2,2023,3,3
O106462,2023-03-03,P0073,C00127,S006,1,36.7,0.0,36.7,18.22,18.48,2023,3,3
O106034,2023-03-03,P0007,C00431,S006,2,99.07,0.1,178.33,149.42,28.91,2023,3,3
O108962,2023-03-03,P0088,C00543,S009,1,5.57,0.0,5.57,4.31,1.26,2023,3,3
O109204,2023-03-03,P0028,C01109,S007,1,453.33,0.0,453.33,253.96,199.37,2023,3,3
O103468,2023-03-03,P0051,C00394,S011,1,32.14,0.0,32.14,16.02,16.12,2023,3,3
O109554,2023-03-03,P0032,C00056,S012,2,62.15,0.0,124.3,90.58,33.72,2023,3,3
O111939,2023-03-03,P0054,C00817,S009,1,42.97,0.0,42.97,29.12,13.85,2023,3,3
O104326,2023-03-03,P0073,C00813,S011,3,36.7,0.0,110.1,54.66,55.44,2023,3,3
O109011,2023-03-03,P0079,C01155,S001,2,120.53,0.0,241.06,186.2,54.86,2023,3,3
O102623,2023-03-03,P0043,C00633,S012,1,11.09,0.0,11.09,5.81,5.28,2023,3,3
O100127,2023-03-03,P0013,C00350,S009,2,45.23,0.15,76.89,49.64,27.25,2023,3,3
O102564,2023-03-03,P0053,C00990,S008,2,51.37,0.0,102.74,64.54,38.2,2023,3,3
O110361,2023-03-03,P0034,C00487,S008,1,84.19,0.1,75.77,69.04,6.73,2023,3,3
O107325,2023-03-04,P0014,C00039,S004,2,13.14,0.1,23.65,12.26,11.39,2023,3,4
O102254,2023-03-04,P0017,C01106,S008,1,25.27,0.0,25.27,17.77,7.5,2023,3,4
O105345,2023-03-04,P0002,C01087,S012,2,130.95,0.05,248.8,200.12,48.68,2023,3,4
O103872,2023-03-04,P0055,C01066,S001,1,24.74,0.0,24.74,17.48,7.26,2023,3,4
O102148,2023-03-04,P0076,C00810,S012,1,301.81,0.1,271.63,247.89,23.74,2023,3,4
O110840,2023-03-04,P0042,C01180,S002,1,9.86,0.0,9.86,6.23,3.63,2023,3,4
O110360,2023-03-04,P0016,C00785,S010,1,547.4,0.0,547.4,397.41,149.99,2023,3,4
O105142,2023-03-04,P0041,C00382,S008,1,246.7,0.0,246.7,134.73,111.97,2023,3,4
O101348,2023-03-04,P0073,C01123,S002,5,36.7,0.1,165.15,91.1,74.05,2023,3,4
O108291,2023-03-04,P0036,C00835,S005,2,15.34,0.0,30.68,16.58,14.1,2023,3,4
O110575,2023-03-04,P0084,C01147,S007,5,17.53,0.0,87.65,70.55,17.1,2023,3,4
O111601,2023-03-04,P0098,C00184,S002,1,37.83,0.0,37.83,29.0,8.83,2023,3,4
O106209,2023-03-04,P0097,C00957,S006,3,8.15,0.0,24.45,16.47,7.98,2023,3,4
O100081,2023-03-04,P0097,C00809,S003,1,8.15,0.05,7.74,5.49,2.25,2023,3,4
O100349,2023-03-04,P0086,C00169,S007,2,310.61,0.0,621.22,319.38,301.84,2023,3,4
O104454,2023-03-04,P0085,C00519,S012,4,34.17,0.0,136.68,110.0,26.68,2023,3,4
O106643,2023-03-04,P0079,C00766,S010,2,120.53,0.0,241.06,186.2,54.86,2023,3,4
O108035,2023-03-04,P0091,C00630,S011,1,35.24,0.1,31.72,18.67,13.05,2023,3,4
O104865,2023-03-04,P0067,C00948,S006,1,5.57,0.0,5.57,3.25,2.32,2023,3,4
O108388,2023-03-05,P0063,C00216,S010,1,112.94,0.1,101.65,90.69,10.96,2023,3,5
O101509,2023-03-05,P0083,C01105,S003,10,85.03,0.1,765.27,447.9,317.37,2023,3,5
O100356,2023-03-05,P0005,C00280,S011,1,15.5,0.0,15.5,12.07,3.43,2023,3,5
O104173,2023-03-05,P0019,C00229,S006,4,138.62,0.1,499.03,272.6,226.43,2023,3,5
O102887,2023-03-05,P0037,C01061,S007,4,61.48,0.1,221.33,192.4,28.93,2023,3,5
O108079,2023-03-05,P0033,C00652,S008,1,47.81,0.1,43.03,31.21,11.82,2023,3,5
O104048,2023-03-05,P0092,C00638,S011,1,41.48,0.0,41.48,25.41,16.07,2023,3,5
O110952,2023-03-05,P0019,C00285,S002,1,138.62,0.0,138.62,68.15,70.47,2023,3,5
O105322,2023-03-05,P0037,C00227,S011,4,61.48,0.0,245.92,192.4,53.52,2023,3,5
O109941,2023-03-06,P0013,C01003,S010,1,45.23,0.0,45.23,24.82,20.41,2023,3,6
O108080,2023-03-06,P0084,C00784,S002,1,17.53,0.1,15.78,14.11,1.67,2023,3,6
O110065,2023-03-06,P0037,C00776,S010,1,61.48,0.15,52.26,48.1,4.16,2023,3,6
O108607,2023-03-06,P0049,C00844,S009,1,366.28,0.1,329.65,172.71,156.94,2023,3,6
O110591,2023-03-06,P0055,C00451,S007,1,24.74,0.05,23.5,17.48,6.02,2023,3,6
O111378,2023-03-06,P0064,C00312,S011,1,12.06,0.05,11.46,5.48,5.98,2023,3,6
O103992,2023-03-06,P0014,C00699,S010,1,13.14,0.05,12.48,6.13,6.35,2023,3,6
O108211,2023-03-06,P0029,C01164,S007,2,93.75,0.05,178.12,137.52,40.6,2023,3,6
O100318,2023-03-06,P0094,C00126,S005,3,21.21,0.0,63.63,36.51,27.12,2023,3,6
O104908,2023-03-06,P0080,C00615,S007,1,20.59,0.0,20.59,13.94,6.65,2023,3,6
O110419,2023-03-06,P0091,C00636,S010,1,35.24,0.0,35.24,18.67,16.57,2023,3,6
O109085,2023-03-06,P0054,C00361,S009,2,42.97,0.0,85.94,58.24,27.7,2023,3,6
O108588,2023-03-06,P0050,C00855,S012,1,9.87,0.0,9.87,4.74,5.13,2023,3,6
O100981,2023-03-06,P0060,C00413,S001,2,80.71,0.0,161.42,102.5,58.92,2023,3,6
O106803,2023-03-06,P0038,C01023,S006,2,42.19,0.0,84.38,58.62,25.76,2023,3,6
O104426,2023-03-07,P0041,C00550,S001,1,246.7,0.05,234.36,134.73,99.63,2023,3,7
O101691,2023-03-07,P0065,C00167,S009,3,776.21,0.1,2095.77,1156.62,939.15,2023,3,7
O105826,2023-03-07,P0031,C00122,S012,1,104.43,0.0,104.43,64.18,40.25,2023,3,7
O106205,2023-03-07,P0026,C00858,S012,1,325.3,0.05,309.03,181.38,127.65,2023,3,7
O104047,2023-03-07,P0072,C00093,S002,1,149.26,0.0,149.26,69.51,79.75,2023,3,7
O107230,2023-03-07,P0016,C00095,S003,1,547.4,0.0,547.4,397.41,149.99,2023,3,7
O110866,2023-03-07,P0090,C00268,S009,1,575.16,0.1,517.64,375.73,141.91,2023,3,7
O107272,2023-03-07,P0083,C00458,S010,1,85.03,0.1,76.53,44.79,31.74,2023,3,7
O107628,2023-03-07,P0082,C00817,S002,2,28.43,0.0,56.86,43.46,13.4,2023,3,7
O101703,2023-03-07,P0073,C00420,S006,2,36.7,0.0,73.4,36.44,36.96,2023,3,7
O103276,2023-03-07,P0014,C00184,S011,1,13.14,0.0,13.14,6.13,7.01,2023,3,7
O111724,2023-03-07,P0021,C00317,S007,3,25.8,0.15,65.79,37.71,28.08,2023,3,7
O100755,2023-03-07,P0077,C01100,S008,1,130.07,0.0,130.07,107.65,22.42,2023,3,7
O101338,2023-03-07,P0003,C00108,S008,1,44.76,0.0,44.76,33.14,11.62,2023,3,7
O100827,2023-03-07,P0026,C00274,S009,1,325.3,0.05,309.03,181.38,127.65,2023,3,7
O108368,2023-03-07,P0010,C00335,S007,1,14.81,0.0,14.81,12.15,2.66,2023,3,7
O107233,2023-03-08,P0009,C00013,S001,1,8.02,0.0,8.02,6.09,1.93,2023,3,8
O109781,2023-03-08,P0033,C01040,S008,1,47.81,0.0,47.81,31.21,16.6,2023,3,8
O107218,2023-03-08,P0051,C00002,S009,2,32.14,0.15,54.64,32.04,22.6,2023,3,8
O111207,2023-03-08,P0085,C00485,S007,5,34.17,0.1,153.77,137.5,16.27,2023,3,8
O108078,2023-03-08,P0058,C01110,S002,1,123.22,0.1,110.9,59.47,51.43,2023,3,8
O101480,2023-03-08,P0023,C00425,S003,2,818.22,0.1,1472.8,1260.3,212.5,2023,3,8
O101121,2023-03-08,P0093,C00775,S003,10,13.08,0.1,117.72,91.6,26.12,2023,3,8
O100354,2023-03-08,P0032,C01074,S009,4,62.15,0.0,248.6,181.16,67.44,2023,3,8
O105346,2023-03-08,P0085,C00273,S002,1,34.17,0.0,34.17,27.5,6.67,2023,3,8
O107651,2023-03-08,P0013,C00100,S012,3,45.23,0.0,135.69,74.46,61.23,2023,3,8
O110839,2023-03-08,P0055,C01084,S002,1,24.74,0.15,21.03,17.48,3.55,2023,3,8
O106615,2023-03-08,P0032,C00061,S002,1,62.15,0.05,59.04,45.29,13.75,2023,3,8
O102687,2023-03-08,P0037,C00035,S012,4,61.48,0.0,245.92,192.4,53.52,2023,3,8
O100545,2023-03-08,P0079,C00104,S003,1,120.53,0.0,120.53,93.1,27.43,2023,3,8
O108592,2023-03-08,P0080,C00889,S003,1,20.59,0.0,20.59,13.94,6.65,2023,3,8
O100581,2023-03-08,P0095,C00614,S012,2,118.84,0.15,202.03,156.34,45.69,2023,3,8
O103740,2023-03-08,P0064,C01062,S006,1,12.06,0.1,10.85,5.48,5.37,2023,3,8
O109320,2023-03-08,P0098,C01164,S005,2,37.83,0.0,75.66,58.0,17.66,2023,3,8
O108920,2023-03-08,P0015,C00212,S007,1,36.03,0.0,36.03,18.61,17.42,2023,3,8
O100259,2023-03-08,P0094,C00448,S002,1,21.21,0.0,21.21,12.17,9.04,2023,3,8
O105993,2023-03-08,P0030,C00939,S009,1,41.4,0.0,41.4,25.21,16.19,2023,3,8
O102864,2023-03-08,P0067,C00358,S007,2,5.57,0.05,10.58,6.5,4.08,2023,3,8
O107811,2023-03-08,P0022,C00518,S002,2,42.03,0.0,84.06,60.28,23.78,2023,3,8
O107983,2023-03-08,P0002,C00447,S002,1,130.95,0.1,117.85,100.06,17.79,2023,3,8
O106148,2023-03-08,P0098,C00310,S004,1,37.83,0.0,37.83,29.0,8.83,2023,3,8
O100256,2023-03-08,P0041,C00741,S011,5,246.7,0.0,1233.5,673.65,559.85,2023,3,8
O110377,2023-03-08,P0082,C00968,S007,1,28.43,0.05,27.01,21.73,5.28,2023,3,8
O109042,2023-03-09,P0001,C00573,S003,1,132.87,0.0,132.87,107.4,25.47,2023,3,9
O101828,2023-03-09,P0027,C00041,S001,2,55.97,0.0,111.94,59.14,52.8,2023,3,9
O100363,2023-03-09,P0013,C00787,S012,3,45.23,0.0,135.69,74.46,61.23,2023,3,9
O109695,2023-03-09,P0020,C01098,S007,1,30.45,0.0,30.45,20.59,9.86,2023,3,9
O107395,2023-03-09,P0093,C00082,S009,1,13.08,0.2,10.46,9.16,1.3,2023,3,9
O110872,2023-03-09,P0021,C00407,S010,2,25.8,0.0,51.6,25.14,26.46,2023,3,9
O108099,2023-03-09,P0049,C00948,S008,1,366.28,0.0,366.28,172.71,193.57,2023,3,9
O107824,2023-03-09,P0047,C00177,S005,3,125.46,0.0,376.38,179.7,196.68,2023,3,9
O100086,2023-03-09,P0005,C01070,S005,1,15.5,0.0,15.5,12.07,3.43,2023,3,9
O103572,2023-03-09,P0008,C00545,S005,1,22.28,0.05,21.17,11.14,10.03,2023,3,9
O109858,2023-03-09,P0037,C00386,S005,4,61.48,0.1,221.33,192.4,28.93,2023,3,9
O103317,2023-03-09,P0088,C00756,S006,1,5.57,0.05,5.29,4.31,0.98,2023,3,9
O110037,2023-03-09,P0012,C01085,S002,1,88.36,0.0,88.36,62.9,25.46,2023,3,9
O111690,2023-03-09,P0003,C00960,S008,1,44.76,0.15,38.05,33.14,4.91,2023,3,9
O111392,2023-03-09,P0033,C01064,S005,1,47.81,0.0,47.81,31.21,16.6,2023,3,9
O109619,2023-03-09,P0010,C00954,S011,1,14.81,0.0,14.81,12.15,2.66,2023,3,9
O106693,2023-03-09,P0079,C00944,S010,1,120.53,0.2,96.42,93.1,3.32,2023,3,9
O106285,2023-03-09,P0077,C00069,S010,10,130.07,0.0,1300.7,1076.5,224.2,2023,3,9
O109624,2023-03-09,P0035,C00049,S009,1,21.89,0.1,19.7,12.25,7.45,2023,3,9
O101017,2023-03-09,P0021,C01195,S010,1,25.8,0.05,24.51,12.57,11.94,2023,3,9
O109447,2023-03-10,P0073,C00887,S011,2,36.7,0.0,73.4,36.44,36.96,2023,3,10
O109160,2023-03-10,P0092,C00739,S012,2,41.48,0.0,82.96,50.82,32.14,2023,3,10
O108258,2023-03-10,P0040,C01178,S010,1,25.25,0.0,25.25,16.53,8.72,2023,3,10
O106886,2023-03-10,P0050,C00722,S008,1,9.87,0.0,9.87,4.74,5.13,2023,3,10
O103898,2023-03-10,P0098,C00395,S010,1,37.83,0.0,37.83,29.0,8.83,2023,3,10
O102510,2023-03-10,P0098,C00605,S002,1,37.83,0.0,37.83,29.0,8.83,2023,3,10
O105130,2023-03-10,P0011,C00759,S003,3,713.82,0.0,2141.46,1355.49,785.97,2023,3,10
O110092,2023-03-10,P0077,C00568,S007,4,130.07,0.0,520.28,430.6,89.68,2023,3,10
O104797,2023-03-10,P0018,C00797,S004,1,34.43,0.0,34.43,26.49,7.94,2023,3,10
O105147,2023-03-10,P0088,C00715,S002,2,5.57,0.0,11.14,8.62,2.52,2023,3,10
O109381,2023-03-10,P0070,C00244,S002,2,27.07,0.0,54.14,28.5,25.64,2023,3,10
O111454,2023-03-10,P0078,C00329,S009,2,18.31,0.1,32.96,25.68,7.28,2023,3,10
O109400,2023-03-10,P0100,C01120,S002,1,142.46,0.1,128.21,91.14,37.07,2023,3,10
O106177,2023-03-10,P0065,C01200,S003,1,776.21,0.0,776.21,385.54,390.67,2023,3,10
O108175,2023-03-10,P0036,C00762,S001,2,15.34,0.0,30.68,16.58,14.1,2023,3,10
O108945,2023-03-10,P0003,C01093,S008,2,44.76,0.05,85.04,66.28,18.76,2023,3,10
O111462,2023-03-10,P0094,C00226,S008,1,21.21,0.0,21.21,12.17,9.04,2023,3,10
O100872,2023-03-10,P0017,C00589,S007,1,25.27,0.0,25.27,17.77,7.5,2023,3,10
O108919,2023-03-10,P0040,C00310,S008,1,25.25,0.0,25.25,16.53,8.72,2023,3,10
O107560,2023-03-10,P0009,C00777,S001,3,8.02,0.05,22.86,18.27,4.59,2023,3,10
O109585,2023-03-10,P0028,C00803,S009,2,453.33,0.0,906.66,507.92,398.74,2023,3,10
O106477,2023-03-10,P0013,C01043,S002,1,45.23,0.0,45.23,24.82,20.41,2023,3,10
O108757,2023-03-10,P0028,C01186,S008,1,453.33,0.0,453.33,253.96,199.37,2023,3,10
O104113,2023-03-10,P0068,C00267,S009,1,100.31,0.0,100.31,81.38,18.93,2023,3,10
O101024,2023-03-10,P0004,C00671,S011,1,29.55,0.0,29.55,14.48,15.07,2023,3,10
O108997,2023-03-11,P0016,C00957,S009,2,547.4,0.0,1094.8,794.82,299.98,2023,3,11
O108436,2023-03-11,P0042,C00762,S011,4,9.86,0.0,39.44,24.92,14.52,2023,3,11
O107596,2023-03-11,P0043,C01173,S002,2,11.09,0.0,22.18,11.62,10.56,2023,3,11
O108369,2023-03-11,P0085,C00715,S005,1,34.17,0.1,30.75,27.5,3.25,2023,3,11
O104006,2023-03-11,P0060,C01174,S010,1,80.71,0.05,76.67,51.25,25.42,2023,3,11
O106432,2023-03-11,P0050,C00128,S009,2,9.87,0.0,19.74,9.48,10.26,2023,3,11
O100914,2023-03-11,P0044,C00347,S005,1,136.64,0.05,129.81,115.68,14.13,2023,3,11
O104029,2023-03-11,P0026,C00813,S004,1,325.3,0.0,325.3,181.38,143.92,2023,3,11
O104139,2023-03-11,P0061,C00956,S005,1,86.94,0.0,86.94,46.4,40.54,2023,3,11
O100401,2023-03-11,P0001,C00025,S001,1,132.87,0.0,132.87,107.4,25.47,2023,3,11
O109541,2023-03-11,P0065,C00956,S010,1,776.21,0.0,776.21,385.54,390.67,2023,3,11
O102788,2023-03-11,P0035,C00722,S008,2,21.89,0.1,39.4,24.5,14.9,2023,3,11
O102240,2023-03-11,P0011,C00983,S011,1,713.82,0.1,642.44,451.83,190.61,2023,3,11
O101052,2023-03-11,P0019,C00109,S001,1,138.62,0.0,138.62,68.15,70.47,2023,3,11
O100454,2023-03-12,P0022,C00446,S006,1,42.03,0.1,37.83,30.14,7.69,2023,3,12
O103501,2023-03-12,P0004,C00590,S007,1,29.55,0.0,29.55,14.48,15.07,2023,3,12
O110215,2023-03-12,P0058,C00786,S001,2,123.22,0.0,246.44,118.94,127.5,2023,3,12
O108839,2023-03-12,P0007,C00491,S012,1,99.07,0.05,94.12,74.71,19.41,2023,3,12
O110031,2023-03-12,P0074,C01009,S004,1,106.15,0.05,100.84,69.24,31.6,2023,3,12
O100803,2023-03-12,P0066,C00111,S003,1,105.53,0.15,89.7,58.77,30.93,2023,3,12
O106550,2023-03-12,P0019,C00311,S011,1,138.62,0.1,124.76,68.15,56.61,2023,3,12
O107884,2023-03-12,P0068,C00204,S010,2,100.31,0.0,200.62,162.76,37.86,2023,3,12
O102903,2023-03-12,P0079,C01039,S005,1,120.53,0.0,120.53,93.1,27.43,2023,3,12
O106014,2023-03-13,P0019,C00402,S011,1,138.62,0.0,138.62,68.15,70.47,2023,3,13
O103609,2023-03-13,P0001,C00088,S002,1,132.87,0.05,126.23,107.4,18.83,2023,3,13
O103372,2023-03-13,P0074,C00633,S011,3,106.15,0.0,318.45,207.72,110.73,2023,3,13
O101123,2023-03-13,P0030,C00431,S011,1,41.4,0.15,35.19,25.21,9.98,2023,3,13
O102385,2023-03-13,P0050,C00755,S001,1,9.87,0.0,9.87,4.74,5.13,2023,3,13
O107343,2023-03-13,P0086,C00968,S008,1,310.61,0.05,295.08,159.69,135.39,2023,3,13
O100144,2023-03-13,P0008,C00986,S011,1,22.28,0.1,20.05,11.14,8.91,2023,3,13
O101297,2023-03-13,P0094,C00566,S011,4,21.21,0.05,80.6,48.68,31.92,2023,3,13
O108384,2023-03-13,P0065,C00810,S008,2,776.21,0.2,1241.94,771.08,470.86,2023,3,13
O109190,2023-03-13,P0098,C00396,S009,2,37.83,0.1,68.09,58.0,10.09,2023,3,13
O100779,2023-03-13,P0100,C00378,S005,1,142.46,0.0,142.46,91.14,51.32,2023,3,13
O107638,2023-03-13,P0057,C00071,S005,1,157.4,0.0,157.4,131.61,25.79,2023,3,13
O100787,2023-03-13,P0045,C01061,S012,1,131.19,0.0,131.19,106.88,24.31,2023,3,13
O108991,2023-03-14,P0051,C00491,S001,10,32.14,0.0,321.4,160.2,161.2,2023,3,14
O106023,2023-03-14,P0050,C00167,S006,1,9.87,0.0,9.87,4.74,5.13,2023,3,14
O106903,2023-03-14,P0075,C01058,S002,1,10.1,0.1,9.09,7.49,1.6,2023,3,14
O101210,2023-03-14,P0085,C00400,S012,1,34.17,0.0,34.17,27.5,6.67,2023,3,14
O107993,2023-03-14,P0061,C00100,S008,1,86.94,0.0,86.94,46.4,40.54,2023,3,14
O104182,2023-03-14,P0046,C00003,S002,1,69.45,0.05,65.98,42.58,23.4,2023,3,14
O106937,2023-03-14,P0008,C00759,S011,1,22.28,0.0,22.28,11.14,11.14,2023,3,14
O107270,2023-03-14,P0023,C00633,S003,2,818.22,0.0,1636.44,1260.3,376.14,2023,3,14
O107554,2023-03-14,P0027,C00803,S012,1,55.97,0.0,55.97,29.57,26.4,2023,3,14
O102794,2023-03-14,P0039,C00377,S003,1,47.6,0.05,45.22,32.53,12.69,2023,3,14
O111061,2023-03-14,P0052,C00291,S004,3,97.55,0.0,292.65,184.41,108.24,2023,3,14
O101798,2023-03-14,P0030,C00191,S010,1,41.4,0.0,41.4,25.21,16.19,2023,3,14
O104118,2023-03-14,P0038,C00901,S001,1,42.19,0.0,42.19,29.31,12.88,2023,3,14
O108756,2023-03-15,P0015,C00840,S001,3,36.03,0.1,97.28,55.83,41.45,2023,3,15
O110705,2023-03-15,P0026,C00378,S010,1,325.3,0.0,325.3,181.38,143.92,2023,3,15
O101582,2023-03-15,P0068,C00222,S004,2,100.31,0.0,200.62,162.76,37.86,2023,3,15
O109153,2023-03-15,P0050,C01111,S011,1,9.87,0.0,9.87,4.74,5.13,2023,3,15
O101189,2023-03-15,P0092,C00611,S010,1,41.48,0.0,41.48,25.41,16.07,2023,3,15
O102387,2023-03-15,P0011,C00263,S006,1,713.82,0.0,713.82,451.83,261.99,2023,3,15
O100665,2023-03-15,P0028,C00322,S007,1,453.33,0.15,385.33,253.96,131.37,2023,3,15
O110307,2023-03-15,P0066,C00872,S003,1,105.53,0.05,100.25,58.77,41.48,2023,3,15
O105595,2023-03-15,P0011,C00830,S005,2,713.82,0.0,1427.64,903.66,523.98,2023,3,15
O109777,2023-03-15,P0060,C00493,S002,1,80.71,0.0,80.71,51.25,29.46,2023,3,15
O108737,2023-03-15,P0030,C00591,S012,1,41.4,0.0,41.4,25.21,16.19,2023,3,15
O104479,2023-03-15,P0053,C00844,S008,1,51.37,0.0,51.37,32.27,19.1,2023,3,15
O104096,2023-03-15,P0099,C00409,S008,1,5.01,0.1,4.51,2.77,1.74,2023,3,15
O100893,2023-03-16,P0078,C00353,S006,2,18.31,0.2,29.3,25.68,3.62,2023,3,16
O106492,2023-03-16,P0025,C01048,S005,1,18.6,0.05,17.67,14.09,3.58,2023,3,16
O106501,2023-03-16,P0084,C00818,S003,1,17.53,0.0,17.53,14.11,3.42,2023,3,16
O110607,2023-03-16,P0090,C00440,S008,1,575.16,0.0,575.16,375.73,199.43,2023,3,16
O111643,2023-03-16,P0041,C00453,S003,1,246.7,0.1,222.03,134.73,87.3,2023,3,16
O111337,2023-03-16,P0068,C00158,S002,1,100.31,0.0,100.31,81.38,18.93,2023,3,16
O111138,2023-03-16,P0029,C00212,S004,1,93.75,0.0,93.75,68.76,24.99,2023,3,16
O110494,2023-03-16,P0013,C00764,S007,3,45.23,0.0,135.69,74.46,61.23,2023,3,16
O104176,2023-03-16,P0009,C00306,S005,1,8.02,0.2,6.42,6.09,0.33,2023,3,16
O100339,2023-03-16,P0066,C00777,S002,5,105.53,0.0,527.65,293.85,233.8,2023,3,16
O111639,2023-03-16,P0054,C00762,S011,1,42.97,0.1,38.67,29.12,9.55,2023,3,16
O103298,2023-03-16,P0056,C00195,S008,2,20.73,0.05,39.39,33.5,5.89,2023,3,16
O107492,2023-03-16,P0078,C01189,S006,4,18.31,0.0,73.24,51.36,21.88,2023,3,16
O104053,2023-03-16,P0005,C00453,S011,1,15.5,0.0,15.5,12.07,3.43,2023,3,16
O109000,2023-03-16,P0025,C00647,S012,2,18.6,0.05,35.34,28.18,7.16,2023,3,16
O111403,2023-03-16,P0098,C00061,S004,1,37.83,0.0,37.83,29.0,8.83,2023,3,16
O104611,2023-03-16,P0048,C00346,S005,2,113.33,0.05,215.33,165.1,50.23,2023,3,16
O106222,2023-03-16,P0061,C00166,S005,1,86.94,0.0,86.94,46.4,40.54,2023,3,16
O102843,2023-03-16,P0036,C00604,S012,4,15.34,0.0,61.36,33.16,28.2,2023,3,16
O104955,2023-03-17,P0016,C00429,S006,1,547.4,0.15,465.29,397.41,67.88,2023,3,17
O100496,2023-03-17,P0018,C00574,S012,3,34.43,0.1,92.96,79.47,13.49,2023,3,17
O106408,2023-03-17,P0031,C00113,S005,1,104.43,0.0,104.43,64.18,40.25,2023,3,17
O102592,2023-03-17,P0002,C00078,S003,2,130.95,0.0,261.9,200.12,61.78,2023,3,17
O106065,2023-03-17,P0084,C00286,S008,1,17.53,0.0,17.53,14.11,3.42,2023,3,17
O104757,2023-03-17,P0089,C00530,S001,4,39.28,0.05,149.26,72.6,76.66,2023,3,17
O109831,2023-03-17,P0056,C00400,S011,2,20.73,0.0,41.46,33.5,7.96,2023,3,17
O111088,2023-03-17,P0094,C01013,S011,1,21.21,0.15,18.03,12.17,5.86,2023,3,17
O103179,2023-03-17,P0020,C01157,S008,1,30.45,0.1,27.4,20.59,6.81,2023,3,17
O107678,2023-03-17,P0071,C00656,S011,2,9.68,0.15,16.46,14.76,1.7,2023,3,17
O104633,2023-03-17,P0067,C00905,S003,1,5.57,0.05,5.29,3.25,2.04,2023,3,17
O109477,2023-03-17,P0045,C00542,S004,2,131.19,0.1,236.14,213.76,22.38,2023,3,17
O110677,2023-03-17,P0094,C00855,S002,10,21.21,0.0,212.1,121.7,90.4,2023,3,17
O103466,2023-03-18,P0035,C00520,S011,4,21.89,0.0,87.56,49.0,38.56,2023,3,18
O111548,2023-03-18,P0053,C01122,S004,10,51.37,0.0,513.7,322.7,191.0,2023,3,18
O101960,2023-03-18,P0048,C00660,S008,1,113.33,0.1,102.0,82.55,19.45,2023,3,18
O103420,2023-03-18,P0018,C00908,S012,1,34.43,0.15,29.27,26.49,2.78,2023,3,18
O106377,2023-03-18,P0092,C00804,S006,2,41.48,0.05,78.81,50.82,27.99,2023,3,18
O103329,2023-03-18,P0069,C00163,S001,1,85.27,0.0,85.27,65.86,19.41,2023,3,18
O110156,2023-03-18,P0005,C01086,S011,2,15.5,0.0,31.0,24.14,6.86,2023,3,18
O102770,2023-03-18,P0056,C00142,S002,1,20.73,0.1,18.66,16.75,1.91,2023,3,18
O102262,2023-03-18,P0088,C01186,S007,1,5.57,0.0,5.57,4.31,1.26,2023,3,18
O104142,2023-03-18,P0036,C00839,S002,1,15.34,0.1,13.81,8.29,5.52,2023,3,18
O104747,2023-03-18,P0067,C00867,S002,2,5.57,0.2,8.91,6.5,2.41,2023,3,18
O102217,2023-03-18,P0044,C00967,S009,4,136.64,0.0,546.56,462.72,83.84,2023,3,18
O101781,2023-03-18,P0071,C01063,S003,1,9.68,0.0,9.68,7.38,2.3,2023,3,18
O110159,2023-03-18,P0058,C00692,S012,1,123.22,0.0,123.22,59.47,63.75,2023,3,18
O100312,2023-03-18,P0030,C00053,S009,1,41.4,0.15,35.19,25.21,9.98,2023,3,18
O111384,2023-03-18,P0086,C00207,S006,1,310.61,0.0,310.61,159.69,150.92,2023,3,18
O109037,2023-03-18,P0010,C01168,S006,1,14.81,0.1,13.33,12.15,1.18,2023,3,18
O111874,2023-03-18,P0018,C00633,S005,1,34.43,0.2,27.54,26.49,1.05,2023,3,18
O107980,2023-03-18,P0034,C00535,S003,2,84.19,0.0,168.38,138.08,30.3,2023,3,18
O111509,2023-03-18,P0092,C00238,S005,1,41.48,0.05,39.41,25.41,14.0,2023,3,18
O106877,2023-03-18,P0007,C01044,S010,2,99.07,0.0,198.14,149.42,48.72,2023,3,18
O106478,2023-03-19,P0090,C00071,S010,3,575.16,0.0,1725.48,1127.19,598.29,2023,3,19
O108555,2023-03-19,P0035,C01100,S011,1,21.89,0.0,21.89,12.25,9.64,2023,3,19
O107113,2023-03-19,P0054,C00631,S007,1,42.97,0.05,40.82,29.12,11.7,2023,3,19
O107988,2023-03-19,P0098,C01034,S002,2,37.83,0.0,75.66,58.0,17.66,2023,3,19
O100652,2023-03-19,P0073,C00269,S012,4,36.7,0.0,146.8,72.88,73.92,2023,3,19
O109973,2023-03-19,P0017,C00698,S008,1,25.27,0.0,25.27,17.77,7.5,2023,3,19
O108051,2023-03-19,P0082,C01093,S008,1,28.43,0.05,27.01,21.73,5.28,2023,3,19
O111095,2023-03-20,P0036,C00970,S007,2,15.34,0.0,30.68,16.58,14.1,2023,3,20
O110483,2023-03-20,P0010,C00307,S008,1,14.81,0.0,14.81,12.15,2.66,2023,3,20
O104561,2023-03-20,P0085,C00712,S010,2,34.17,0.05,64.92,55.0,9.92,2023,3,20
O104268,2023-03-20,P0067,C00323,S008,1,5.57,0.0,5.57,3.25,2.32,2023,3,20
O102469,2023-03-20,P0042,C00140,S008,1,9.86,0.0,9.86,6.23,3.63,2023,3,20
O102602,2023-03-20,P0050,C00616,S003,1,9.87,0.0,9.87,4.74,5.13,2023,3,20
O102500,2023-03-20,P0093,C00244,S010,1,13.08,0.15,11.12,9.16,1.96,2023,3,20
O104248,2023-03-20,P0027,C00264,S003,1,55.97,0.0,55.97,29.57,26.4,2023,3,20
O104269,2023-03-20,P0001,C00597,S004,4,132.87,0.05,504.91,429.6,75.31,2023,3,20
O111058,2023-03-20,P0095,C01126,S009,2,118.84,0.0,237.68,156.34,81.34,2023,3,20
O103623,2023-03-20,P0053,C00202,S003,1,51.37,0.0,51.37,32.27,19.1,2023,3,20
O101915,2023-03-20,P0053,C00591,S010,3,51.37,0.0,154.11,96.81,57.3,2023,3,20
O104954,2023-03-20,P0065,C00984,S002,1,776.21,0.0,776.21,385.54,390.67,2023,3,20
O111006,2023-03-20,P0021,C00682,S009,1,25.8,0.0,25.8,12.57,13.23,2023,3,20
O110032,2023-03-20,P0024,C00964,S004,3,722.65,0.0,2167.95,1270.74,897.21,2023,3,20
O100880,2023-03-20,P0076,C00002,S005,1,301.81,0.0,301.81,247.89,53.92,2023,3,20
O109399,2023-03-20,P0034,C01173,S004,1,84.19,0.0,84.19,69.04,15.15,2023,3,20
O110766,2023-03-20,P0056,C00101,S011,1,20.73,0.0,20.73,16.75,3.98,2023,3,20
O108868,2023-03-20,P0006,C00224,S007,2,74.01,0.0,148.02,86.16,61.86,2023,3,20
O107185,2023-03-20,P0040,C00301,S012,1,25.25,0.0,25.25,16.53,8.72,2023,3,20
O105755,2023-03-20,P0033,C00057,S004,1,47.81,0.0,47.81,31.21,16.6,2023,3,20
O103182,2023-03-20,P0099,C00933,S011,3,5.01,0.1,13.53,8.31,5.22,2023,3,20
O101820,2023-03-21,P0044,C00780,S010,2,136.64,0.05,259.62,231.36,28.26,2023,3,21
O105170,2023-03-21,P0046,C00435,S006,1,69.45,0.05,65.98,42.58,23.4,2023,3,21
O108532,2023-03-21,P0090,C00723,S009,1,575.16,0.15,488.89,375.73,113.16,2023,3,21
O105206,2023-03-21,P0054,C00059,S002,2,42.97,0.1,77.35,58.24,19.11,2023,3,21
O103465,2023-03-21,P0075,C00121,S009,1,10.1,0.05,9.59,7.49,2.1,2023,3,21
O104466,2023-03-21,P0018,C01135,S001,1,34.43,0.0,34.43,26.49,7.94,2023,3,21
O104471,2023-03-21,P0036,C00826,S003,1,15.34,0.2,12.27,8.29,3.98,2023,3,21
O105070,2023-03-21,P0034,C00503,S003,1,84.19,0.0,84.19,69.04,15.15,2023,3,21
O100935,2023-03-21,P0054,C00420,S010,1,42.97,0.0,42.97,29.12,13.85,2023,3,21
O109532,2023-03-21,P0047,C00071,S001,2,125.46,0.0,250.92,119.8,131.12,2023,3,21
O109295,2023-03-21,P0037,C01192,S001,2,61.48,0.15,104.52,96.2,8.32,2023,3,21
O104521,2023-03-21,P0041,C00416,S010,3,246.7,0.05,703.09,404.19,298.9,2023,3,21
O100194,2023-03-21,P0040,C00590,S011,4,25.25,0.0,101.0,66.12,34.88,2023,3,21
O102677,2023-03-21,P0097,C00239,S012,1,8.15,0.0,8.15,5.49,2.66,2023,3,21
O105613,2023-03-21,P0011,C00915,S003,1,713.82,0.0,713.82,451.83,261.99,2023,3,21
O111722,2023-03-21,P0067,C00740,S006,2,5.57,0.05,10.58,6.5,4.08,2023,3,21
O103170,2023-03-21,P0031,C00467,S003,1,104.43,0.0,104.43,64.18,40.25,2023,3,21
O102940,2023-03-21,P0065,C00041,S004,1,776.21,0.0,776.21,385.54,390.67,2023,3,21
O102659,2023-03-21,P0066,C00212,S002,1,105.53,0.2,84.42,58.77,25.65,2023,3,21
O111486,2023-03-22,P0036,C01159,S002,1,15.34,0.0,15.34,8.29,7.05,2023,3,22
O100660,2023-03-22,P0002,C00658,S007,1,130.95,0.05,124.4,100.06,24.34,2023,3,22
O101137,2023-03-22,P0038,C00634,S009,4,42.19,0.0,168.76,117.24,51.52,2023,3,22
O103131,2023-03-22,P0065,C00849,S004,2,776.21,0.0,1552.42,771.08,781.34,2023,3,22
O105765,2023-03-22,P0020,C00127,S005,1,30.45,0.0,30.45,20.59,9.86,2023,3,22
O104120,2023-03-22,P0014,C00794,S007,2,13.14,0.05,24.97,12.26,12.71,2023,3,22
O102740,2023-03-22,P0019,C00672,S005,3,138.62,0.0,415.86,204.45,211.41,2023,3,22
O110187,2023-03-22,P0013,C00628,S010,1,45.23,0.1,40.71,24.82,15.89,2023,3,22
O104745,2023-03-22,P0012,C00038,S009,2,88.36,0.1,159.05,125.8,33.25,2023,3,22
O105861,2023-03-22,P0021,C00477,S002,2,25.8,0.15,43.86,25.14,18.72,2023,3,22
O105230,2023-03-22,P0033,C00154,S004,1,47.81,0.0,47.81,31.21,16.6,2023,3,22
O102600,2023-03-22,P0072,C00602,S011,5,149.26,0.0,746.3,347.55,398.75,2023,3,22
O104299,2023-03-22,P0078,C00998,S008,1,18.31,0.1,16.48,12.84,3.64,2023,3,22
O104520,2023-03-22,P0059,C00611,S011,3,10.64,0.0,31.92,23.1,8.82,2023,3,22
O108311,2023-03-22,P0069,C00756,S009,2,85.27,0.0,170.54,131.72,38.82,2023,3,22
O108086,2023-03-23,P0004,C00759,S004,1,29.55,0.0,29.55,14.48,15.07,2023,3,23
O104557,2023-03-23,P0083,C00939,S012,1,85.03,0.0,85.03,44.79,40.24,2023,3,23
O110004,2023-03-23,P0014,C00073,S007,1,13.14,0.0,13.14,6.13,7.01,2023,3,23
O108018,2023-03-23,P0091,C00892,S006,2,35.24,0.0,70.48,37.34,33.14,2023,3,23
O108040,2023-03-23,P0012,C00484,S003,2,88.36,0.0,176.72,125.8,50.92,2023,3,23
O101156,2023-03-23,P0045,C00199,S009,1,131.19,0.1,118.07,106.88,11.19,2023,3,23
O105687,2023-03-23,P0077,C00379,S003,1,130.07,0.05,123.57,107.65,15.92,2023,3,23
O111479,2023-03-23,P0074,C00716,S009,1,106.15,0.15,90.23,69.24,20.99,2023,3,23
O106182,2023-03-23,P0019,C00855,S002,1,138.62,0.0,138.62,68.15,70.47,2023,3,23
O104421,2023-03-23,P0002,C00460,S010,1,130.95,0.1,117.85,100.06,17.79,2023,3,23
O109631,2023-03-23,P0002,C00098,S003,1,130.95,0.0,130.95,100.06,30.89,2023,3,23
O101332,2023-03-23,P0006,C00397,S006,1,74.01,0.0,74.01,43.08,30.93,2023,3,23
O101914,2023-03-23,P0006,C01116,S003,4,74.01,0.0,296.04,172.32,123.72,2023,3,23
O105775,2023-03-23,P0062,C00366,S012,1,39.06,0.0,39.06,17.85,21.21,2023,3,23
O103381,2023-03-23,P0027,C01118,S010,10,55.97,0.0,559.7,295.7,264.0,2023,3,23
O101075,2023-03-23,P0056,C00231,S004,2,20.73,0.0,41.46,33.5,7.96,2023,3,23
O110194,2023-03-23,P0100,C00911,S011,1,142.46,0.15,121.09,91.14,29.95,2023,3,23
O111816,2023-03-23,P0068,C00004,S011,2,100.31,0.05,190.59,162.76,27.83,2023,3,23
O109822,2023-03-23,P0022,C01044,S008,10,42.03,0.1,378.27,301.4,76.87,2023,3,23
O109366,2023-03-23,P0055,C00330,S004,1,24.74,0.0,24.74,17.48,7.26,2023,3,23
O108448,2023-03-24,P0046,C00184,S006,4,69.45,0.0,277.8,170.32,107.48,2023,3,24
O105554,2023-03-24,P0031,C00377,S004,1,104.43,0.0,104.43,64.18,40.25,2023,3,24
O110709,2023-03-24,P0035,C00299,S012,1,21.89,0.1,19.7,12.25,7.45,2023,3,24
O101265,2023-03-24,P0081,C00266,S004,1,143.09,0.1,128.78,110.0,18.78,2023,3,24
O103773,2023-03-24,P0058,C00278,S007,2,123.22,0.0,246.44,118.94,127.5,2023,3,24
O105960,2023-03-24,P0009,C01064,S006,4,8.02,0.05,30.48,24.36,6.12,2023,3,24
O111399,2023-03-24,P0008,C00626,S003,1,22.28,0.1,20.05,11.14,8.91,2023,3,24
O104186,2023-03-24,P0032,C00760,S008,1,62.15,0.0,62.15,45.29,16.86,2023,3,24
O107932,2023-03-24,P0096,C00603,S004,1,63.84,0.05,60.65,35.05,25.6,2023,3,24
O100191,2023-03-25,P0021,C00458,S005,1,25.8,0.0,25.8,12.57,13.23,2023,3,25
O105066,2023-03-25,P0004,C00583,S011,3,29.55,0.0,88.65,43.44,45.21,2023,3,25
O110729,2023-03-25,P0027,C00228,S009,1,55.97,0.05,53.17,29.57,23.6,2023,3,25
O108381,2023-03-25,P0049,C00030,S007,1,366.28,0.2,293.02,172.71,120.31,2023,3,25
O110232,2023-03-25,P0077,C00887,S010,2,130.07,0.0,260.14,215.3,44.84,2023,3,25
O101419,2023-03-25,P0095,C00876,S002,1,118.84,0.0,118.84,78.17,40.67,2023,3,25
O100577,2023-03-25,P0010,C00878,S011,1,14.81,0.1,13.33,12.15,1.18,2023,3,25
O108252,2023-03-25,P0027,C00386,S003,1,55.97,0.0,55.97,29.57,26.4,2023,3,25
O109265,2023-03-25,P0019,C00675,S011,1,138.62,0.0,138.62,68.15,70.47,2023,3,25
O104585,2023-03-25,P0014,C01127,S003,4,13.14,0.0,52.56,24.52,28.04,2023,3,25
O111385,2023-03-25,P0088,C00331,S003,1,5.57,0.15,4.73,4.31,0.42,2023,3,25
O100306,2023-03-25,P0098,C00962,S012,1,37.83,0.2,30.26,29.0,1.26,2023,3,25
O108692,2023-03-25,P0091,C00254,S002,3,35.24,0.15,89.86,56.01,33.85,2023,3,25
O102906,2023-03-25,P0066,C00862,S008,1,105.53,0.0,105.53,58.77,46.76,2023,3,25
O108008,2023-03-25,P0013,C00141,S004,1,45.23,0.0,45.23,24.82,20.41,2023,3,25
O107317,2023-03-25,P0068,C00372,S003,2,100.31,0.0,200.62,162.76,37.86,2023,3,25
O109689,2023-03-25,P0071,C00956,S005,1,9.68,0.0,9.68,7.38,2.3,2023,3,25
O105392,2023-03-25,P0036,C00747,S002,2,15.34,0.15,26.08,16.58,9.5,2023,3,25
O110900,2023-03-26,P0089,C01183,S012,2,39.28,0.0,78.56,36.3,42.26,2023,3,26
O109731,2023-03-26,P0005,C00097,S001,2,15.5,0.0,31.0,24.14,6.86,2023,3,26
O106824,2023-03-26,P0008,C00598,S004,1,22.28,0.0,22.28,11.14,11.14,2023,3,26
O111994,2023-03-26,P0036,C00367,S012,3,15.34,0.1,41.42,24.87,16.55,2023,3,26
O105315,2023-03-26,P0084,C00208,S007,1,17.53,0.0,17.53,14.11,3.42,2023,3,26
O100654,2023-03-26,P0056,C00999,S009,1,20.73,0.0,20.73,16.75,3.98,2023,3,26
O106727,2023-03-26,P0019,C00007,S005,1,138.62,0.05,131.69,68.15,63.54,2023,3,26
O101664,2023-03-26,P0072,C00811,S008,2,149.26,0.05,283.59,139.02,144.57,2023,3,26
O102095,2023-03-26,P0010,C01017,S003,1,14.81,0.0,14.81,12.15,2.66,2023,3,26
O105645,2023-03-26,P0020,C00478,S009,2,30.45,0.0,60.9,41.18,19.72,2023,3,26
O109730,2023-03-26,P0045,C00552,S012,1,131.19,0.0,131.19,106.88,24.31,2023,3,26
O107438,2023-03-26,P0047,C00399,S002,2,125.46,0.15,213.28,119.8,93.48,2023,3,26
O103153,2023-03-26,P0049,C00485,S005,2,366.28,0.0,732.56,345.42,387.14,2023,3,26
O109728,2023-03-26,P0071,C00335,S012,2,9.68,0.2,15.49,14.76,0.73,2023,3,26
O103457,2023-03-26,P0086,C00460,S012,1,310.61,0.2,248.49,159.69,88.8,2023,3,26
O107133,2023-03-26,P0047,C00841,S011,1,125.46,0.0,125.46,59.9,65.56,2023,3,26
O100915,2023-03-26,P0016,C00373,S001,1,547.4,0.0,547.4,397.41,149.99,2023,3,26
O110730,2023-03-26,P0013,C00574,S010,2,45.23,0.0,90.46,49.64,40.82,2023,3,26
O109763,2023-03-26,P0032,C01146,S007,1,62.15,0.0,62.15,45.29,16.86,2023,3,26
O108811,2023-03-26,P0094,C00296,S008,1,21.21,0.0,21.21,12.17,9.04,2023,3,26
O111007,2023-03-27,P0060,C00686,S011,3,80.71,0.1,217.92,153.75,64.17,2023,3,27
O102901,2023-03-27,P0069,C00331,S008,2,85.27,0.0,170.54,131.72,38.82,2023,3,27
O105866,2023-03-27,P0029,C00181,S012,5,93.75,0.0,468.75,343.8,124.95,2023,3,27
O110681,2023-03-27,P0006,C00880,S008,3,74.01,0.1,199.83,129.24,70.59,2023,3,27
O102408,2023-03-27,P0075,C00388,S010,1,10.1,0.15,8.58,7.49,1.09,2023,3,27
O103228,2023-03-27,P0019,C01072,S004,2,138.62,0.0,277.24,136.3,140.94,2023,3,27
O107968,2023-03-27,P0015,C00650,S011,3,36.03,0.0,108.09,55.83,52.26,2023,3,27
O100106,2023-03-27,P0036,C00286,S012,1,15.34,0.0,15.34,8.29,7.05,2023,3,27
O101172,2023-03-27,P0030,C00344,S001,1,41.4,0.0,41.4,25.21,16.19,2023,3,27
O107594,2023-03-27,P0092,C00358,S005,1,41.48,0.15,35.26,25.41,9.85,2023,3,27
O102821,2023-03-27,P0043,C00143,S004,3,11.09,0.0,33.27,17.43,15.84,2023,3,27
O102319,2023-03-27,P0006,C00083,S009,1,74.01,0.05,70.31,43.08,27.23,2023,3,27
O106227,2023-03-27,P0006,C00920,S006,1,74.01,0.1,66.61,43.08,23.53,2023,3,27
O110724,2023-03-27,P0048,C00326,S010,1,113.33,0.1,102.0,82.55,19.45,2023,3,27
O102545,2023-03-27,P0010,C00387,S011,1,14.81,0.0,14.81,12.15,2.66,2023,3,27
O110053,2023-03-27,P0028,C01098,S007,4,453.33,0.0,1813.32,1015.84,797.48,2023,3,27
O104647,2023-03-27,P0044,C00981,S005,2,136.64,0.0,273.28,231.36,41.92,2023,3,27
O105028,2023-03-27,P0095,C00852,S006,2,118.84,0.0,237.68,156.34,81.34,2023,3,27
O107899,2023-03-27,P0085,C00854,S006,1,34.17,0.1,30.75,27.5,3.25,2023,3,27
O105020,2023-03-27,P0041,C01125,S008,1,246.7,0.2,197.36,134.73,62.63,2023,3,27
O106979,2023-03-27,P0094,C00957,S009,1,21.21,0.0,21.21,12.17,9.04,2023,3,27
O101790,2023-03-27,P0099,C01023,S006,1,5.01,0.0,5.01,2.77,2.24,2023,3,27
O105351,2023-03-27,P0031,C00294,S008,3,104.43,0.0,313.29,192.54,120.75,2023,3,27
O101732,2023-03-28,P0024,C00140,S001,1,722.65,0.05,686.52,423.58,262.94,2023,3,28
O102474,2023-03-28,P0037,C01046,S009,1,61.48,0.0,61.48,48.1,13.38,2023,3,28
O100624,2023-03-28,P0039,C00962,S003,3,47.6,0.0,142.8,97.59,45.21,2023,3,28
O100622,2023-03-28,P0052,C00270,S011,2,97.55,0.05,185.34,122.94,62.4,2023,3,28
O110604,2023-03-28,P0073,C00516,S004,2,36.7,0.1,66.06,36.44,29.62,2023,3,28
O103528,2023-03-28,P0027,C00825,S001,3,55.97,0.0,167.91,88.71,79.2,2023,3,28
O105737,2023-03-28,P0004,C01170,S002,5,29.55,0.0,147.75,72.4,75.35,2023,3,28
O104953,2023-03-28,P0036,C00596,S011,1,15.34,0.0,15.34,8.29,7.05,2023,3,28
O100019,2023-03-28,P0082,C00045,S009,2,28.43,0.0,56.86,43.46,13.4,2023,3,28
O110925,2023-03-28,P0064,C00958,S004,3,12.06,0.0,36.18,16.44,19.74,2023,3,28
O111614,2023-03-28,P0051,C00422,S001,2,32.14,0.1,57.85,32.04,25.81,2023,3,28
O102014,2023-03-28,P0024,C00121,S010,1,722.65,0.1,650.38,423.58,226.8,2023,3,28
O107971,2023-03-28,P0029,C00643,S008,1,93.75,0.0,93.75,68.76,24.99,2023,3,28
O106621,2023-03-28,P0069,C00141,S005,2,85.27,0.0,170.54,131.72,38.82,2023,3,28
O103859,2023-03-28,P0090,C00033,S009,1,575.16,0.0,575.16,375.73,199.43,2023,3,28
O109044,2023-03-28,P0030,C00500,S008,5,41.4,0.0,207.0,126.05,80.95,2023,3,28
O104325,2023-03-28,P0026,C00029,S010,2,325.3,0.0,650.6,362.76,287.84,2023,3,28
O111692,2023-03-28,P0063,C00595,S004,1,112.94,0.05,107.29,90.69,16.6,2023,3,28
O101921,2023-03-28,P0016,C00301,S008,1,547.4,0.0,547.4,397.41,149.99,2023,3,28
O104382,2023-03-29,P0055,C01026,S005,1,24.74,0.1,22.27,17.48,4.79,2023,3,29
O100709,2023-03-29,P0059,C00426,S004,5,10.64,0.1,47.88,38.5,9.38,2023,3,29
O100348,2023-03-29,P0018,C00654,S002,1,34.43,0.0,34.43,26.49,7.94,2023,3,29
O103806,2023-03-29,P0036,C01040,S006,2,15.34,0.1,27.61,16.58,11.03,2023,3,29
O101334,2023-03-29,P0020,C00090,S006,3,30.45,0.0,91.35,61.77,29.58,2023,3,29
O110119,2023-03-29,P0088,C00431,S010,1,5.57,0.05,5.29,4.31,0.98,2023,3,29
O102699,2023-03-29,P0032,C00979,S008,1,62.15,0.1,55.94,45.29,10.65,2023,3,29
O102419,2023-03-29,P0018,C00750,S002,4,34.43,0.0,137.72,105.96,31.76,2023,3,29
O102856,2023-03-29,P0041,C00672,S007,2,246.7,0.0,493.4,269.46,223.94,2023,3,29
O107882,2023-03-29,P0090,C00112,S012,1,575.16,0.05,546.4,375.73,170.67,2023,3,29
O110755,2023-03-29,P0055,C00563,S006,1,24.74,0.05,23.5,17.48,6.02,2023,3,29
O107812,2023-03-29,P0042,C01178,S011,1,9.86,0.0,9.86,6.23,3.63,2023,3,29
O108933,2023-03-30,P0077,C00868,S011,1,130.07,0.0,130.07,107.65,22.42,2023,3,30
O103766,2023-03-30,P0003,C00164,S004,3,44.76,0.0,134.28,99.42,34.86,2023,3,30
O105380,2023-03-30,P0082,C00959,S011,2,28.43,0.05,54.02,43.46,10.56,2023,3,30
O111889,2023-03-30,P0027,C00207,S003,1,55.97,0.1,50.37,29.57,20.8,2023,3,30
O111624,2023-03-30,P0044,C00091,S010,1,136.64,0.05,129.81,115.68,14.13,2023,3,30
O108576,2023-03-30,P0069,C00705,S009,1,85.27,0.0,85.27,65.86,19.41,2023,3,30
O104082,2023-03-30,P0082,C00094,S004,1,28.43,0.0,28.43,21.73,6.7,2023,3,30
O110064,2023-03-30,P0005,C00747,S005,4,15.5,0.0,62.0,48.28,13.72,2023,3,30
O108806,2023-03-30,P0065,C01049,S005,3,776.21,0.1,2095.77,1156.62,939.15,2023,3,30
O107579,2023-03-30,P0002,C01007,S003,4,130.95,0.0,523.8,400.24,123.56,2023,3,30
O108665,2023-03-30,P0043,C00421,S010,4,11.09,0.0,44.36,23.24,21.12,2023,3,30
O104739,2023-03-30,P0084,C00086,S006,2,17.53,0.1,31.55,28.22,3.33,2023,3,30
O105373,2023-03-30,P0045,C00266,S002,2,131.19,0.05,249.26,213.76,35.5,2023,3,30
O102203,2023-03-31,P0094,C00006,S003,1,21.21,0.0,21.21,12.17,9.04,2023,3,31
O102553,2023-03-31,P0049,C00475,S004,1,366.28,0.05,347.97,172.71,175.26,2023,3,31
O102780,2023-03-31,P0048,C00904,S008,2,113.33,0.0,226.66,165.1,61.56,2023,3,31
O101494,2023-03-31,P0062,C00596,S004,1,39.06,0.0,39.06,17.85,21.21,2023,3,31
O106486,2023-03-31,P0067,C00250,S002,1,5.57,0.05,5.29,3.25,2.04,2023,3,31
O101908,2023-03-31,P0029,C00995,S005,1,93.75,0.0,93.75,68.76,24.99,2023,3,31
O103024,2023-03-31,P0069,C00145,S005,1,85.27,0.15,72.48,65.86,6.62,2023,3,31
O108921,2023-03-31,P0094,C00694,S010,1,21.21,0.2,16.97,12.17,4.8,2023,3,31
O101438,2023-03-31,P0023,C00089,S006,1,818.22,0.0,818.22,630.15,188.07,2023,3,31
O107987,2023-03-31,P0095,C01016,S012,1,118.84,0.0,118.84,78.17,40.67,2023,3,31
O111925,2023-03-31,P0031,C00659,S007,5,104.43,0.15,443.83,320.9,122.93,2023,3,31
O101728,2023-03-31,P0041,C00025,S007,2,246.7,0.0,493.4,269.46,223.94,2023,3,31
O109755,2023-03-31,P0027,C01017,S005,1,55.97,0.0,55.97,29.57,26.4,2023,3,31
O106418,2023-04-01,P0077,C00039,S001,1,130.07,0.05,123.57,107.65,15.92,2023,4,1
O110792,2023-04-01,P0097,C00057,S003,1,8.15,0.0,8.15,5.49,2.66,2023,4,1
O108091,2023-04-01,P0004,C00758,S002,2,29.55,0.0,59.1,28.96,30.14,2023,4,1
O104792,2023-04-01,P0057,C00488,S004,1,157.4,0.0,157.4,131.61,25.79,2023,4,1
O105376,2023-04-01,P0049,C00732,S003,1,366.28,0.0,366.28,172.71,193.57,2023,4,1
O103836,2023-04-01,P0034,C00856,S004,1,84.19,0.0,84.19,69.04,15.15,2023,4,1
O106956,2023-04-01,P0047,C00815,S004,3,125.46,0.05,357.56,179.7,177.86,2023,4,1
O111894,2023-04-01,P0004,C00446,S004,3,29.55,0.0,88.65,43.44,45.21,2023,4,1
O110541,2023-04-01,P0100,C00017,S007,1,142.46,0.0,142.46,91.14,51.32,2023,4,1
O103408,2023-04-01,P0089,C00738,S002,2,39.28,0.0,78.56,36.3,42.26,2023,4,1
O111132,2023-04-01,P0046,C00454,S001,1,69.45,0.0,69.45,42.58,26.87,2023,4,1
O108633,2023-04-01,P0089,C00911,S003,1,39.28,0.0,39.28,18.15,21.13,2023,4,1
O100046,2023-04-02,P0056,C00809,S006,3,20.73,0.0,62.19,50.25,11.94,2023,4,2
O101652,2023-04-02,P0061,C00514,S009,2,86.94,0.0,173.88,92.8,81.08,2023,4,2
O103689,2023-04-02,P0012,C01173,S007,1,88.36,0.0,88.36,62.9,25.46,2023,4,2
O101496,2023-04-02,P0094,C01063,S011,1,21.21,0.1,19.09,12.17,6.92,2023,4,2
O110700,2023-04-02,P0076,C00474,S005,1,301.81,0.1,271.63,247.89,23.74,2023,4,2
O107457,2023-04-02,P0011,C00673,S005,1,713.82,0.05,678.13,451.83,226.3,2023,4,2
O102793,2023-04-02,P0023,C00787,S003,1,818.22,0.0,818.22,630.15,188.07,2023,4,2
O107068,2023-04-02,P0037,C00010,S001,1,61.48,0.1,55.33,48.1,7.23,2023,4,2
O101455,2023-04-02,P0027,C00208,S011,1,55.97,0.0,55.97,29.57,26.4,2023,4,2
O100146,2023-04-02,P0008,C00950,S010,2,22.28,0.0,44.56,22.28,22.28,2023,4,2
O111468,2023-04-02,P0037,C00763,S011,1,61.48,0.05,58.41,48.1,10.31,2023,4,2
O107286,2023-04-02,P0040,C00752,S006,1,25.25,0.0,25.25,16.53,8.72,2023,4,2
O109334,2023-04-02,P0017,C00145,S004,1,25.27,0.0,25.27,17.77,7.5,2023,4,2
O108396,2023-04-02,P0063,C00800,S008,1,112.94,0.0,112.94,90.69,22.25,2023,4,2
O103026,2023-04-02,P0052,C00862,S001,5,97.55,0.0,487.75,307.35,180.4,2023,4,2
O101831,2023-04-02,P0008,C00254,S001,1,22.28,0.05,21.17,11.14,10.03,2023,4,2
O101281,2023-04-02,P0091,C01020,S011,1,35.24,0.0,35.24,18.67,16.57,2023,4,2
O111236,2023-04-02,P0073,C00001,S009,2,36.7,0.0,73.4,36.44,36.96,2023,4,2
O107817,2023-04-03,P0005,C01089,S011,1,15.5,0.1,13.95,12.07,1.88,2023,4,3
O105559,2023-04-03,P0090,C00846,S006,1,575.16,0.0,575.16,375.73,199.43,2023,4,3
O105539,2023-04-03,P0049,C00409,S010,2,366.28,0.05,695.93,345.42,350.51,2023,4,3
O109357,2023-04-03,P0011,C01111,S012,1,713.82,0.0,713.82,451.83,261.99,2023,4,3
O106598,2023-04-03,P0054,C00948,S007,3,42.97,0.0,128.91,87.36,41.55,2023,4,3
O107077,2023-04-03,P0056,C00105,S004,2,20.73,0.0,41.46,33.5,7.96,2023,4,3
O107116,2023-04-03,P0074,C00259,S011,10,106.15,0.0,1061.5,692.4,369.1,2023,4,3
O110978,2023-04-03,P0022,C00577,S009,2,42.03,0.1,75.65,60.28,15.37,2023,4,3
O100222,2023-04-03,P0014,C00428,S011,5,13.14,0.0,65.7,30.65,35.05,2023,4,3
O105451,2023-04-03,P0035,C01128,S010,5,21.89,0.1,98.51,61.25,37.26,2023,4,3
O101912,2023-04-03,P0078,C01028,S002,1,18.31,0.0,18.31,12.84,5.47,2023,4,3
O104903,2023-04-03,P0083,C00421,S001,1,85.03,0.1,76.53,44.79,31.74,2023,4,3
O107308,2023-04-03,P0069,C00941,S010,3,85.27,0.05,243.02,197.58,45.44,2023,4,3
O105378,2023-04-03,P0015,C00991,S002,1,36.03,0.0,36.03,18.61,17.42,2023,4,3
O101474,2023-04-03,P0012,C00545,S002,3,88.36,0.0,265.08,188.7,76.38,2023,4,3
O102516,2023-04-03,P0061,C00073,S002,5,86.94,0.0,434.7,232.0,202.7,2023,4,3
O100972,2023-04-04,P0077,C00163,S010,1,130.07,0.1,117.06,107.65,9.41,2023,4,4
O106203,2023-04-04,P0099,C00876,S007,1,5.01,0.1,4.51,2.77,1.74,2023,4,4
O100839,2023-04-04,P0004,C01161,S007,2,29.55,0.0,59.1,28.96,30.14,2023,4,4
O110992,2023-04-04,P0086,C00104,S009,2,310.61,0.1,559.1,319.38,239.72,2023,4,4
O101130,2023-04-04,P0033,C00861,S002,2,47.81,0.1,86.06,62.42,23.64,2023,4,4
O105973,2023-04-04,P0094,C01019,S002,2,21.21,0.0,42.42,24.34,18.08,2023,4,4
O110649,2023-04-04,P0097,C00326,S009,1,8.15,0.15,6.93,5.49,1.44,2023,4,4
O108011,2023-04-04,P0017,C00912,S003,1,25.27,0.0,25.27,17.77,7.5,2023,4,4
O108010,2023-04-04,P0079,C00809,S011,4,120.53,0.1,433.91,372.4,61.51,2023,4,4
O111704,2023-04-04,P0039,C01051,S003,1,47.6,0.05,45.22,32.53,12.69,2023,4,4
O105198,2023-04-04,P0037,C00898,S005,2,61.48,0.1,110.66,96.2,14.46,2023,4,4
O109077,2023-04-04,P0100,C00748,S008,3,142.46,0.0,427.38,273.42,153.96,2023,4,4
O100037,2023-04-04,P0047,C00821,S008,1,125.46,0.05,119.19,59.9,59.29,2023,4,4
O102135,2023-04-04,P0039,C00935,S011,1,47.6,0.0,47.6,32.53,15.07,2023,4,4
O107413,2023-04-04,P0085,C00158,S011,1,34.17,0.05,32.46,27.5,4.96,2023,4,4
O109235,2023-04-04,P0058,C00436,S012,1,123.22,0.0,123.22,59.47,63.75,2023,4,4
O106480,2023-04-05,P0042,C00271,S004,1,9.86,0.1,8.87,6.23,2.64,2023,4,5
O102646,2023-04-05,P0095,C00391,S003,2,118.84,0.05,225.8,156.34,69.46,2023,4,5
O111552,2023-04-05,P0098,C00153,S010,1,37.83,0.0,37.83,29.0,8.83,2023,4,5
O106691,2023-04-05,P0046,C00259,S002,1,69.45,0.0,69.45,42.58,26.87,2023,4,5
O109383,2023-04-05,P0096,C01049,S008,1,63.84,0.0,63.84,35.05,28.79,2023,4,5
O103235,2023-04-05,P0029,C01179,S006,1,93.75,0.1,84.38,68.76,15.62,2023,4,5
O111096,2023-04-05,P0042,C00718,S010,1,9.86,0.0,9.86,6.23,3.63,2023,4,5
O102917,2023-04-05,P0071,C00979,S012,1,9.68,0.0,9.68,7.38,2.3,2023,4,5
O111444,2023-04-05,P0025,C00155,S004,2,18.6,0.0,37.2,28.18,9.02,2023,4,5
O104237,2023-04-05,P0051,C01151,S001,1,32.14,0.0,32.14,16.02,16.12,2023,4,5
O110055,2023-04-05,P0025,C00514,S011,1,18.6,0.0,18.6,14.09,4.51,2023,4,5
O105420,2023-04-05,P0023,C00889,S001,2,818.22,0.0,1636.44,1260.3,376.14,2023,4,5
O108810,2023-04-05,P0016,C00506,S012,3,547.4,0.05,1560.09,1192.23,367.86,2023,4,5
O109737,2023-04-05,P0082,C00974,S011,2,28.43,0.0,56.86,43.46,13.4,2023,4,5
O109360,2023-04-05,P0021,C00445,S006,5,25.8,0.0,129.0,62.85,66.15,2023,4,5
O103453,2023-04-05,P0003,C00193,S010,3,44.76,0.1,120.85,99.42,21.43,2023,4,5
O108377,2023-04-05,P0049,C00613,S001,1,366.28,0.0,366.28,172.71,193.57,2023,4,5
O101258,2023-04-05,P0076,C00960,S012,5,301.81,0.0,1509.05,1239.45,269.6,2023,4,5
O106582,2023-04-06,P0099,C00722,S004,1,5.01,0.1,4.51,2.77,1.74,2023,4,6
O111329,2023-04-06,P0091,C01088,S010,1,35.24,0.0,35.24,18.67,16.57,2023,4,6
O101917,2023-04-06,P0017,C00210,S009,1,25.27,0.0,25.27,17.77,7.5,2023,4,6
O109884,2023-04-06,P0039,C00321,S012,1,47.6,0.15,40.46,32.53,7.93,2023,4,6
O104986,2023-04-06,P0087,C00716,S009,1,463.9,0.15,394.32,253.65,140.67,2023,4,6
O103120,2023-04-06,P0028,C00875,S003,1,453.33,0.0,453.33,253.96,199.37,2023,4,6
O100766,2023-04-06,P0044,C00325,S004,3,136.64,0.15,348.43,347.04,1.39,2023,4,6
O103119,2023-04-06,P0079,C00133,S006,1,120.53,0.1,108.48,93.1,15.38,2023,4,6
O110521,2023-04-06,P0019,C00517,S004,1,138.62,0.0,138.62,68.15,70.47,2023,4,6
O105623,2023-04-06,P0057,C00234,S003,3,157.4,0.0,472.2,394.83,77.37,2023,4,6
O102365,2023-04-06,P0087,C00313,S009,2,463.9,0.0,927.8,507.3,420.5,2023,4,6
O102848,2023-04-06,P0031,C01028,S009,1,104.43,0.0,104.43,64.18,40.25,2023,4,6
O103169,2023-04-06,P0093,C00765,S005,1,13.08,0.0,13.08,9.16,3.92,2023,4,6
O110170,2023-04-06,P0007,C01023,S006,2,99.07,0.0,198.14,149.42,48.72,2023,4,6
O107115,2023-04-06,P0015,C00996,S003,4,36.03,0.0,144.12,74.44,69.68,2023,4,6
O102742,2023-04-06,P0087,C01064,S011,2,463.9,0.05,881.41,507.3,374.11,2023,4,6
O102708,2023-04-06,P0057,C00330,S011,2,157.4,0.0,314.8,263.22,51.58,2023,4,6
O110209,2023-04-06,P0024,C00056,S008,2,722.65,0.05,1373.04,847.16,525.88,2023,4,6
O110516,2023-04-06,P0088,C00542,S006,1,5.57,0.0,5.57,4.31,1.26,2023,4,6
O110685,2023-04-06,P0072,C01095,S007,5,149.26,0.0,746.3,347.55,398.75,2023,4,6
O109596,2023-04-06,P0091,C01116,S002,1,35.24,0.1,31.72,18.67,13.05,2023,4,6
O106810,2023-04-07,P0004,C00184,S004,4,29.55,0.0,118.2,57.92,60.28,2023,4,7
O103646,2023-04-07,P0091,C00518,S001,1,35.24,0.15,29.95,18.67,11.28,2023,4,7
O105141,2023-04-07,P0083,C00676,S006,1,85.03,0.0,85.03,44.79,40.24,2023,4,7
O103597,2023-04-07,P0001,C00092,S001,1,132.87,0.1,119.58,107.4,12.18,2023,4,7
O110979,2023-04-07,P0039,C00684,S010,1,47.6,0.05,45.22,32.53,12.69,2023,4,7
O111526,2023-04-07,P0017,C00932,S012,1,25.27,0.1,22.74,17.77,4.97,2023,4,7
O105137,2023-04-07,P0047,C00878,S003,1,125.46,0.1,112.91,59.9,53.01,2023,4,7
O107320,2023-04-07,P0083,C00318,S002,2,85.03,0.0,170.06,89.58,80.48,2023,4,7
O105274,2023-04-07,P0051,C00296,S010,4,32.14,0.0,128.56,64.08,64.48,2023,4,7
O107287,2023-04-07,P0071,C01048,S012,4,9.68,0.0,38.72,29.52,9.2,2023,4,7
O102782,2023-04-07,P0089,C00067,S005,1,39.28,0.1,35.35,18.15,17.2,2023,4,7
O108814,2023-04-07,P0050,C00983,S002,4,9.87,0.15,33.56,18.96,14.6,2023,4,7
O105739,2023-04-07,P0081,C00858,S008,2,143.09,0.1,257.56,220.0,37.56,2023,4,7
O106289,2023-04-07,P0011,C00980,S008,4,713.82,0.0,2855.28,1807.32,1047.96,2023,4,7
O110216,2023-04-07,P0086,C00825,S005,1,310.61,0.0,310.61,159.69,150.92,2023,4,7
O101678,2023-04-07,P0066,C00741,S003,1,105.53,0.0,105.53,58.77,46.76,2023,4,7
O111013,2023-04-08,P0030,C00717,S002,1,41.4,0.0,41.4,25.21,16.19,2023,4,8
O110178,2023-04-08,P0094,C00955,S006,3,21.21,0.2,50.9,36.51,14.39,2023,4,8
O101850,2023-04-08,P0092,C00037,S008,1,41.48,0.0,41.48,25.41,16.07,2023,4,8
O109241,2023-04-08,P0019,C00090,S002,2,138.62,0.0,277.24,136.3,140.94,2023,4,8
O108830,2023-04-08,P0034,C00892,S003,1,84.19,0.0,84.19,69.04,15.15,2023,4,8
O103374,2023-04-08,P0014,C00104,S007,1,13.14,0.0,13.14,6.13,7.01,2023,4,8
O101036,2023-04-08,P0015,C01006,S012,4,36.03,0.0,144.12,74.44,69.68,2023,4,8
O105021,2023-04-08,P0010,C00941,S009,1,14.81,0.0,14.81,12.15,2.66,2023,4,8
O106728,2023-04-08,P0086,C01048,S003,2,310.61,0.0,621.22,319.38,301.84,2023,4,8
O107010,2023-04-08,P0023,C00051,S012,4,818.22,0.0,3272.88,2520.6,752.28,2023,4,8
O104964,2023-04-08,P0046,C00788,S001,1,69.45,0.0,69.45,42.58,26.87,2023,4,8
O100343,2023-04-08,P0099,C00344,S008,1,5.01,0.0,5.01,2.77,2.24,2023,4,8
O108147,2023-04-08,P0031,C00844,S012,1,104.43,0.0,104.43,64.18,40.25,2023,4,8
O100861,2023-04-08,P0089,C00856,S001,2,39.28,0.0,78.56,36.3,42.26,2023,4,8
O108247,2023-04-08,P0041,C00398,S003,3,246.7,0.0,740.1,404.19,335.91,2023,4,8
O107330,2023-04-08,P0078,C00451,S005,1,18.31,0.1,16.48,12.84,3.64,2023,4,8
O110121,2023-04-09,P0044,C00550,S005,1,136.64,0.0,136.64,115.68,20.96,2023,4,9
O105582,2023-04-09,P0041,C00605,S011,1,246.7,0.0,246.7,134.73,111.97,2023,4,9
O108746,2023-04-09,P0073,C00866,S012,3,36.7,0.0,110.1,54.66,55.44,2023,4,9
O107300,2023-04-09,P0034,C01193,S008,1,84.19,0.0,84.19,69.04,15.15,2023,4,9
O104708,2023-04-09,P0064,C00611,S002,1,12.06,0.0,12.06,5.48,6.58,2023,4,9
O100372,2023-04-09,P0075,C00996,S008,4,10.1,0.0,40.4,29.96,10.44,2023,4,9
O106798,2023-04-09,P0026,C00670,S012,1,325.3,0.0,325.3,181.38,143.92,2023,4,9
O111118,2023-04-09,P0039,C00653,S010,1,47.6,0.0,47.6,32.53,15.07,2023,4,9
O109197,2023-04-09,P0005,C00289,S009,1,15.5,0.0,15.5,12.07,3.43,2023,4,9
O101623,2023-04-09,P0058,C00588,S004,1,123.22,0.0,123.22,59.47,63.75,2023,4,9
O110463,2023-04-09,P0022,C00859,S005,2,42.03,0.1,75.65,60.28,15.37,2023,4,9
O106715,2023-04-09,P0043,C00504,S009,1,11.09,0.0,11.09,5.81,5.28,2023,4,9
O104087,2023-04-09,P0083,C01030,S011,1,85.03,0.0,85.03,44.79,40.24,2023,4,9
O104832,2023-04-09,P0021,C00507,S009,1,25.8,0.0,25.8,12.57,13.23,2023,4,9
O100983,2023-04-09,P0018,C00559,S007,1,34.43,0.0,34.43,26.49,7.94,2023,4,9
O103815,2023-04-09,P0097,C00344,S002,2,8.15,0.0,16.3,10.98,5.32,2023,4,9
O104034,2023-04-09,P0025,C00626,S007,4,18.6,0.1,66.96,56.36,10.6,2023,4,9
O109789,2023-04-09,P0039,C00103,S002,1,47.6,0.0,47.6,32.53,15.07,2023,4,9
O107194,2023-04-09,P0054,C00187,S012,1,42.97,0.0,42.97,29.12,13.85,2023,4,9
O110024,2023-04-10,P0085,C00529,S002,1,34.17,0.0,34.17,27.5,6.67,2023,4,10
O104663,2023-04-10,P0021,C01056,S006,2,25.8,0.0,51.6,25.14,26.46,2023,4,10
O107353,2023-04-10,P0066,C01017,S004,2,105.53,0.2,168.85,117.54,51.31,2023,4,10
O105324,2023-04-10,P0034,C00336,S009,1,84.19,0.1,75.77,69.04,6.73,2023,4,10
O102966,2023-04-10,P0036,C00857,S007,1,15.34,0.0,15.34,8.29,7.05,2023,4,10
O102184,2023-04-10,P0057,C00742,S005,1,157.4,0.0,157.4,131.61,25.79,2023,4,10
O103866,2023-04-10,P0006,C00783,S010,3,74.01,0.0,222.03,129.24,92.79,2023,4,10
O101296,2023-04-10,P0053,C00415,S003,1,51.37,0.0,51.37,32.27,19.1,2023,4,10
O107810,2023-04-10,P0003,C00006,S001,4,44.76,0.0,179.04,132.56,46.48,2023,4,10
O106061,2023-04-10,P0038,C01091,S012,1,42.19,0.0,42.19,29.31,12.88,2023,4,10
O108547,2023-04-10,P0020,C00829,S010,1,30.45,0.05,28.93,20.59,8.34,2023,4,10
O107859,2023-04-10,P0014,C00715,S007,4,13.14,0.15,44.68,24.52,20.16,2023,4,10
O102775,2023-04-10,P0022,C01005,S001,1,42.03,0.0,42.03,30.14,11.89,2023,4,10
O110557,2023-04-10,P0092,C00918,S004,1,41.48,0.05,39.41,25.41,14.0,2023,4,10
O105819,2023-04-10,P0007,C01089,S012,1,99.07,0.1,89.16,74.71,14.45,2023,4,10
O102722,2023-04-10,P0002,C00125,S009,1,130.95,0.0,130.95,100.06,30.89,2023,4,10
O103904,2023-04-10,P0029,C00161,S004,1,93.75,0.0,93.75,68.76,24.99,2023,4,10
O110504,2023-04-10,P0045,C00757,S010,1,131.19,0.05,124.63,106.88,17.75,2023,4,10
O101354,2023-04-10,P0041,C00401,S010,1,246.7,0.0,246.7,134.73,111.97,2023,4,10
O105897,2023-04-10,P0031,C00725,S010,1,104.43,0.0,104.43,64.18,40.25,2023,4,10
O101591,2023-04-10,P0096,C00980,S003,5,63.84,0.0,319.2,175.25,143.95,2023,4,10
O100321,2023-04-10,P0050,C00126,S012,1,9.87,0.0,9.87,4.74,5.13,2023,4,10
O111911,2023-04-10,P0004,C00174,S009,1,29.55,0.0,29.55,14.48,15.07,2023,4,10
O101839,2023-04-11,P0045,C00254,S010,1,131.19,0.0,131.19,106.88,24.31,2023,4,11
O105944,2023-04-11,P0015,C00410,S011,5,36.03,0.05,171.14,93.05,78.09,2023,4,11
O111343,2023-04-11,P0020,C01088,S012,1,30.45,0.0,30.45,20.59,9.86,2023,4,11
O110734,2023-04-11,P0007,C00223,S011,3,99.07,0.05,282.35,224.13,58.22,2023,4,11
O100663,2023-04-11,P0096,C00575,S011,1,63.84,0.0,63.84,35.05,28.79,2023,4,11
O106217,2023-04-11,P0088,C00228,S011,1,5.57,0.0,5.57,4.31,1.26,2023,4,11
O103785,2023-04-11,P0030,C01073,S009,3,41.4,0.05,117.99,75.63,42.36,2023,4,11
O103542,2023-04-11,P0044,C00680,S010,1,136.64,0.1,122.98,115.68,7.3,2023,4,11
O107008,2023-04-11,P0016,C00197,S010,1,547.4,0.15,465.29,397.41,67.88,2023,4,11
O109678,2023-04-11,P0080,C01041,S007,1,20.59,0.0,20.59,13.94,6.65,2023,4,11
O108794,2023-04-11,P0094,C00940,S001,1,21.21,0.2,16.97,12.17,4.8,2023,4,11
O103023,2023-04-12,P0078,C00069,S008,1,18.31,0.05,17.39,12.84,4.55,2023,4,12
O100039,2023-04-12,P0020,C01105,S009,4,30.45,0.0,121.8,82.36,39.44,2023,4,12
O101689,2023-04-12,P0087,C00339,S006,2,463.9,0.1,835.02,507.3,327.72,2023,4,12
O102216,2023-04-12,P0028,C00168,S011,1,453.33,0.05,430.66,253.96,176.7,2023,4,12
O107411,2023-04-12,P0004,C00707,S002,1,29.55,0.15,25.12,14.48,10.64,2023,4,12
O110412,2023-04-12,P0089,C00963,S002,1,39.28,0.0,39.28,18.15,21.13,2023,4,12
O104689,2023-04-12,P0057,C00504,S002,1,157.4,0.0,157.4,131.61,25.79,2023,4,12
O107486,2023-04-12,P0062,C01108,S001,1,39.06,0.1,35.15,17.85,17.3,2023,4,12
O106174,2023-04-12,P0034,C00924,S003,4,84.19,0.0,336.76,276.16,60.6,2023,4,12
O101859,2023-04-12,P0090,C01104,S003,1,575.16,0.2,460.13,375.73,84.4,2023,4,12
O110010,2023-04-12,P0008,C00250,S004,4,22.28,0.0,89.12,44.56,44.56,2023,4,12
O101762,2023-04-12,P0046,C00695,S011,3,69.45,0.0,208.35,127.74,80.61,2023,4,12
O108984,2023-04-12,P0094,C00952,S007,1,21.21,0.0,21.21,12.17,9.04,2023,4,12
O107039,2023-04-12,P0064,C01049,S012,2,12.06,0.0,24.12,10.96,13.16,2023,4,12
O100061,2023-04-12,P0039,C01142,S007,2,47.6,0.0,95.2,65.06,30.14,2023,4,12
O103105,2023-04-12,P0081,C00982,S012,1,143.09,0.0,143.09,110.0,33.09,2023,4,12
O105487,2023-04-13,P0081,C00531,S005,2,143.09,0.15,243.25,220.0,23.25,2023,4,13
O110175,2023-04-13,P0024,C00244,S003,1,722.65,0.0,722.65,423.58,299.07,2023,4,13
O106852,2023-04-13,P0084,C00808,S004,2,17.53,0.0,35.06,28.22,6.84,2023,4,13
O109760,2023-04-13,P0063,C01023,S006,1,112.94,0.0,112.94,90.69,22.25,2023,4,13
O103946,2023-04-13,P0087,C00413,S002,2,463.9,0.05,881.41,507.3,374.11,2023,4,13
O101381,2023-04-13,P0099,C00047,S005,3,5.01,0.0,15.03,8.31,6.72,2023,4,13
O111141,2023-04-13,P0017,C00481,S006,3,25.27,0.15,64.44,53.31,11.13,2023,4,13
O106687,2023-04-13,P0018,C00764,S004,1,34.43,0.0,34.43,26.49,7.94,2023,4,13
O110540,2023-04-13,P0056,C01091,S005,1,20.73,0.1,18.66,16.75,1.91,2023,4,13
O103647,2023-04-13,P0036,C00462,S004,1,15.34,0.0,15.34,8.29,7.05,2023,4,13
O102393,2023-04-13,P0088,C00722,S007,3,5.57,0.0,16.71,12.93,3.78,2023,4,13
O104763,2023-04-13,P0088,C00466,S001,1,5.57,0.0,5.57,4.31,1.26,2023,4,13
O109264,2023-04-13,P0090,C00487,S012,4,575.16,0.0,2300.64,1502.92,797.72,2023,4,13
O102398,2023-04-13,P0067,C00108,S004,2,5.57,0.0,11.14,6.5,4.64,2023,4,13
O106611,2023-04-13,P0034,C00041,S012,3,84.19,0.15,214.68,207.12,7.56,2023,4,13
O100928,2023-04-13,P0009,C00553,S001,1,8.02,0.0,8.02,6.09,1.93,2023,4,13
O103035,2023-04-13,P0067,C00188,S003,1,5.57,0.1,5.01,3.25,1.76,2023,4,13
O104978,2023-04-13,P0087,C00966,S010,4,463.9,0.0,1855.6,1014.6,841.0,2023,4,13
O106230,2023-04-13,P0064,C00276,S001,2,12.06,0.15,20.5,10.96,9.54,2023,4,13
O105569,2023-04-13,P0002,C00039,S012,1,130.95,0.1,117.85,100.06,17.79,2023,4,13
O107380,2023-04-13,P0098,C00770,S009,2,37.83,0.15,64.31,58.0,6.31,2023,4,13
O101425,2023-04-13,P0033,C00320,S002,4,47.81,0.0,191.24,124.84,66.4,2023,4,13
O110204,2023-04-13,P0067,C00162,S010,3,5.57,0.1,15.04,9.75,5.29,2023,4,13
O107836,2023-04-14,P0091,C00281,S006,5,35.24,0.0,176.2,93.35,82.85,2023,4,14
O109729,2023-04-14,P0028,C01177,S008,1,453.33,0.0,453.33,253.96,199.37,2023,4,14
O105648,2023-04-14,P0067,C00781,S010,1,5.57,0.0,5.57,3.25,2.32,2023,4,14
O109523,2023-04-14,P0037,C00337,S006,1,61.48,0.05,58.41,48.1,10.31,2023,4,14
O102175,2023-04-14,P0091,C00407,S004,2,35.24,0.15,59.91,37.34,22.57,2023,4,14
O100097,2023-04-14,P0099,C01182,S003,1,5.01,0.05,4.76,2.77,1.99,2023,4,14
O102726,2023-04-14,P0020,C00058,S011,1,30.45,0.1,27.4,20.59,6.81,2023,4,14
O106542,2023-04-14,P0057,C00728,S009,1,157.4,0.05,149.53,131.61,17.92,2023,4,14
O109401,2023-04-14,P0004,C00370,S004,5,29.55,0.0,147.75,72.4,75.35,2023,4,14
O109549,2023-04-14,P0024,C00531,S004,1,722.65,0.0,722.65,423.58,299.07,2023,4,14
O101346,2023-04-14,P0092,C00947,S010,10,41.48,0.05,394.06,254.1,139.96,2023,4,14
O104124,2023-04-14,P0097,C00785,S007,1,8.15,0.15,6.93,5.49,1.44,2023,4,14
O103582,2023-04-14,P0010,C00694,S002,4,14.81,0.0,59.24,48.6,10.64,2023,4,14
O103574,2023-04-14,P0008,C00648,S011,2,22.28,0.0,44.56,22.28,22.28,2023,4,14
O100525,2023-04-14,P0090,C00852,S012,2,575.16,0.1,1035.29,751.46,283.83,2023,4,14
O106981,2023-04-14,P0003,C00536,S011,3,44.76,0.15,114.14,99.42,14.72,2023,4,14
O106396,2023-04-14,P0072,C00191,S006,2,149.26,0.0,298.52,139.02,159.5,2023,4,14
O102010,2023-04-14,P0094,C01050,S004,1,21.21,0.0,21.21,12.17,9.04,2023,4,14
O105762,2023-04-14,P0052,C00159,S006,5,97.55,0.0,487.75,307.35,180.4,2023,4,14
O104604,2023-04-14,P0063,C00708,S010,1,112.94,0.15,96.0,90.69,5.31,2023,4,14
O103175,2023-04-14,P0076,C00448,S002,1,301.81,0.15,256.54,247.89,8.65,2023,4,14
O107076,2023-04-14,P0008,C01047,S011,1,22.28,0.15,18.94,11.14,7.8,2023,4,14
O108891,2023-04-14,P0095,C00734,S007,1,118.84,0.0,118.84,78.17,40.67,2023,4,14
O100386,2023-04-14,P0092,C01105,S008,1,41.48,0.2,33.18,25.41,7.77,2023,4,14
O100364,2023-04-15,P0017,C00959,S002,10,25.27,0.0,252.7,177.7,75.0,2023,4,15
O104932,2023-04-15,P0004,C00083,S005,3,29.55,0.0,88.65,43.44,45.21,2023,4,15
O111193,2023-04-15,P0018,C00746,S002,1,34.43,0.0,34.43,26.49,7.94,2023,4,15
O101615,2023-04-15,P0049,C01018,S002,2,366.28,0.0,732.56,345.42,387.14,2023,4,15
O110977,2023-04-15,P0001,C01121,S007,1,132.87,0.1,119.58,107.4,12.18,2023,4,15
O101030,2023-04-15,P0060,C00616,S005,2,80.71,0.0,161.42,102.5,58.92,2023,4,15
O102466,2023-04-15,P0093,C00849,S001,1,13.08,0.0,13.08,9.16,3.92,2023,4,15
O111485,2023-04-15,P0023,C00590,S011,2,818.22,0.0,1636.44,1260.3,376.14,2023,4,15
O103509,2023-04-15,P0061,C00471,S006,1,86.94,0.1,78.25,46.4,31.85,2023,4,15
O111557,2023-04-15,P0015,C00005,S002,1,36.03,0.0,36.03,18.61,17.42,2023,4,15
O108372,2023-04-15,P0094,C00375,S006,1,21.21,0.0,21.21,12.17,9.04,2023,4,15
O111840,2023-04-15,P0025,C00636,S010,4,18.6,0.05,70.68,56.36,14.32,2023,4,15
O105179,2023-04-15,P0060,C00602,S012,1,80.71,0.0,80.71,51.25,29.46,2023,4,15
O111536,2023-04-15,P0011,C00099,S004,2,713.82,0.0,1427.64,903.66,523.98,2023,4,15
O111250,2023-04-16,P0082,C00521,S009,2,28.43,0.0,56.86,43.46,13.4,2023,4,16
O102440,2023-04-16,P0005,C00816,S009,1,15.5,0.0,15.5,12.07,3.43,2023,4,16
O111811,2023-04-16,P0088,C00588,S012,3,5.57,0.15,14.2,12.93,1.27,2023,4,16
O110495,2023-04-16,P0057,C00636,S004,2,157.4,0.0,314.8,263.22,51.58,2023,4,16
O103253,2023-04-16,P0067,C00748,S012,2,5.57,0.0,11.14,6.5,4.64,2023,4,16
O103396,2023-04-16,P0054,C00409,S001,1,42.97,0.1,38.67,29.12,9.55,2023,4,16
O106955,2023-04-16,P0036,C00231,S006,1,15.34,0.0,15.34,8.29,7.05,2023,4,16
O102113,2023-04-16,P0099,C00384,S009,1,5.01,0.15,4.26,2.77,1.49,2023,4,16
O103324,2023-04-16,P0030,C00619,S009,2,41.4,0.0,82.8,50.42,32.38,2023,4,16
O100957,2023-04-16,P0040,C00768,S003,3,25.25,0.0,75.75,49.59,26.16,2023,4,16
O106306,2023-04-16,P0061,C00585,S012,4,86.94,0.0,347.76,185.6,162.16,2023,4,16
O102443,2023-04-16,P0074,C00360,S008,1,106.15,0.0,106.15,69.24,36.91,2023,4,16
O103159,2023-04-16,P0060,C00285,S005,1,80.71,0.15,68.6,51.25,17.35,2023,4,16
O106924,2023-04-16,P0023,C00334,S012,5,818.22,0.0,4091.1,3150.75,940.35,2023,4,16
O100397,2023-04-16,P0046,C00225,S007,3,69.45,0.1,187.52,127.74,59.78,2023,4,16
O110484,2023-04-16,P0053,C01077,S011,1,51.37,0.0,51.37,32.27,19.1,2023,4,16
O105173,2023-04-16,P0034,C00941,S007,1,84.19,0.0,84.19,69.04,15.15,2023,4,16
O106992,2023-04-17,P0063,C00879,S004,1,112.94,0.0,112.94,90.69,22.25,2023,4,17
O107129,2023-04-17,P0006,C00641,S007,2,74.01,0.15,125.82,86.16,39.66,2023,4,17
O102676,2023-04-17,P0043,C01134,S002,2,11.09,0.05,21.07,11.62,9.45,2023,4,17
O104291,2023-04-17,P0083,C01038,S004,1,85.03,0.0,85.03,44.79,40.24,2023,4,17
O110239,2023-04-17,P0079,C00383,S011,1,120.53,0.0,120.53,93.1,27.43,2023,4,17
O110081,2023-04-17,P0040,C00545,S011,2,25.25,0.0,50.5,33.06,17.44,2023,4,17
O104192,2023-04-17,P0069,C01078,S007,1,85.27,0.1,76.74,65.86,10.88,2023,4,17
O107442,2023-04-17,P0008,C00796,S007,1,22.28,0.1,20.05,11.14,8.91,2023,4,17
O108699,2023-04-17,P0016,C00213,S002,1,547.4,0.0,547.4,397.41,149.99,2023,4,17
O100768,2023-04-17,P0007,C00607,S008,1,99.07,0.15,84.21,74.71,9.5,2023,4,17
O102493,2023-04-17,P0022,C00250,S003,1,42.03,0.05,39.93,30.14,9.79,2023,4,17
O103907,2023-04-17,P0011,C00361,S011,2,713.82,0.1,1284.88,903.66,381.22,2023,4,17
O106046,2023-04-17,P0098,C00024,S005,3,37.83,0.1,102.14,87.0,15.14,2023,4,17
O105305,2023-04-17,P0023,C00008,S004,3,818.22,0.0,2454.66,1890.45,564.21,2023,4,17
O103025,2023-04-17,P0010,C00992,S011,1,14.81,0.0,14.81,12.15,2.66,2023,4,17
O103031,2023-04-17,P0099,C01151,S011,1,5.01,0.0,5.01,2.77,2.24,2023,4,17
O107662,2023-04-17,P0056,C00377,S003,1,20.73,0.15,17.62,16.75,0.87,2023,4,17
O110897,2023-04-17,P0026,C00453,S005,1,325.3,0.0,325.3,181.38,143.92,2023,4,17
O102837,2023-04-18,P0038,C00849,S009,3,42.19,0.05,120.24,87.93,32.31,2023,4,18
O101843,2023-04-18,P0062,C01129,S004,1,39.06,0.1,35.15,17.85,17.3,2023,4,18
O106968,2023-04-18,P0054,C00677,S001,1,42.97,0.1,38.67,29.12,9.55,2023,4,18
O100881,2023-04-18,P0099,C00010,S001,1,5.01,0.1,4.51,2.77,1.74,2023,4,18
O111633,2023-04-18,P0014,C00670,S007,1,13.14,0.05,12.48,6.13,6.35,2023,4,18
O105477,2023-04-18,P0040,C00947,S009,2,25.25,0.1,45.45,33.06,12.39,2023,4,18
O103477,2023-04-18,P0007,C00482,S003,1,99.07,0.05,94.12,74.71,19.41,2023,4,18
O106732,2023-04-18,P0016,C00973,S004,1,547.4,0.0,547.4,397.41,149.99,2023,4,18
O100473,2023-04-18,P0042,C00518,S007,2,9.86,0.0,19.72,12.46,7.26,2023,4,18
O109908,2023-04-18,P0093,C00279,S011,1,13.08,0.1,11.77,9.16,2.61,2023,4,18
O103402,2023-04-18,P0017,C00589,S010,1,25.27,0.15,21.48,17.77,3.71,2023,4,18
O104043,2023-04-18,P0006,C00519,S012,1,74.01,0.0,74.01,43.08,30.93,2023,4,18
O105067,2023-04-18,P0022,C00100,S010,1,42.03,0.0,42.03,30.14,11.89,2023,4,18
O107200,2023-04-18,P0048,C00545,S004,1,113.33,0.2,90.66,82.55,8.11,2023,4,18
O101004,2023-04-19,P0067,C00417,S007,3,5.57,0.1,15.04,9.75,5.29,2023,4,19
O108001,2023-04-19,P0006,C00286,S004,5,74.01,0.0,370.05,215.4,154.65,2023,4,19
O104503,2023-04-19,P0004,C00942,S007,1,29.55,0.1,26.6,14.48,12.12,2023,4,19
O108910,2023-04-19,P0085,C00412,S012,1,34.17,0.1,30.75,27.5,3.25,2023,4,19
O105917,2023-04-19,P0098,C00906,S006,1,37.83,0.0,37.83,29.0,8.83,2023,4,19
O102204,2023-04-19,P0073,C01106,S012,2,36.7,0.0,73.4,36.44,36.96,2023,4,19
O104036,2023-04-19,P0097,C00118,S001,3,8.15,0.05,23.23,16.47,6.76,2023,4,19
O101456,2023-04-19,P0066,C00754,S012,1,105.53,0.0,105.53,58.77,46.76,2023,4,19
O102415,2023-04-19,P0043,C00561,S006,1,11.09,0.1,9.98,5.81,4.17,2023,4,19
O105643,2023-04-19,P0046,C00054,S010,1,69.45,0.15,59.03,42.58,16.45,2023,4,19
O104703,2023-04-19,P0057,C00722,S003,2,157.4,0.0,314.8,263.22,51.58,2023,4,19
O103490,2023-04-19,P0088,C00534,S012,2,5.57,0.0,11.14,8.62,2.52,2023,4,19
O102589,2023-04-19,P0055,C00653,S006,1,24.74,0.05,23.5,17.48,6.02,2023,4,19
O108174,2023-04-19,P0090,C01078,S009,2,575.16,0.1,1035.29,751.46,283.83,2023,4,19
O108724,2023-04-19,P0040,C00204,S012,1,25.25,0.0,25.25,16.53,8.72,2023,4,19
O111843,2023-04-19,P0015,C00088,S012,2,36.03,0.1,64.85,37.22,27.63,2023,4,19
O102340,2023-04-19,P0079,C01059,S005,1,120.53,0.0,120.53,93.1,27.43,2023,4,19
O102003,2023-04-20,P0090,C00290,S012,2,575.16,0.15,977.77,751.46,226.31,2023,4,20
O101524,2023-04-20,P0022,C00178,S001,1,42.03,0.0,42.03,30.14,11.89,2023,4,20
O107978,2023-04-20,P0034,C00601,S011,1,84.19,0.0,84.19,69.04,15.15,2023,4,20
O103164,2023-04-20,P0041,C01111,S004,1,246.7,0.0,246.7,134.73,111.97,2023,4,20
O109670,2023-04-20,P0059,C00586,S005,1,10.64,0.0,10.64,7.7,2.94,2023,4,20
O110226,2023-04-20,P0015,C00573,S007,1,36.03,0.0,36.03,18.61,17.42,2023,4,20
O103955,2023-04-20,P0049,C01165,S010,3,366.28,0.0,1098.84,518.13,580.71,2023,4,20
O102686,2023-04-20,P0049,C00727,S009,1,366.28,0.0,366.28,172.71,193.57,2023,4,20
O111026,2023-04-20,P0092,C00947,S008,2,41.48,0.0,82.96,50.82,32.14,2023,4,20
O110219,2023-04-20,P0078,C00576,S006,1,18.31,0.15,15.56,12.84,2.72,2023,4,20
O110421,2023-04-20,P0031,C00106,S004,2,104.43,0.0,208.86,128.36,80.5,2023,4,20
O108491,2023-04-20,P0023,C00990,S004,1,818.22,0.0,818.22,630.15,188.07,2023,4,20
O106376,2023-04-20,P0089,C00630,S003,1,39.28,0.05,37.32,18.15,19.17,2023,4,20
O108534,2023-04-20,P0090,C00977,S011,1,575.16,0.0,575.16,375.73,199.43,2023,4,20
O110144,2023-04-20,P0080,C01171,S006,1,20.59,0.0,20.59,13.94,6.65,2023,4,20
O103512,2023-04-20,P0004,C01068,S003,1,29.55,0.0,29.55,14.48,15.07,2023,4,20
O109252,2023-04-20,P0054,C00842,S008,10,42.97,0.05,408.22,291.2,117.02,2023,4,20
O110322,2023-04-20,P0028,C00447,S003,10,453.33,0.05,4306.64,2539.6,1767.04,2023,4,20
O111902,2023-04-20,P0100,C00574,S004,3,142.46,0.05,406.01,273.42,132.59,2023,4,20
O103863,2023-04-20,P0041,C01178,S005,10,246.7,0.1,2220.3,1347.3,873.0,2023,4,20
O105003,2023-04-21,P0074,C00967,S005,1,106.15,0.1,95.54,69.24,26.3,2023,4,21
O102075,2023-04-21,P0030,C00279,S012,1,41.4,0.0,41.4,25.21,16.19,2023,4,21
O109178,2023-04-21,P0027,C00148,S002,5,55.97,0.0,279.85,147.85,132.0,2023,4,21
O105517,2023-04-21,P0092,C00208,S011,5,41.48,0.1,186.66,127.05,59.61,2023,4,21
O109771,2023-04-21,P0048,C00559,S006,2,113.33,0.0,226.66,165.1,61.56,2023,4,21
O100396,2023-04-21,P0068,C00127,S008,1,100.31,0.0,100.31,81.38,18.93,2023,4,21
O103267,2023-04-21,P0052,C00514,S011,3,97.55,0.0,292.65,184.41,108.24,2023,4,21
O103693,2023-04-21,P0093,C00259,S004,1,13.08,0.0,13.08,9.16,3.92,2023,4,21
O107373,2023-04-21,P0048,C00010,S010,2,113.33,0.15,192.66,165.1,27.56,2023,4,21
O111540,2023-04-21,P0093,C00212,S004,1,13.08,0.0,13.08,9.16,3.92,2023,4,21
O109192,2023-04-21,P0034,C00382,S007,2,84.19,0.05,159.96,138.08,21.88,2023,4,21
O102858,2023-04-21,P0031,C00962,S004,1,104.43,0.0,104.43,64.18,40.25,2023,4,21
O109827,2023-04-21,P0014,C01129,S010,1,13.14,0.0,13.14,6.13,7.01,2023,4,21
O104631,2023-04-21,P0075,C00463,S002,1,10.1,0.0,10.1,7.49,2.61,2023,4,21
O111260,2023-04-21,P0012,C00408,S002,1,88.36,0.1,79.52,62.9,16.62,2023,4,21
O108734,2023-04-21,P0043,C01012,S008,1,11.09,0.2,8.87,5.81,3.06,2023,4,21
O100990,2023-04-21,P0059,C01165,S005,1,10.64,0.0,10.64,7.7,2.94,2023,4,21
O107005,2023-04-21,P0097,C00047,S003,1,8.15,0.05,7.74,5.49,2.25,2023,4,21
O108323,2023-04-21,P0055,C00234,S006,5,24.74,0.1,111.33,87.4,23.93,2023,4,21
O111898,2023-04-21,P0096,C00999,S012,1,63.84,0.0,63.84,35.05,28.79,2023,4,21
O104061,2023-04-21,P0020,C00612,S002,4,30.45,0.0,121.8,82.36,39.44,2023,4,21
O100331,2023-04-21,P0040,C00159,S008,1,25.25,0.0,25.25,16.53,8.72,2023,4,21
O105014,2023-04-22,P0006,C01075,S010,3,74.01,0.0,222.03,129.24,92.79,2023,4,22
O110610,2023-04-22,P0055,C00738,S001,1,24.74,0.1,22.27,17.48,4.79,2023,4,22
O107762,2023-04-22,P0067,C00865,S012,2,5.57,0.0,11.14,6.5,4.64,2023,4,22
O102035,2023-04-22,P0093,C00410,S004,1,13.08,0.0,13.08,9.16,3.92,2023,4,22
O106297,2023-04-22,P0059,C00312,S012,2,10.64,0.0,21.28,15.4,5.88,2023,4,22
O111476,2023-04-22,P0013,C00729,S007,5,45.23,0.0,226.15,124.1,102.05,2023,4,22
O111923,2023-04-22,P0003,C00888,S004,1,44.76,0.15,38.05,33.14,4.91,2023,4,22
O101282,2023-04-22,P0080,C01185,S001,1,20.59,0.0,20.59,13.94,6.65,2023,4,22
O110938,2023-04-22,P0070,C01193,S011,4,27.07,0.1,97.45,57.0,40.45,2023,4,22
O110603,2023-04-22,P0024,C00947,S009,1,722.65,0.0,722.65,423.58,299.07,2023,4,22
O111067,2023-04-22,P0089,C00894,S005,1,39.28,0.1,35.35,18.15,17.2,2023,4,22
O100760,2023-04-22,P0008,C00560,S004,10,22.28,0.1,200.52,111.4,89.12,2023,4,22
O102855,2023-04-22,P0076,C00404,S004,2,301.81,0.1,543.26,495.78,47.48,2023,4,22
O107588,2023-04-22,P0043,C00955,S009,1,11.09,0.0,11.09,5.81,5.28,2023,4,22
O111154,2023-04-22,P0046,C00173,S012,4,69.45,0.15,236.13,170.32,65.81,2023,4,22
O102675,2023-04-22,P0088,C00812,S012,3,5.57,0.0,16.71,12.93,3.78,2023,4,22
O104465,2023-04-22,P0005,C00544,S010,1,15.5,0.0,15.5,12.07,3.43,2023,4,22
O104361,2023-04-22,P0073,C01165,S004,2,36.7,0.0,73.4,36.44,36.96,2023,4,22
O101329,2023-04-22,P0087,C00282,S006,1,463.9,0.05,440.7,253.65,187.05,2023,4,22
O103559,2023-04-22,P0091,C00129,S001,1,35.24,0.1,31.72,18.67,13.05,2023,4,22
O110448,2023-04-22,P0060,C00541,S012,1,80.71,0.1,72.64,51.25,21.39,2023,4,22
O107575,2023-04-22,P0072,C00044,S002,1,149.26,0.15,126.87,69.51,57.36,2023,4,22
O102074,2023-04-23,P0025,C00959,S004,3,18.6,0.0,55.8,42.27,13.53,2023,4,23
O104732,2023-04-23,P0070,C01003,S008,1,27.07,0.05,25.72,14.25,11.47,2023,4,23
O103723,2023-04-23,P0046,C00714,S009,1,69.45,0.0,69.45,42.58,26.87,2023,4,23
O108865,2023-04-23,P0015,C00186,S007,2,36.03,0.1,64.85,37.22,27.63,2023,4,23
O110406,2023-04-23,P0083,C00639,S005,2,85.03,0.0,170.06,89.58,80.48,2023,4,23
O103513,2023-04-23,P0013,C01186,S001,1,45.23,0.0,45.23,24.82,20.41,2023,4,23
O103635,2023-04-23,P0098,C00066,S008,1,37.83,0.05,35.94,29.0,6.94,2023,4,23
O102563,2023-04-23,P0023,C00600,S001,2,818.22,0.0,1636.44,1260.3,376.14,2023,4,23
O106660,2023-04-23,P0060,C00675,S006,1,80.71,0.0,80.71,51.25,29.46,2023,4,23
O101315,2023-04-23,P0025,C00982,S004,1,18.6,0.1,16.74,14.09,2.65,2023,4,23
O104893,2023-04-23,P0058,C00441,S002,2,123.22,0.0,246.44,118.94,127.5,2023,4,23
O102464,2023-04-23,P0085,C00222,S009,2,34.17,0.05,64.92,55.0,9.92,2023,4,23
O102154,2023-04-23,P0023,C00157,S003,1,818.22,0.05,777.31,630.15,147.16,2023,4,23
O109440,2023-04-23,P0046,C00774,S006,2,69.45,0.1,125.01,85.16,39.85,2023,4,23
O101824,2023-04-23,P0048,C00435,S010,1,113.33,0.05,107.66,82.55,25.11,2023,4,23
O102402,2023-04-23,P0066,C00620,S008,1,105.53,0.0,105.53,58.77,46.76,2023,4,23
O104155,2023-04-24,P0073,C00639,S007,1,36.7,0.05,34.86,18.22,16.64,2023,4,24
O100241,2023-04-24,P0001,C00844,S005,1,132.87,0.0,132.87,107.4,25.47,2023,4,24
O103564,2023-04-24,P0094,C00683,S003,1,21.21,0.05,20.15,12.17,7.98,2023,4,24
O110318,2023-04-24,P0081,C00377,S001,1,143.09,0.0,143.09,110.0,33.09,2023,4,24
O107892,2023-04-24,P0084,C00030,S002,2,17.53,0.0,35.06,28.22,6.84,2023,4,24
O103160,2023-04-24,P0015,C00512,S002,2,36.03,0.1,64.85,37.22,27.63,2023,4,24
O100798,2023-04-24,P0089,C00111,S005,2,39.28,0.05,74.63,36.3,38.33,2023,4,24
O102047,2023-04-24,P0063,C00508,S001,3,112.94,0.0,338.82,272.07,66.75,2023,4,24
O100531,2023-04-24,P0011,C00100,S006,1,713.82,0.0,713.82,451.83,261.99,2023,4,24
O106008,2023-04-24,P0085,C00026,S009,1,34.17,0.05,32.46,27.5,4.96,2023,4,24
O106813,2023-04-24,P0093,C00761,S009,1,13.08,0.1,11.77,9.16,2.61,2023,4,24
O105901,2023-04-24,P0085,C01014,S010,2,34.17,0.15,58.09,55.0,3.09,2023,4,24
O106405,2023-04-24,P0053,C00003,S004,1,51.37,0.05,48.8,32.27,16.53,2023,4,24
O103417,2023-04-24,P0063,C00058,S004,1,112.94,0.0,112.94,90.69,22.25,2023,4,24
O110367,2023-04-24,P0073,C00256,S012,1,36.7,0.05,34.86,18.22,16.64,2023,4,24
O102621,2023-04-24,P0027,C00971,S001,2,55.97,0.0,111.94,59.14,52.8,2023,4,24
O111029,2023-04-25,P0046,C00522,S009,1,69.45,0.05,65.98,42.58,23.4,2023,4,25
O109206,2023-04-25,P0049,C01105,S001,1,366.28,0.0,366.28,172.71,193.57,2023,4,25
O101495,2023-04-25,P0031,C00085,S003,1,104.43,0.2,83.54,64.18,19.36,2023,4,25
O105681,2023-04-25,P0056,C00398,S009,1,20.73,0.0,20.73,16.75,3.98,2023,4,25
O106050,2023-04-25,P0098,C01106,S009,1,37.83,0.1,34.05,29.0,5.05,2023,4,25
O106241,2023-04-25,P0049,C00700,S008,1,366.28,0.05,347.97,172.71,175.26,2023,4,25
O105730,2023-04-25,P0067,C00472,S006,1,5.57,0.0,5.57,3.25,2.32,2023,4,25
O108694,2023-04-25,P0081,C01147,S005,2,143.09,0.0,286.18,220.0,66.18,2023,4,25
O107589,2023-04-25,P0069,C00176,S001,1,85.27,0.0,85.27,65.86,19.41,2023,4,25
O107098,2023-04-25,P0001,C01016,S001,1,132.87,0.0,132.87,107.4,25.47,2023,4,25
O106275,2023-04-25,P0063,C00298,S008,1,112.94,0.2,90.35,90.69,-0.34,2023,4,25
O102183,2023-04-25,P0059,C00752,S005,1,10.64,0.0,10.64,7.7,2.94,2023,4,25
O106604,2023-04-25,P0096,C00649,S003,3,63.84,0.1,172.37,105.15,67.22,2023,4,25
O107649,2023-04-25,P0067,C01080,S003,1,5.57,0.1,5.01,3.25,1.76,2023,4,25
O108488,2023-04-26,P0034,C00793,S008,2,84.19,0.0,168.38,138.08,30.3,2023,4,26
O102461,2023-04-26,P0001,C00498,S010,10,132.87,0.1,1195.83,1074.0,121.83,2023,4,26
O106694,2023-04-26,P0007,C00889,S010,2,99.07,0.05,188.23,149.42,38.81,2023,4,26
O111875,2023-04-26,P0090,C00844,S007,1,575.16,0.0,575.16,375.73,199.43,2023,4,26
O108575,2023-04-26,P0062,C01014,S009,2,39.06,0.0,78.12,35.7,42.42,2023,4,26
O110658,2023-04-26,P0040,C01017,S009,1,25.25,0.0,25.25,16.53,8.72,2023,4,26
O103669,2023-04-26,P0092,C00024,S006,1,41.48,0.1,37.33,25.41,11.92,2023,4,26
O104469,2023-04-26,P0036,C01031,S010,3,15.34,0.0,46.02,24.87,21.15,2023,4,26
O102511,2023-04-26,P0087,C00221,S004,1,463.9,0.15,394.32,253.65,140.67,2023,4,26
O106943,2023-04-26,P0053,C00012,S001,1,51.37,0.0,51.37,32.27,19.1,2023,4,26
O108965,2023-04-26,P0004,C00103,S002,2,29.55,0.1,53.19,28.96,24.23,2023,4,26
O101971,2023-04-26,P0069,C01175,S007,10,85.27,0.05,810.06,658.6,151.46,2023,4,26
O110313,2023-04-26,P0040,C01081,S012,2,25.25,0.0,50.5,33.06,17.44,2023,4,26
O106482,2023-04-26,P0092,C00943,S008,1,41.48,0.0,41.48,25.41,16.07,2023,4,26
O104834,2023-04-26,P0066,C00346,S003,1,105.53,0.0,105.53,58.77,46.76,2023,4,26
O111491,2023-04-26,P0072,C00157,S012,2,149.26,0.0,298.52,139.02,159.5,2023,4,26
O104847,2023-04-27,P0034,C00567,S005,1,84.19,0.05,79.98,69.04,10.94,2023,4,27
O105080,2023-04-27,P0093,C00845,S005,1,13.08,0.0,13.08,9.16,3.92,2023,4,27
O102954,2023-04-27,P0059,C00668,S006,2,10.64,0.15,18.09,15.4,2.69,2023,4,27
O110177,2023-04-27,P0006,C00999,S012,1,74.01,0.0,74.01,43.08,30.93,2023,4,27
O104316,2023-04-27,P0017,C00538,S010,1,25.27,0.05,24.01,17.77,6.24,2023,4,27
O107855,2023-04-27,P0061,C01120,S009,2,86.94,0.0,173.88,92.8,81.08,2023,4,27
O107975,2023-04-27,P0020,C00051,S008,1,30.45,0.0,30.45,20.59,9.86,2023,4,27
O109630,2023-04-27,P0038,C00111,S005,1,42.19,0.1,37.97,29.31,8.66,2023,4,27
O110040,2023-04-27,P0003,C00866,S006,2,44.76,0.1,80.57,66.28,14.29,2023,4,27
O103002,2023-04-27,P0090,C00538,S004,4,575.16,0.1,2070.58,1502.92,567.66,2023,4,27
O100038,2023-04-28,P0035,C00295,S011,1,21.89,0.0,21.89,12.25,9.64,2023,4,28
O103566,2023-04-28,P0021,C00104,S008,1,25.8,0.0,25.8,12.57,13.23,2023,4,28
O103222,2023-04-28,P0006,C00302,S010,2,74.01,0.0,148.02,86.16,61.86,2023,4,28
O110287,2023-04-28,P0097,C00419,S005,4,8.15,0.0,32.6,21.96,10.64,2023,4,28
O100500,2023-04-28,P0054,C00715,S011,1,42.97,0.0,42.97,29.12,13.85,2023,4,28
O103897,2023-04-28,P0072,C01157,S012,3,149.26,0.05,425.39,208.53,216.86,2023,4,28
O102872,2023-04-28,P0084,C01086,S011,1,17.53,0.0,17.53,14.11,3.42,2023,4,28
O103291,2023-04-28,P0088,C00011,S011,1,5.57,0.15,4.73,4.31,0.42,2023,4,28
O111576,2023-04-28,P0038,C01097,S011,2,42.19,0.0,84.38,58.62,25.76,2023,4,28
O104051,2023-04-28,P0023,C00744,S001,2,818.22,0.0,1636.44,1260.3,376.14,2023,4,28
O110748,2023-04-28,P0042,C01025,S012,2,9.86,0.0,19.72,12.46,7.26,2023,4,28
O107556,2023-04-28,P0065,C00136,S007,1,776.21,0.1,698.59,385.54,313.05,2023,4,28
O104442,2023-04-28,P0007,C01200,S009,1,99.07,0.0,99.07,74.71,24.36,2023,4,28
O103049,2023-04-28,P0010,C00541,S007,1,14.81,0.0,14.81,12.15,2.66,2023,4,28
O100906,2023-04-28,P0053,C00496,S002,4,51.37,0.0,205.48,129.08,76.4,2023,4,28
O102104,2023-04-28,P0084,C00015,S003,1,17.53,0.05,16.65,14.11,2.54,2023,4,28
O100079,2023-04-28,P0046,C00510,S010,4,69.45,0.15,236.13,170.32,65.81,2023,4,28
O101492,2023-04-29,P0067,C00734,S010,2,5.57,0.1,10.03,6.5,3.53,2023,4,29
O110651,2023-04-29,P0030,C00766,S006,1,41.4,0.1,37.26,25.21,12.05,2023,4,29
O107557,2023-04-29,P0072,C01025,S007,5,149.26,0.0,746.3,347.55,398.75,2023,4,29
O102311,2023-04-29,P0087,C00619,S008,1,463.9,0.05,440.7,253.65,187.05,2023,4,29
O101500,2023-04-29,P0030,C00212,S002,1,41.4,0.05,39.33,25.21,14.12,2023,4,29
O104551,2023-04-29,P0087,C00350,S007,2,463.9,0.0,927.8,507.3,420.5,2023,4,29
O108890,2023-04-29,P0099,C00917,S012,5,5.01,0.0,25.05,13.85,11.2,2023,4,29
O109992,2023-04-29,P0050,C00648,S006,4,9.87,0.0,39.48,18.96,20.52,2023,4,29
O108400,2023-04-29,P0008,C00142,S003,3,22.28,0.0,66.84,33.42,33.42,2023,4,29
O105671,2023-04-29,P0009,C00059,S008,2,8.02,0.0,16.04,12.18,3.86,2023,4,29
O101445,2023-04-29,P0066,C00308,S009,1,105.53,0.0,105.53,58.77,46.76,2023,4,29
O109481,2023-04-29,P0098,C00143,S001,1,37.83,0.0,37.83,29.0,8.83,2023,4,29
O104225,2023-04-29,P0003,C00927,S012,2,44.76,0.2,71.62,66.28,5.34,2023,4,29
O105459,2023-04-29,P0083,C00383,S002,1,85.03,0.0,85.03,44.79,40.24,2023,4,29
O111168,2023-04-29,P0014,C00172,S006,1,13.14,0.1,11.83,6.13,5.7,2023,4,29
O108950,2023-04-29,P0075,C00285,S001,1,10.1,0.1,9.09,7.49,1.6,2023,4,29
O104842,2023-04-29,P0050,C00850,S010,1,9.87,0.0,9.87,4.74,5.13,2023,4,29
O106225,2023-04-30,P0077,C01179,S008,1,130.07,0.0,130.07,107.65,22.42,2023,4,30
O111380,2023-04-30,P0007,C00123,S001,2,99.07,0.05,188.23,149.42,38.81,2023,4,30
O107392,2023-04-30,P0047,C00834,S009,1,125.46,0.0,125.46,59.9,65.56,2023,4,30
O108711,2023-04-30,P0001,C00518,S007,1,132.87,0.05,126.23,107.4,18.83,2023,4,30
O110125,2023-04-30,P0036,C00020,S002,1,15.34,0.0,15.34,8.29,7.05,2023,4,30
O105777,2023-04-30,P0015,C01182,S010,1,36.03,0.0,36.03,18.61,17.42,2023,4,30
O101257,2023-04-30,P0005,C00233,S004,1,15.5,0.2,12.4,12.07,0.33,2023,4,30
O104743,2023-04-30,P0026,C00885,S008,3,325.3,0.2,780.72,544.14,236.58,2023,4,30
O101663,2023-04-30,P0009,C01119,S009,1,8.02,0.05,7.62,6.09,1.53,2023,4,30
O107504,2023-04-30,P0069,C00681,S012,1,85.27,0.0,85.27,65.86,19.41,2023,4,30
O111119,2023-04-30,P0007,C00399,S003,2,99.07,0.1,178.33,149.42,28.91,2023,4,30
O105377,2023-04-30,P0068,C00871,S003,1,100.31,0.0,100.31,81.38,18.93,2023,4,30
O111279,2023-05-01,P0060,C01034,S006,1,80.71,0.05,76.67,51.25,25.42,2023,5,1
O107011,2023-05-01,P0004,C01014,S007,1,29.55,0.0,29.55,14.48,15.07,2023,5,1
O102578,2023-05-01,P0081,C00870,S002,1,143.09,0.0,143.09,110.0,33.09,2023,5,1
O102238,2023-05-01,P0043,C00490,S007,3,11.09,0.0,33.27,17.43,15.84,2023,5,1
O104125,2023-05-01,P0019,C00406,S006,10,138.62,0.0,1386.2,681.5,704.7,2023,5,1
O101976,2023-05-01,P0080,C00570,S005,1,20.59,0.0,20.59,13.94,6.65,2023,5,1
O106920,2023-05-01,P0039,C01017,S004,1,47.6,0.0,47.6,32.53,15.07,2023,5,1
O108852,2023-05-01,P0058,C00041,S006,5,123.22,0.15,523.69,297.35,226.34,2023,5,1
O105217,2023-05-01,P0013,C00140,S002,1,45.23,0.0,45.23,24.82,20.41,2023,5,1
O110582,2023-05-01,P0011,C00569,S002,10,713.82,0.1,6424.38,4518.3,1906.08,2023,5,1
O101628,2023-05-01,P0065,C00722,S008,1,776.21,0.0,776.21,385.54,390.67,2023,5,1
O101712,2023-05-01,P0095,C00248,S004,2,118.84,0.0,237.68,156.34,81.34,2023,5,1
O104584,2023-05-01,P0099,C00450,S001,1,5.01,0.0,5.01,2.77,2.24,2023,5,1
O109130,2023-05-01,P0011,C01047,S001,1,713.82,0.0,713.82,451.83,261.99,2023,5,1
O109825,2023-05-01,P0055,C00071,S008,1,24.74,0.05,23.5,17.48,6.02,2023,5,1
O105368,2023-05-01,P0099,C00932,S012,10,5.01,0.1,45.09,27.7,17.39,2023,5,1
O105094,2023-05-01,P0071,C00507,S002,1,9.68,0.05,9.2,7.38,1.82,2023,5,1
O103200,2023-05-01,P0084,C01105,S012,1,17.53,0.0,17.53,14.11,3.42,2023,5,1
O104227,2023-05-01,P0022,C00103,S010,1,42.03,0.05,39.93,30.14,9.79,2023,5,1
O111310,2023-05-01,P0030,C00701,S005,1,41.4,0.1,37.26,25.21,12.05,2023,5,1
O106785,2023-05-01,P0072,C00958,S007,1,149.26,0.0,149.26,69.51,79.75,2023,5,1
O109707,2023-05-02,P0013,C01066,S008,3,45.23,0.05,128.91,74.46,54.45,2023,5,2
O108760,2023-05-02,P0042,C01010,S009,1,9.86,0.0,9.86,6.23,3.63,2023,5,2
O100546,2023-05-02,P0096,C00643,S008,2,63.84,0.0,127.68,70.1,57.58,2023,5,2
O102472,2023-05-02,P0044,C00919,S011,1,136.64,0.2,109.31,115.68,-6.37,2023,5,2
O104625,2023-05-02,P0026,C00785,S002,1,325.3,0.0,325.3,181.38,143.92,2023,5,2
O101639,2023-05-02,P0041,C00213,S006,1,246.7,0.0,246.7,134.73,111.97,2023,5,2
O107842,2023-05-02,P0009,C01135,S001,4,8.02,0.05,30.48,24.36,6.12,2023,5,2
O100664,2023-05-02,P0067,C00408,S008,2,5.57,0.05,10.58,6.5,4.08,2023,5,2
O103526,2023-05-02,P0036,C00262,S007,2,15.34,0.0,30.68,16.58,14.1,2023,5,2
O111993,2023-05-02,P0010,C00292,S007,3,14.81,0.0,44.43,36.45,7.98,2023,5,2
O103109,2023-05-02,P0055,C00685,S010,2,24.74,0.1,44.53,34.96,9.57,2023,5,2
O111597,2023-05-02,P0075,C00585,S003,1,10.1,0.1,9.09,7.49,1.6,2023,5,2
O102062,2023-05-02,P0042,C00171,S001,1,9.86,0.05,9.37,6.23,3.14,2023,5,2
O104693,2023-05-02,P0016,C00386,S008,1,547.4,0.0,547.4,397.41,149.99,2023,5,2
O102293,2023-05-02,P0020,C00646,S001,1,30.45,0.1,27.4,20.59,6.81,2023,5,2
O110520,2023-05-02,P0061,C00027,S001,1,86.94,0.0,86.94,46.4,40.54,2023,5,2
O106454,2023-05-03,P0010,C00240,S004,1,14.81,0.15,12.59,12.15,0.44,2023,5,3
O105317,2023-05-03,P0063,C00726,S004,1,112.94,0.0,112.94,90.69,22.25,2023,5,3
O111870,2023-05-03,P0078,C01078,S010,10,18.31,0.05,173.94,128.4,45.54,2023,5,3
O108562,2023-05-03,P0080,C00371,S011,3,20.59,0.15,52.5,41.82,10.68,2023,5,3
O103345,2023-05-03,P0041,C00160,S003,3,246.7,0.05,703.09,404.19,298.9,2023,5,3
O107576,2023-05-03,P0072,C00616,S012,1,149.26,0.0,149.26,69.51,79.75,2023,5,3
O108475,2023-05-03,P0073,C01139,S008,1,36.7,0.0,36.7,18.22,18.48,2023,5,3
O110133,2023-05-03,P0026,C00552,S001,1,325.3,0.0,325.3,181.38,143.92,2023,5,3
O111046,2023-05-03,P0092,C01092,S004,2,41.48,0.0,82.96,50.82,32.14,2023,5,3
O101662,2023-05-03,P0096,C00905,S008,1,63.84,0.1,57.46,35.05,22.41,2023,5,3
O107284,2023-05-03,P0085,C00940,S004,10,34.17,0.0,341.7,275.0,66.7,2023,5,3
O104734,2023-05-03,P0002,C01113,S006,1,130.95,0.0,130.95,100.06,30.89,2023,5,3
O110298,2023-05-03,P0086,C00651,S008,2,310.61,0.0,621.22,319.38,301.84,2023,5,3
O106157,2023-05-03,P0067,C00819,S006,1,5.57,0.05,5.29,3.25,2.04,2023,5,3
O103432,2023-05-03,P0039,C00574,S008,2,47.6,0.05,90.44,65.06,25.38,2023,5,3
O107269,2023-05-03,P0065,C00756,S012,2,776.21,0.1,1397.18,771.08,626.1,2023,5,3
O107672,2023-05-03,P0061,C00442,S011,1,86.94,0.1,78.25,46.4,31.85,2023,5,3
O109183,2023-05-03,P0011,C00174,S001,1,713.82,0.05,678.13,451.83,226.3,2023,5,3
O100008,2023-05-04,P0023,C00556,S003,1,818.22,0.0,818.22,630.15,188.07,2023,5,4
O110510,2023-05-04,P0005,C00036,S001,4,15.5,0.15,52.7,48.28,4.42,2023,5,4
O108568,2023-05-04,P0020,C01130,S005,1,30.45,0.0,30.45,20.59,9.86,2023,5,4
O107370,2023-05-04,P0020,C00578,S001,1,30.45,0.05,28.93,20.59,8.34,2023,5,4
O106814,2023-05-04,P0089,C00747,S001,1,39.28,0.0,39.28,18.15,21.13,2023,5,4
O100068,2023-05-04,P0030,C00191,S008,1,41.4,0.05,39.33,25.21,14.12,2023,5,4
O102124,2023-05-04,P0030,C00083,S004,2,41.4,0.05,78.66,50.42,28.24,2023,5,4
O108289,2023-05-04,P0052,C00368,S008,1,97.55,0.05,92.67,61.47,31.2,2023,5,4
O108930,2023-05-04,P0050,C01177,S006,1,9.87,0.1,8.88,4.74,4.14,2023,5,4
O103963,2023-05-04,P0087,C01056,S010,1,463.9,0.05,440.7,253.65,187.05,2023,5,4
O106027,2023-05-04,P0013,C01053,S009,2,45.23,0.05,85.94,49.64,36.3,2023,5,4
O104598,2023-05-04,P0075,C00599,S002,3,10.1,0.0,30.3,22.47,7.83,2023,5,4
O101001,2023-05-04,P0043,C00259,S001,1,11.09,0.05,10.54,5.81,4.73,2023,5,4
O108752,2023-05-04,P0073,C00109,S002,2,36.7,0.1,66.06,36.44,29.62,2023,5,4
O103902,2023-05-04,P0095,C00593,S009,1,118.84,0.1,106.96,78.17,28.79,2023,5,4
O111352,2023-05-04,P0071,C01186,S002,1,9.68,0.15,8.23,7.38,0.85,2023,5,4
O102208,2023-05-04,P0094,C01011,S011,1,21.21,0.05,20.15,12.17,7.98,2023,5,4
O105245,2023-05-04,P0016,C00231,S002,1,547.4,0.0,547.4,397.41,149.99,2023,5,4
O106590,2023-05-04,P0001,C00849,S012,1,132.87,0.0,132.87,107.4,25.47,2023,5,4
O108199,2023-05-05,P0096,C01168,S002,4,63.84,0.0,255.36,140.2,115.16,2023,5,5
O111933,2023-05-05,P0074,C01038,S006,2,106.15,0.1,191.07,138.48,52.59,2023,5,5
O100878,2023-05-05,P0001,C00318,S002,4,132.87,0.0,531.48,429.6,101.88,2023,5,5
O103914,2023-05-05,P0097,C00413,S001,1,8.15,0.0,8.15,5.49,2.66,2023,5,5
O100287,2023-05-05,P0058,C00006,S011,3,123.22,0.0,369.66,178.41,191.25,2023,5,5
O110034,2023-05-05,P0028,C00812,S004,1,453.33,0.0,453.33,253.96,199.37,2023,5,5
O103211,2023-05-05,P0038,C00780,S011,1,42.19,0.0,42.19,29.31,12.88,2023,5,5
O103393,2023-05-05,P0072,C00264,S009,2,149.26,0.15,253.74,139.02,114.72,2023,5,5
O106587,2023-05-05,P0067,C01128,S007,2,5.57,0.0,11.14,6.5,4.64,2023,5,5
O105076,2023-05-05,P0005,C00008,S009,1,15.5,0.0,15.5,12.07,3.43,2023,5,5
O105703,2023-05-05,P0049,C01143,S010,1,366.28,0.0,366.28,172.71,193.57,2023,5,5
O111505,2023-05-05,P0077,C00950,S006,2,130.07,0.0,260.14,215.3,44.84,2023,5,5
O108003,2023-05-05,P0051,C00543,S007,1,32.14,0.1,28.93,16.02,12.91,2023,5,5
O103873,2023-05-05,P0012,C00283,S002,2,88.36,0.0,176.72,125.8,50.92,2023,5,5
O104530,2023-05-05,P0006,C00914,S008,1,74.01,0.0,74.01,43.08,30.93,2023,5,5
O101665,2023-05-05,P0092,C00369,S010,1,41.48,0.0,41.48,25.41,16.07,2023,5,5
O110043,2023-05-05,P0084,C00507,S002,2,17.53,0.1,31.55,28.22,3.33,2023,5,5
O103717,2023-05-06,P0045,C00969,S006,1,131.19,0.0,131.19,106.88,24.31,2023,5,6
O104266,2023-05-06,P0058,C00130,S004,2,123.22,0.15,209.47,118.94,90.53,2023,5,6
O101389,2023-05-06,P0047,C01130,S003,10,125.46,0.05,1191.87,599.0,592.87,2023,5,6
O103163,2023-05-06,P0052,C01027,S009,1,97.55,0.05,92.67,61.47,31.2,2023,5,6
O103305,2023-05-06,P0008,C00238,S012,1,22.28,0.0,22.28,11.14,11.14,2023,5,6
O110843,2023-05-06,P0001,C00616,S004,1,132.87,0.2,106.3,107.4,-1.1,2023,5,6
O109841,2023-05-06,P0015,C00324,S006,1,36.03,0.0,36.03,18.61,17.42,2023,5,6
O110973,2023-05-06,P0016,C00949,S011,1,547.4,0.0,547.4,397.41,149.99,2023,5,6
O100149,2023-05-06,P0042,C01179,S006,1,9.86,0.0,9.86,6.23,3.63,2023,5,6
O101721,2023-05-06,P0082,C00295,S008,2,28.43,0.0,56.86,43.46,13.4,2023,5,6
O110801,2023-05-06,P0004,C00309,S001,1,29.55,0.0,29.55,14.48,15.07,2023,5,6
O103441,2023-05-06,P0087,C01107,S012,4,463.9,0.05,1762.82,1014.6,748.22,2023,5,6
O109186,2023-05-06,P0039,C00882,S012,1,47.6,0.1,42.84,32.53,10.31,2023,5,6
O110048,2023-05-06,P0040,C00381,S002,1,25.25,0.0,25.25,16.53,8.72,2023,5,6
O104307,2023-05-06,P0054,C00006,S001,1,42.97,0.1,38.67,29.12,9.55,2023,5,6
O100200,2023-05-07,P0073,C00749,S005,1,36.7,0.0,36.7,18.22,18.48,2023,5,7
O108337,2023-05-07,P0058,C00403,S012,2,123.22,0.1,221.8,118.94,102.86,2023,5,7
O102804,2023-05-07,P0064,C00738,S006,2,12.06,0.1,21.71,10.96,10.75,2023,5,7
O101548,2023-05-07,P0024,C00931,S008,1,722.65,0.0,722.65,423.58,299.07,2023,5,7
O103927,2023-05-07,P0016,C00659,S011,1,547.4,0.0,547.4,397.41,149.99,2023,5,7
O104947,2023-05-07,P0033,C00444,S012,1,47.81,0.0,47.81,31.21,16.6,2023,5,7
O102019,2023-05-07,P0100,C00861,S004,1,142.46,0.1,128.21,91.14,37.07,2023,5,7
O105896,2023-05-07,P0099,C00971,S010,5,5.01,0.1,22.54,13.85,8.69,2023,5,7
O101468,2023-05-07,P0080,C00881,S009,1,20.59,0.1,18.53,13.94,4.59,2023,5,7
O102437,2023-05-07,P0039,C00990,S005,1,47.6,0.0,47.6,32.53,15.07,2023,5,7
O106908,2023-05-07,P0062,C00226,S001,1,39.06,0.0,39.06,17.85,21.21,2023,5,7
O103748,2023-05-07,P0076,C00409,S002,3,301.81,0.15,769.62,743.67,25.95,2023,5,7
O108049,2023-05-07,P0001,C01134,S002,1,132.87,0.0,132.87,107.4,25.47,2023,5,7
O109575,2023-05-07,P0080,C00017,S005,3,20.59,0.0,61.77,41.82,19.95,2023,5,7
O111062,2023-05-07,P0087,C00698,S010,1,463.9,0.0,463.9,253.65,210.25,2023,5,7
O110329,2023-05-07,P0046,C00947,S008,1,69.45,0.0,69.45,42.58,26.87,2023,5,7
O110985,2023-05-07,P0054,C00284,S007,1,42.97,0.0,42.97,29.12,13.85,2023,5,7
O101844,2023-05-07,P0054,C00214,S010,1,42.97,0.0,42.97,29.12,13.85,2023,5,7
O106567,2023-05-07,P0087,C01176,S010,1,463.9,0.0,463.9,253.65,210.25,2023,5,7
O110182,2023-05-07,P0018,C01072,S010,1,34.43,0.1,30.99,26.49,4.5,2023,5,7
O101733,2023-05-08,P0075,C00550,S008,1,10.1,0.0,10.1,7.49,2.61,2023,5,8
O103052,2023-05-08,P0023,C00593,S003,1,818.22,0.1,736.4,630.15,106.25,2023,5,8
O101822,2023-05-08,P0093,C00935,S003,1,13.08,0.2,10.46,9.16,1.3,2023,5,8
O109240,2023-05-08,P0084,C00078,S011,1,17.53,0.05,16.65,14.11,2.54,2023,5,8
O101213,2023-05-08,P0022,C00484,S008,1,42.03,0.15,35.73,30.14,5.59,2023,5,8
O100347,2023-05-08,P0076,C00414,S009,1,301.81,0.15,256.54,247.89,8.65,2023,5,8
O110847,2023-05-08,P0031,C00605,S007,1,104.43,0.0,104.43,64.18,40.25,2023,5,8
O100209,2023-05-08,P0043,C01099,S010,1,11.09,0.1,9.98,5.81,4.17,2023,5,8
O101336,2023-05-08,P0073,C00527,S003,1,36.7,0.0,36.7,18.22,18.48,2023,5,8
O106581,2023-05-08,P0009,C00492,S011,5,8.02,0.0,40.1,30.45,9.65,2023,5,8
O110279,2023-05-08,P0031,C00547,S007,3,104.43,0.05,297.63,192.54,105.09,2023,5,8
O101069,2023-05-08,P0082,C01172,S006,1,28.43,0.2,22.74,21.73,1.01,2023,5,8
O106932,2023-05-08,P0045,C00605,S005,1,131.19,0.05,124.63,106.88,17.75,2023,5,8
O111191,2023-05-08,P0060,C00138,S005,2,80.71,0.05,153.35,102.5,50.85,2023,5,8
O100931,2023-05-08,P0015,C00974,S004,1,36.03,0.0,36.03,18.61,17.42,2023,5,8
O102989,2023-05-08,P0074,C01031,S011,1,106.15,0.0,106.15,69.24,36.91,2023,5,8
O109155,2023-05-08,P0063,C00689,S005,1,112.94,0.0,112.94,90.69,22.25,2023,5,8
O104399,2023-05-08,P0090,C01056,S002,1,575.16,0.1,517.64,375.73,141.91,2023,5,8
O106045,2023-05-08,P0031,C00173,S009,10,104.43,0.0,1044.3,641.8,402.5,2023,5,8
O101937,2023-05-08,P0058,C00745,S004,1,123.22,0.15,104.74,59.47,45.27,2023,5,8
O103346,2023-05-08,P0055,C00099,S004,1,24.74,0.0,24.74,17.48,7.26,2023,5,8
O101709,2023-05-08,P0086,C00910,S009,1,310.61,0.05,295.08,159.69,135.39,2023,5,8
O111777,2023-05-08,P0047,C00390,S003,1,125.46,0.05,119.19,59.9,59.29,2023,5,8
O109405,2023-05-08,P0016,C01148,S004,2,547.4,0.0,1094.8,794.82,299.98,2023,5,8
O100101,2023-05-09,P0019,C00247,S004,1,138.62,0.15,117.83,68.15,49.68,2023,5,9
O101129,2023-05-09,P0079,C00675,S011,1,120.53,0.0,120.53,93.1,27.43,2023,5,9
O101688,2023-05-09,P0035,C01112,S002,1,21.89,0.1,19.7,12.25,7.45,2023,5,9
O110838,2023-05-09,P0046,C01078,S004,10,69.45,0.0,694.5,425.8,268.7,2023,5,9
O104571,2023-05-09,P0007,C00165,S007,1,99.07,0.0,99.07,74.71,24.36,2023,5,9
O102961,2023-05-09,P0050,C00161,S003,2,9.87,0.05,18.75,9.48,9.27,2023,5,9
O102649,2023-05-09,P0086,C00655,S008,4,310.61,0.0,1242.44,638.76,603.68,2023,5,9
O106720,2023-05-09,P0072,C00969,S008,1,149.26,0.05,141.8,69.51,72.29,2023,5,9
O103851,2023-05-09,P0053,C01073,S009,3,51.37,0.1,138.7,96.81,41.89,2023,5,9
O107723,2023-05-09,P0009,C00935,S007,1,8.02,0.0,8.02,6.09,1.93,2023,5,9
O104219,2023-05-09,P0082,C00452,S010,1,28.43,0.0,28.43,21.73,6.7,2023,5,9
O105740,2023-05-10,P0071,C00363,S006,1,9.68,0.0,9.68,7.38,2.3,2023,5,10
O110653,2023-05-10,P0025,C00098,S005,10,18.6,0.0,186.0,140.9,45.1,2023,5,10
O110245,2023-05-10,P0062,C00409,S001,5,39.06,0.15,166.0,89.25,76.75,2023,5,10
O100405,2023-05-10,P0047,C00003,S003,1,125.46,0.1,112.91,59.9,53.01,2023,5,10
O110671,2023-05-10,P0022,C01044,S001,1,42.03,0.15,35.73,30.14,5.59,2023,5,10
O109829,2023-05-10,P0056,C00369,S003,1,20.73,0.0,20.73,16.75,3.98,2023,5,10
O106818,2023-05-10,P0024,C01144,S006,2,722.65,0.15,1228.5,847.16,381.34,2023,5,10
O109474,2023-05-10,P0047,C00623,S010,2,125.46,0.15,213.28,119.8,93.48,2023,5,10
O106809,2023-05-10,P0024,C00691,S009,2,722.65,0.0,1445.3,847.16,598.14,2023,5,10
O103433,2023-05-10,P0037,C00695,S003,1,61.48,0.05,58.41,48.1,10.31,2023,5,10
O103230,2023-05-10,P0099,C00497,S012,4,5.01,0.0,20.04,11.08,8.96,2023,5,10
O101518,2023-05-10,P0013,C00160,S006,2,45.23,0.05,85.94,49.64,36.3,2023,5,10
O101881,2023-05-10,P0085,C00333,S012,1,34.17,0.0,34.17,27.5,6.67,2023,5,10
O102077,2023-05-10,P0017,C00197,S008,1,25.27,0.0,25.27,17.77,7.5,2023,5,10
O104250,2023-05-10,P0089,C00455,S010,1,39.28,0.0,39.28,18.15,21.13,2023,5,10
O100572,2023-05-10,P0070,C00454,S003,1,27.07,0.0,27.07,14.25,12.82,2023,5,10
O104605,2023-05-10,P0033,C00182,S003,1,47.81,0.1,43.03,31.21,11.82,2023,5,10
O105180,2023-05-10,P0078,C00266,S004,2,18.31,0.0,36.62,25.68,10.94,2023,5,10
O104729,2023-05-10,P0028,C00165,S006,1,453.33,0.0,453.33,253.96,199.37,2023,5,10
O103107,2023-05-10,P0001,C00324,S010,1,132.87,0.15,112.94,107.4,5.54,2023,5,10
O111666,2023-05-10,P0092,C00931,S009,1,41.48,0.0,41.48,25.41,16.07,2023,5,10
O101873,2023-05-11,P0057,C00665,S010,1,157.4,0.0,157.4,131.61,25.79,2023,5,11
O107583,2023-05-11,P0028,C00158,S009,1,453.33,0.05,430.66,253.96,176.7,2023,5,11
O109196,2023-05-11,P0027,C00550,S004,1,55.97,0.0,55.97,29.57,26.4,2023,5,11
O102518,2023-05-11,P0087,C00197,S005,1,463.9,0.0,463.9,253.65,210.25,2023,5,11
O102068,2023-05-11,P0001,C00639,S002,1,132.87,0.0,132.87,107.4,25.47,2023,5,11
O100260,2023-05-11,P0041,C00309,S006,1,246.7,0.05,234.36,134.73,99.63,2023,5,11
O102227,2023-05-11,P0086,C00682,S010,2,310.61,0.0,621.22,319.38,301.84,2023,5,11
O103844,2023-05-11,P0032,C00162,S011,2,62.15,0.0,124.3,90.58,33.72,2023,5,11
O101436,2023-05-11,P0029,C00209,S003,1,93.75,0.0,93.75,68.76,24.99,2023,5,11
O104433,2023-05-11,P0075,C00680,S008,2,10.1,0.15,17.17,14.98,2.19,2023,5,11
O106547,2023-05-11,P0051,C01019,S001,1,32.14,0.0,32.14,16.02,16.12,2023,5,11
O111031,2023-05-11,P0009,C00861,S007,1,8.02,0.05,7.62,6.09,1.53,2023,5,11
O108231,2023-05-11,P0094,C00368,S010,2,21.21,0.0,42.42,24.34,18.08,2023,5,11
O104618,2023-05-11,P0042,C01093,S005,1,9.86,0.05,9.37,6.23,3.14,2023,5,11
O101503,2023-05-11,P0072,C00484,S010,1,149.26,0.1,134.33,69.51,64.82,2023,5,11
O108994,2023-05-11,P0036,C00091,S003,2,15.34,0.1,27.61,16.58,11.03,2023,5,11
O100355,2023-05-11,P0088,C00332,S011,2,5.57,0.0,11.14,8.62,2.52,2023,5,11
O104121,2023-05-11,P0054,C00904,S001,1,42.97,0.1,38.67,29.12,9.55,2023,5,11
O109024,2023-05-11,P0065,C01055,S007,2,776.21,0.0,1552.42,771.08,781.34,2023,5,11
O100419,2023-05-11,P0066,C00671,S004,1,105.53,0.0,105.53,58.77,46.76,2023,5,11
O105072,2023-05-11,P0024,C01001,S012,1,722.65,0.0,722.65,423.58,299.07,2023,5,11
O106708,2023-05-12,P0058,C00811,S001,3,123.22,0.0,369.66,178.41,191.25,2023,5,12
O111990,2023-05-12,P0061,C00434,S009,4,86.94,0.0,347.76,185.6,162.16,2023,5,12
O108833,2023-05-12,P0082,C00983,S002,1,28.43,0.0,28.43,21.73,6.7,2023,5,12
O106106,2023-05-12,P0053,C00706,S008,5,51.37,0.0,256.85,161.35,95.5,2023,5,12
O104852,2023-05-12,P0017,C00358,S003,1,25.27,0.0,25.27,17.77,7.5,2023,5,12
O101778,2023-05-12,P0085,C00182,S004,1,34.17,0.0,34.17,27.5,6.67,2023,5,12
O105584,2023-05-12,P0009,C00386,S006,3,8.02,0.0,24.06,18.27,5.79,2023,5,12
O107977,2023-05-12,P0093,C00787,S007,1,13.08,0.0,13.08,9.16,3.92,2023,5,12
O105654,2023-05-12,P0012,C00213,S011,1,88.36,0.0,88.36,62.9,25.46,2023,5,12
O110293,2023-05-12,P0096,C00901,S002,1,63.84,0.0,63.84,35.05,28.79,2023,5,12
O100258,2023-05-12,P0014,C00087,S006,1,13.14,0.0,13.14,6.13,7.01,2023,5,12
O107193,2023-05-12,P0024,C01148,S009,1,722.65,0.0,722.65,423.58,299.07,2023,5,12
O106636,2023-05-12,P0014,C01105,S009,2,13.14,0.15,22.34,12.26,10.08,2023,5,12
O100723,2023-05-12,P0047,C00763,S007,1,125.46,0.1,112.91,59.9,53.01,2023,5,12
O103095,2023-05-12,P0043,C01072,S002,1,11.09,0.0,11.09,5.81,5.28,2023,5,12
O108334,2023-05-12,P0054,C01048,S010,2,42.97,0.0,85.94,58.24,27.7,2023,5,12
O101723,2023-05-12,P0084,C00417,S006,3,17.53,0.15,44.7,42.33,2.37,2023,5,12
O111120,2023-05-12,P0046,C01060,S002,1,69.45,0.0,69.45,42.58,26.87,2023,5,12
O107550,2023-05-12,P0006,C00988,S012,1,74.01,0.05,70.31,43.08,27.23,2023,5,12
O108207,2023-05-12,P0091,C00007,S009,2,35.24,0.05,66.96,37.34,29.62,2023,5,12
O106723,2023-05-13,P0095,C00397,S001,1,118.84,0.1,106.96,78.17,28.79,2023,5,13
O111946,2023-05-13,P0096,C00820,S002,1,63.84,0.0,63.84,35.05,28.79,2023,5,13
O104261,2023-05-13,P0006,C00040,S012,1,74.01,0.2,59.21,43.08,16.13,2023,5,13
O102814,2023-05-13,P0088,C00520,S004,2,5.57,0.0,11.14,8.62,2.52,2023,5,13
O105812,2023-05-13,P0057,C00046,S004,1,157.4,0.15,133.79,131.61,2.18,2023,5,13
O104897,2023-05-13,P0090,C01122,S005,2,575.16,0.1,1035.29,751.46,283.83,2023,5,13
O108201,2023-05-13,P0015,C00804,S001,1,36.03,0.0,36.03,18.61,17.42,2023,5,13
O102719,2023-05-13,P0025,C00563,S006,1,18.6,0.05,17.67,14.09,3.58,2023,5,13
O111741,2023-05-13,P0073,C01096,S005,1,36.7,0.0,36.7,18.22,18.48,2023,5,13
O104189,2023-05-13,P0079,C00958,S008,4,120.53,0.0,482.12,372.4,109.72,2023,5,13
O100799,2023-05-13,P0027,C00256,S003,1,55.97,0.05,53.17,29.57,23.6,2023,5,13
O102250,2023-05-13,P0099,C00651,S011,1,5.01,0.2,4.01,2.77,1.24,2023,5,13
O110011,2023-05-13,P0066,C00971,S008,1,105.53,0.05,100.25,58.77,41.48,2023,5,13
O104020,2023-05-13,P0038,C00635,S009,1,42.19,0.0,42.19,29.31,12.88,2023,5,13
O111682,2023-05-14,P0013,C01052,S009,2,45.23,0.0,90.46,49.64,40.82,2023,5,14
O111101,2023-05-14,P0084,C00998,S004,2,17.53,0.0,35.06,28.22,6.84,2023,5,14
O110892,2023-05-14,P0069,C00493,S002,3,85.27,0.0,255.81,197.58,58.23,2023,5,14
O107801,2023-05-14,P0005,C01164,S005,1,15.5,0.1,13.95,12.07,1.88,2023,5,14
O105535,2023-05-14,P0059,C00722,S003,1,10.64,0.0,10.64,7.7,2.94,2023,5,14
O107936,2023-05-14,P0011,C00523,S004,1,713.82,0.0,713.82,451.83,261.99,2023,5,14
O100806,2023-05-14,P0099,C00207,S010,2,5.01,0.0,10.02,5.54,4.48,2023,5,14
O102205,2023-05-14,P0033,C00021,S008,1,47.81,0.0,47.81,31.21,16.6,2023,5,14
O103491,2023-05-14,P0038,C00408,S011,1,42.19,0.0,42.19,29.31,12.88,2023,5,14
O111438,2023-05-14,P0044,C01092,S007,2,136.64,0.0,273.28,231.36,41.92,2023,5,14
O109517,2023-05-14,P0058,C00019,S007,2,123.22,0.0,246.44,118.94,127.5,2023,5,14
O103135,2023-05-14,P0066,C00582,S003,2,105.53,0.0,211.06,117.54,93.52,2023,5,14
O102189,2023-05-14,P0074,C00442,S010,5,106.15,0.1,477.68,346.2,131.48,2023,5,14
O100548,2023-05-14,P0051,C00932,S001,1,32.14,0.0,32.14,16.02,16.12,2023,5,14
O106748,2023-05-15,P0018,C00960,S008,4,34.43,0.0,137.72,105.96,31.76,2023,5,15
O102756,2023-05-15,P0098,C00503,S004,1,37.83,0.0,37.83,29.0,8.83,2023,5,15
O101592,2023-05-15,P0003,C00229,S003,2,44.76,0.05,85.04,66.28,18.76,2023,5,15
O105314,2023-05-15,P0035,C00644,S005,2,21.89,0.05,41.59,24.5,17.09,2023,5,15
O102073,2023-05-15,P0050,C00047,S008,3,9.87,0.0,29.61,14.22,15.39,2023,5,15
O104951,2023-05-15,P0054,C01185,S005,1,42.97,0.1,38.67,29.12,9.55,2023,5,15
O103363,2023-05-15,P0038,C00413,S004,2,42.19,0.0,84.38,58.62,25.76,2023,5,15
O105893,2023-05-15,P0064,C00652,S009,4,12.06,0.0,48.24,21.92,26.32,2023,5,15
O104789,2023-05-15,P0077,C00645,S008,3,130.07,0.15,331.68,322.95,8.73,2023,5,15
O111941,2023-05-15,P0028,C01048,S012,1,453.33,0.0,453.33,253.96,199.37,2023,5,15
O110301,2023-05-16,P0083,C00074,S001,1,85.03,0.05,80.78,44.79,35.99,2023,5,16
O102406,2023-05-16,P0052,C00345,S004,3,97.55,0.0,292.65,184.41,108.24,2023,5,16
O108366,2023-05-16,P0074,C00660,S007,1,106.15,0.0,106.15,69.24,36.91,2023,5,16
O111469,2023-05-16,P0009,C00165,S010,1,8.02,0.1,7.22,6.09,1.13,2023,5,16
O104377,2023-05-16,P0041,C00502,S004,2,246.7,0.15,419.39,269.46,149.93,2023,5,16
O105991,2023-05-16,P0008,C01118,S003,1,22.28,0.0,22.28,11.14,11.14,2023,5,16
O104612,2023-05-16,P0074,C01082,S006,1,106.15,0.15,90.23,69.24,20.99,2023,5,16
O110572,2023-05-16,P0045,C00098,S001,2,131.19,0.0,262.38,213.76,48.62,2023,5,16
O106206,2023-05-16,P0096,C00908,S002,1,63.84,0.1,57.46,35.05,22.41,2023,5,16
O108894,2023-05-16,P0049,C01197,S005,3,366.28,0.0,1098.84,518.13,580.71,2023,5,16
O102125,2023-05-16,P0026,C01039,S002,1,325.3,0.0,325.3,181.38,143.92,2023,5,16
O107960,2023-05-16,P0083,C00257,S011,3,85.03,0.0,255.09,134.37,120.72,2023,5,16
O109429,2023-05-16,P0076,C00351,S003,2,301.81,0.0,603.62,495.78,107.84,2023,5,16
O105398,2023-05-16,P0014,C00820,S003,2,13.14,0.0,26.28,12.26,14.02,2023,5,16
O111498,2023-05-16,P0010,C00877,S011,3,14.81,0.15,37.77,36.45,1.32,2023,5,16
O104065,2023-05-17,P0066,C00496,S012,2,105.53,0.1,189.95,117.54,72.41,2023,5,17
O110395,2023-05-17,P0050,C00840,S001,1,9.87,0.1,8.88,4.74,4.14,2023,5,17
O109871,2023-05-17,P0045,C00056,S011,1,131.19,0.0,131.19,106.88,24.31,2023,5,17
O101044,2023-05-17,P0015,C00608,S008,2,36.03,0.0,72.06,37.22,34.84,2023,5,17
O111801,2023-05-17,P0076,C00524,S012,1,301.81,0.0,301.81,247.89,53.92,2023,5,17
O109746,2023-05-17,P0007,C00810,S002,2,99.07,0.2,158.51,149.42,9.09,2023,5,17
O107127,2023-05-17,P0040,C01165,S009,1,25.25,0.0,25.25,16.53,8.72,2023,5,17
O102323,2023-05-17,P0030,C00779,S002,1,41.4,0.0,41.4,25.21,16.19,2023,5,17
O105586,2023-05-17,P0067,C00445,S003,5,5.57,0.0,27.85,16.25,11.6,2023,5,17
O100175,2023-05-17,P0011,C00551,S010,1,713.82,0.1,642.44,451.83,190.61,2023,5,17
O110310,2023-05-17,P0038,C00498,S001,1,42.19,0.2,33.75,29.31,4.44,2023,5,17
O107740,2023-05-17,P0003,C00468,S010,1,44.76,0.0,44.76,33.14,11.62,2023,5,17
O102304,2023-05-17,P0031,C01044,S009,1,104.43,0.1,93.99,64.18,29.81,2023,5,17
O109606,2023-05-17,P0064,C00004,S006,1,12.06,0.1,10.85,5.48,5.37,2023,5,17
O101962,2023-05-17,P0012,C00575,S010,2,88.36,0.0,176.72,125.8,50.92,2023,5,17
O102051,2023-05-17,P0059,C00785,S010,1,10.64,0.0,10.64,7.7,2.94,2023,5,17
O102562,2023-05-17,P0076,C00537,S006,2,301.81,0.0,603.62,495.78,107.84,2023,5,17
O108957,2023-05-17,P0099,C00088,S004,1,5.01,0.0,5.01,2.77,2.24,2023,5,17
O107243,2023-05-17,P0086,C00972,S012,1,310.61,0.1,279.55,159.69,119.86,2023,5,17
O101771,2023-05-18,P0048,C00747,S011,1,113.33,0.15,96.33,82.55,13.78,2023,5,18
O106407,2023-05-18,P0062,C00842,S009,1,39.06,0.15,33.2,17.85,15.35,2023,5,18
O101091,2023-05-18,P0051,C00618,S004,1,32.14,0.0,32.14,16.02,16.12,2023,5,18
O100623,2023-05-18,P0066,C00017,S003,2,105.53,0.0,211.06,117.54,93.52,2023,5,18
O101310,2023-05-18,P0026,C00767,S009,1,325.3,0.1,292.77,181.38,111.39,2023,5,18
O111056,2023-05-18,P0031,C00063,S010,2,104.43,0.0,208.86,128.36,80.5,2023,5,18
O110580,2023-05-18,P0013,C00571,S005,1,45.23,0.0,45.23,24.82,20.41,2023,5,18
O110998,2023-05-18,P0062,C00605,S004,1,39.06,0.0,39.06,17.85,21.21,2023,5,18
O104643,2023-05-18,P0066,C00049,S008,1,105.53,0.1,94.98,58.77,36.21,2023,5,18
O106700,2023-05-18,P0009,C01093,S012,3,8.02,0.1,21.65,18.27,3.38,2023,5,18
O110948,2023-05-18,P0083,C00499,S005,1,85.03,0.15,72.28,44.79,27.49,2023,5,18
O107187,2023-05-18,P0061,C00497,S001,5,86.94,0.0,434.7,232.0,202.7,2023,5,18
O110120,2023-05-18,P0100,C00686,S007,1,142.46,0.0,142.46,91.14,51.32,2023,5,18
O110665,2023-05-19,P0056,C00740,S009,1,20.73,0.1,18.66,16.75,1.91,2023,5,19
O103800,2023-05-19,P0007,C01033,S011,4,99.07,0.05,376.47,298.84,77.63,2023,5,19
O109424,2023-05-19,P0001,C00683,S012,2,132.87,0.05,252.45,214.8,37.65,2023,5,19
O107886,2023-05-19,P0057,C00908,S001,1,157.4,0.05,149.53,131.61,17.92,2023,5,19
O110499,2023-05-19,P0022,C00620,S001,2,42.03,0.05,79.86,60.28,19.58,2023,5,19
O107861,2023-05-19,P0052,C00445,S011,1,97.55,0.0,97.55,61.47,36.08,2023,5,19
O105120,2023-05-19,P0066,C00144,S002,1,105.53,0.0,105.53,58.77,46.76,2023,5,19
O107429,2023-05-19,P0015,C01081,S003,5,36.03,0.15,153.13,93.05,60.08,2023,5,19
O101191,2023-05-20,P0043,C01049,S010,5,11.09,0.0,55.45,29.05,26.4,2023,5,20
O100908,2023-05-20,P0068,C00799,S004,1,100.31,0.0,100.31,81.38,18.93,2023,5,20
O101470,2023-05-20,P0058,C00388,S005,1,123.22,0.0,123.22,59.47,63.75,2023,5,20
O110270,2023-05-20,P0063,C01116,S001,1,112.94,0.0,112.94,90.69,22.25,2023,5,20
O101929,2023-05-20,P0010,C00265,S003,1,14.81,0.0,14.81,12.15,2.66,2023,5,20
O109449,2023-05-20,P0007,C00581,S006,1,99.07,0.05,94.12,74.71,19.41,2023,5,20
O111999,2023-05-20,P0020,C00768,S010,1,30.45,0.0,30.45,20.59,9.86,2023,5,20
O106874,2023-05-20,P0035,C00549,S010,1,21.89,0.0,21.89,12.25,9.64,2023,5,20
O110690,2023-05-20,P0044,C00507,S008,1,136.64,0.0,136.64,115.68,20.96,2023,5,20
O103884,2023-05-20,P0032,C00527,S010,1,62.15,0.2,49.72,45.29,4.43,2023,5,20
O110127,2023-05-20,P0091,C00511,S008,1,35.24,0.0,35.24,18.67,16.57,2023,5,20
O111183,2023-05-20,P0006,C00664,S003,2,74.01,0.1,133.22,86.16,47.06,2023,5,20
O104301,2023-05-21,P0026,C00827,S003,1,325.3,0.0,325.3,181.38,143.92,2023,5,21
O100528,2023-05-21,P0094,C00575,S001,1,21.21,0.0,21.21,12.17,9.04,2023,5,21
O104740,2023-05-21,P0024,C00503,S004,1,722.65,0.1,650.38,423.58,226.8,2023,5,21
O101077,2023-05-21,P0088,C00099,S008,2,5.57,0.0,11.14,8.62,2.52,2023,5,21
O105208,2023-05-21,P0005,C00510,S002,3,15.5,0.05,44.18,36.21,7.97,2023,5,21
O104776,2023-05-21,P0029,C00228,S006,5,93.75,0.0,468.75,343.8,124.95,2023,5,21
O108668,2023-05-21,P0015,C01084,S005,1,36.03,0.0,36.03,18.61,17.42,2023,5,21
O100416,2023-05-21,P0005,C00132,S003,2,15.5,0.15,26.35,24.14,2.21,2023,5,21
O109074,2023-05-21,P0056,C00612,S011,5,20.73,0.1,93.29,83.75,9.54,2023,5,21
O101602,2023-05-21,P0025,C00799,S005,1,18.6,0.1,16.74,14.09,2.65,2023,5,21
O102395,2023-05-21,P0050,C00678,S002,1,9.87,0.0,9.87,4.74,5.13,2023,5,21
O108419,2023-05-21,P0010,C00722,S012,5,14.81,0.0,74.05,60.75,13.3,2023,5,21
O111954,2023-05-21,P0004,C00260,S006,5,29.55,0.1,132.98,72.4,60.58,2023,5,21
O110214,2023-05-21,P0031,C00030,S010,1,104.43,0.0,104.43,64.18,40.25,2023,5,21
O110171,2023-05-21,P0038,C00618,S005,2,42.19,0.0,84.38,58.62,25.76,2023,5,21
O111440,2023-05-21,P0019,C00592,S003,2,138.62,0.0,277.24,136.3,140.94,2023,5,21
O108973,2023-05-21,P0075,C01089,S010,1,10.1,0.1,9.09,7.49,1.6,2023,5,21
O108929,2023-05-21,P0038,C00449,S006,1,42.19,0.0,42.19,29.31,12.88,2023,5,21
O106565,2023-05-21,P0033,C01083,S012,2,47.81,0.05,90.84,62.42,28.42,2023,5,21
O110148,2023-05-21,P0081,C00266,S009,1,143.09,0.0,143.09,110.0,33.09,2023,5,21
O110486,2023-05-21,P0023,C01152,S004,2,818.22,0.1,1472.8,1260.3,212.5,2023,5,21
O104578,2023-05-22,P0080,C00278,S003,2,20.59,0.0,41.18,27.88,13.3,2023,5,22
O103816,2023-05-22,P0059,C01182,S006,3,10.64,0.0,31.92,23.1,8.82,2023,5,22
O102577,2023-05-22,P0071,C00644,S009,4,9.68,0.0,38.72,29.52,9.2,2023,5,22
O104224,2023-05-22,P0045,C00803,S012,4,131.19,0.1,472.28,427.52,44.76,2023,5,22
O103759,2023-05-22,P0041,C00359,S011,1,246.7,0.1,222.03,134.73,87.3,2023,5,22
O111301,2023-05-22,P0051,C00662,S007,4,32.14,0.05,122.13,64.08,58.05,2023,5,22
O104112,2023-05-22,P0068,C00760,S012,1,100.31,0.0,100.31,81.38,18.93,2023,5,22
O100681,2023-05-22,P0081,C00956,S012,1,143.09,0.05,135.94,110.0,25.94,2023,5,22
O111970,2023-05-22,P0062,C00029,S001,1,39.06,0.0,39.06,17.85,21.21,2023,5,22
O103429,2023-05-22,P0028,C00474,S010,10,453.33,0.05,4306.64,2539.6,1767.04,2023,5,22
O105616,2023-05-22,P0074,C01015,S012,5,106.15,0.0,530.75,346.2,184.55,2023,5,22
O109780,2023-05-22,P0058,C00826,S003,1,123.22,0.15,104.74,59.47,45.27,2023,5,22
O103226,2023-05-22,P0041,C00272,S001,2,246.7,0.0,493.4,269.46,223.94,2023,5,22
O107297,2023-05-22,P0008,C00083,S007,2,22.28,0.1,40.1,22.28,17.82,2023,5,22
O102531,2023-05-22,P0024,C00227,S005,10,722.65,0.1,6503.85,4235.8,2268.05,2023,5,22
O105956,2023-05-22,P0020,C00520,S001,1,30.45,0.0,30.45,20.59,9.86,2023,5,22
O108006,2023-05-23,P0004,C00534,S011,1,29.55,0.0,29.55,14.48,15.07,2023,5,23
O104168,2023-05-23,P0098,C00338,S004,1,37.83,0.0,37.83,29.0,8.83,2023,5,23
O100743,2023-05-23,P0067,C00256,S001,1,5.57,0.0,5.57,3.25,2.32,2023,5,23
O108688,2023-05-23,P0069,C00027,S008,1,85.27,0.0,85.27,65.86,19.41,2023,5,23
O103796,2023-05-23,P0032,C01111,S001,1,62.15,0.05,59.04,45.29,13.75,2023,5,23
O102567,2023-05-23,P0089,C00854,S004,4,39.28,0.0,157.12,72.6,84.52,2023,5,23
O103977,2023-05-23,P0042,C01109,S005,1,9.86,0.1,8.87,6.23,2.64,2023,5,23
O102421,2023-05-23,P0002,C00467,S009,1,130.95,0.0,130.95,100.06,30.89,2023,5,23
O109114,2023-05-23,P0012,C00805,S011,2,88.36,0.1,159.05,125.8,33.25,2023,5,23
O105534,2023-05-23,P0034,C00811,S011,2,84.19,0.0,168.38,138.08,30.3,2023,5,23
O103401,2023-05-23,P0053,C00821,S012,1,51.37,0.0,51.37,32.27,19.1,2023,5,23
O101386,2023-05-23,P0038,C00290,S011,2,42.19,0.0,84.38,58.62,25.76,2023,5,23
O111078,2023-05-23,P0054,C00236,S002,1,42.97,0.05,40.82,29.12,11.7,2023,5,23
O108132,2023-05-23,P0015,C00548,S008,1,36.03,0.0,36.03,18.61,17.42,2023,5,23
O108893,2023-05-23,P0045,C01074,S005,1,131.19,0.0,131.19,106.88,24.31,2023,5,23
O111645,2023-05-23,P0052,C00675,S008,1,97.55,0.05,92.67,61.47,31.2,2023,5,23
O100721,2023-05-23,P0036,C00812,S006,2,15.34,0.15,26.08,16.58,9.5,2023,5,23
O110696,2023-05-24,P0021,C00481,S009,1,25.8,0.1,23.22,12.57,10.65,2023,5,24
O109889,2023-05-24,P0045,C01046,S001,3,131.19,0.15,334.53,320.64,13.89,2023,5,24
O106453,2023-05-24,P0098,C01032,S004,1,37.83,0.0,37.83,29.0,8.83,2023,5,24
O106889,2023-05-24,P0052,C00576,S011,1,97.55,0.2,78.04,61.47,16.57,2023,5,24
O105406,2023-05-24,P0057,C00967,S004,3,157.4,0.1,424.98,394.83,30.15,2023,5,24
O106906,2023-05-24,P0092,C00051,S006,1,41.48,0.1,37.33,25.41,11.92,2023,5,24
O106639,2023-05-24,P0092,C00434,S010,1,41.48,0.05,39.41,25.41,14.0,2023,5,24
O105465,2023-05-24,P0074,C00835,S003,1,106.15,0.0,106.15,69.24,36.91,2023,5,24
O106352,2023-05-24,P0055,C00808,S004,5,24.74,0.2,98.96,87.4,11.56,2023,5,24
O108370,2023-05-24,P0054,C01079,S007,10,42.97,0.1,386.73,291.2,95.53,2023,5,24
O111434,2023-05-24,P0093,C00550,S004,1,13.08,0.0,13.08,9.16,3.92,2023,5,24
O100150,2023-05-24,P0062,C01178,S011,1,39.06,0.0,39.06,17.85,21.21,2023,5,24
O105088,2023-05-24,P0005,C00357,S003,1,15.5,0.0,15.5,12.07,3.43,2023,5,24
O104001,2023-05-24,P0007,C01185,S003,1,99.07,0.0,99.07,74.71,24.36,2023,5,24
O109499,2023-05-24,P0075,C00336,S003,1,10.1,0.0,10.1,7.49,2.61,2023,5,24
O103837,2023-05-24,P0062,C00628,S008,4,39.06,0.0,156.24,71.4,84.84,2023,5,24
O102609,2023-05-24,P0005,C00501,S006,4,15.5,0.0,62.0,48.28,13.72,2023,5,24
O100921,2023-05-24,P0094,C00626,S006,1,21.21,0.0,21.21,12.17,9.04,2023,5,24
O106431,2023-05-24,P0098,C00993,S008,1,37.83,0.0,37.83,29.0,8.83,2023,5,24
O101750,2023-05-24,P0004,C00596,S009,2,29.55,0.1,53.19,28.96,24.23,2023,5,24
O102803,2023-05-24,P0005,C00146,S003,1,15.5,0.05,14.72,12.07,2.65,2023,5,24
O104090,2023-05-24,P0052,C01069,S003,4,97.55,0.0,390.2,245.88,144.32,2023,5,24
O111793,2023-05-24,P0047,C00662,S006,1,125.46,0.0,125.46,59.9,65.56,2023,5,24
O109184,2023-05-24,P0087,C00705,S007,2,463.9,0.0,927.8,507.3,420.5,2023,5,24
O102040,2023-05-24,P0026,C00508,S005,2,325.3,0.0,650.6,362.76,287.84,2023,5,24
O106083,2023-05-24,P0021,C01172,S007,3,25.8,0.1,69.66,37.71,31.95,2023,5,24
O107399,2023-05-25,P0095,C00343,S003,1,118.84,0.0,118.84,78.17,40.67,2023,5,25
O111264,2023-05-25,P0077,C00490,S006,1,130.07,0.1,117.06,107.65,9.41,2023,5,25
O110976,2023-05-25,P0043,C00412,S012,1,11.09,0.0,11.09,5.81,5.28,2023,5,25
O101127,2023-05-25,P0007,C00134,S002,1,99.07,0.1,89.16,74.71,14.45,2023,5,25
O105029,2023-05-25,P0069,C00780,S008,3,85.27,0.0,255.81,197.58,58.23,2023,5,25
O105106,2023-05-25,P0075,C00184,S008,1,10.1,0.15,8.58,7.49,1.09,2023,5,25
O111521,2023-05-25,P0071,C00152,S012,2,9.68,0.0,19.36,14.76,4.6,2023,5,25
O102747,2023-05-25,P0070,C00232,S002,2,27.07,0.15,46.02,28.5,17.52,2023,5,25
O107760,2023-05-25,P0092,C00900,S001,1,41.48,0.0,41.48,25.41,16.07,2023,5,25
O108181,2023-05-25,P0077,C00448,S011,1,130.07,0.1,117.06,107.65,9.41,2023,5,25
O105541,2023-05-25,P0067,C00641,S012,1,5.57,0.0,5.57,3.25,2.32,2023,5,25
O106631,2023-05-25,P0083,C00160,S007,1,85.03,0.0,85.03,44.79,40.24,2023,5,25
O104707,2023-05-25,P0087,C00306,S012,1,463.9,0.05,440.7,253.65,187.05,2023,5,25
O110369,2023-05-25,P0078,C00836,S003,4,18.31,0.0,73.24,51.36,21.88,2023,5,25
O102599,2023-05-25,P0086,C00922,S005,1,310.61,0.15,264.02,159.69,104.33,2023,5,25
O110873,2023-05-25,P0083,C01155,S002,1,85.03,0.0,85.03,44.79,40.24,2023,5,25
O108128,2023-05-26,P0058,C00367,S005,4,123.22,0.0,492.88,237.88,255.0,2023,5,26
O109594,2023-05-26,P0057,C00282,S004,1,157.4,0.15,133.79,131.61,2.18,2023,5,26
O102902,2023-05-26,P0039,C01041,S002,1,47.6,0.15,40.46,32.53,7.93,2023,5,26
O103165,2023-05-26,P0041,C00125,S001,2,246.7,0.15,419.39,269.46,149.93,2023,5,26
O108343,2023-05-26,P0081,C00560,S012,1,143.09,0.1,128.78,110.0,18.78,2023,5,26
O106056,2023-05-26,P0043,C00799,S008,2,11.09,0.0,22.18,11.62,10.56,2023,5,26
O102446,2023-05-26,P0033,C00836,S009,1,47.81,0.0,47.81,31.21,16.6,2023,5,26
O109504,2023-05-26,P0002,C00926,S009,1,130.95,0.0,130.95,100.06,30.89,2023,5,26
O104309,2023-05-26,P0009,C01047,S012,1,8.02,0.1,7.22,6.09,1.13,2023,5,26
O103614,2023-05-26,P0080,C00713,S007,2,20.59,0.0,41.18,27.88,13.3,2023,5,26
O103933,2023-05-26,P0009,C00030,S012,5,8.02,0.0,40.1,30.45,9.65,2023,5,26
O108564,2023-05-26,P0047,C01200,S001,2,125.46,0.0,250.92,119.8,131.12,2023,5,26
O100501,2023-05-26,P0004,C00226,S012,1,29.55,0.0,29.55,14.48,15.07,2023,5,26
O106914,2023-05-26,P0042,C01142,S011,1,9.86,0.0,9.86,6.23,3.63,2023,5,26
O109372,2023-05-26,P0096,C00522,S004,1,63.84,0.0,63.84,35.05,28.79,2023,5,26
O107517,2023-05-26,P0029,C00060,S010,2,93.75,0.0,187.5,137.52,49.98,2023,5,26
O106830,2023-05-26,P0066,C00992,S001,1,105.53,0.0,105.53,58.77,46.76,2023,5,26
O103679,2023-05-26,P0039,C00811,S010,3,47.6,0.15,121.38,97.59,23.79,2023,5,26
O101768,2023-05-26,P0063,C00482,S004,2,112.94,0.0,225.88,181.38,44.5,2023,5,26
O100063,2023-05-26,P0094,C00328,S002,1,21.21,0.0,21.21,12.17,9.04,2023,5,26
O111541,2023-05-26,P0047,C00531,S007,1,125.46,0.0,125.46,59.9,65.56,2023,5,26
O100110,2023-05-26,P0030,C00135,S011,1,41.4,0.15,35.19,25.21,9.98,2023,5,26
O111311,2023-05-26,P0093,C01006,S009,1,13.08,0.1,11.77,9.16,2.61,2023,5,26
O107661,2023-05-27,P0066,C00489,S008,1,105.53,0.1,94.98,58.77,36.21,2023,5,27
O101795,2023-05-27,P0060,C00134,S006,3,80.71,0.0,242.13,153.75,88.38,2023,5,27
O104680,2023-05-27,P0085,C00477,S011,5,34.17,0.0,170.85,137.5,33.35,2023,5,27
O108264,2023-05-27,P0007,C00812,S007,1,99.07,0.1,89.16,74.71,14.45,2023,5,27
O105201,2023-05-27,P0036,C00532,S006,2,15.34,0.1,27.61,16.58,11.03,2023,5,27
O102386,2023-05-27,P0048,C00753,S011,1,113.33,0.0,113.33,82.55,30.78,2023,5,27
O107602,2023-05-27,P0075,C00043,S004,2,10.1,0.1,18.18,14.98,3.2,2023,5,27
O101431,2023-05-27,P0096,C00911,S008,1,63.84,0.0,63.84,35.05,28.79,2023,5,27
O106724,2023-05-27,P0034,C00291,S007,1,84.19,0.1,75.77,69.04,6.73,2023,5,27
O104483,2023-05-27,P0093,C00405,S010,1,13.08,0.0,13.08,9.16,3.92,2023,5,27
O103769,2023-05-27,P0041,C00928,S008,1,246.7,0.0,246.7,134.73,111.97,2023,5,27
O106762,2023-05-27,P0032,C00157,S003,1,62.15,0.0,62.15,45.29,16.86,2023,5,27
O102410,2023-05-27,P0099,C00598,S001,2,5.01,0.0,10.02,5.54,4.48,2023,5,27
O102581,2023-05-27,P0014,C00909,S007,3,13.14,0.0,39.42,18.39,21.03,2023,5,27
O100825,2023-05-27,P0067,C00209,S002,1,5.57,0.0,5.57,3.25,2.32,2023,5,27
O107645,2023-05-27,P0078,C00953,S010,10,18.31,0.0,183.1,128.4,54.7,2023,5,27
O101882,2023-05-27,P0082,C00053,S006,1,28.43,0.05,27.01,21.73,5.28,2023,5,27
O101286,2023-05-27,P0024,C00474,S008,1,722.65,0.1,650.38,423.58,226.8,2023,5,27
O111161,2023-05-27,P0027,C00583,S009,2,55.97,0.1,100.75,59.14,41.61,2023,5,27
O105237,2023-05-27,P0036,C01124,S005,2,15.34,0.05,29.15,16.58,12.57,2023,5,27
O102777,2023-05-27,P0041,C00687,S012,1,246.7,0.0,246.7,134.73,111.97,2023,5,27
O108044,2023-05-28,P0079,C01186,S004,1,120.53,0.15,102.45,93.1,9.35,2023,5,28
O108736,2023-05-28,P0013,C00219,S002,1,45.23,0.05,42.97,24.82,18.15,2023,5,28
O111613,2023-05-28,P0082,C01022,S002,1,28.43,0.0,28.43,21.73,6.7,2023,5,28
O110326,2023-05-28,P0060,C00930,S012,1,80.71,0.0,80.71,51.25,29.46,2023,5,28
O111417,2023-05-28,P0051,C00269,S008,1,32.14,0.0,32.14,16.02,16.12,2023,5,28
O106890,2023-05-28,P0020,C01161,S003,1,30.45,0.0,30.45,20.59,9.86,2023,5,28
O107704,2023-05-28,P0006,C00559,S011,1,74.01,0.0,74.01,43.08,30.93,2023,5,28
O102570,2023-05-28,P0072,C00819,S002,2,149.26,0.15,253.74,139.02,114.72,2023,5,28
O100547,2023-05-28,P0094,C01175,S012,10,21.21,0.05,201.5,121.7,79.8,2023,5,28
O105018,2023-05-28,P0087,C00602,S009,1,463.9,0.0,463.9,253.65,210.25,2023,5,28
O108304,2023-05-28,P0053,C01059,S003,1,51.37,0.0,51.37,32.27,19.1,2023,5,28
O107715,2023-05-28,P0070,C01162,S006,1,27.07,0.2,21.66,14.25,7.41,2023,5,28
O103154,2023-05-28,P0075,C00668,S009,1,10.1,0.1,9.09,7.49,1.6,2023,5,28
O109293,2023-05-28,P0032,C00257,S010,2,62.15,0.0,124.3,90.58,33.72,2023,5,28
O106678,2023-05-28,P0004,C00649,S001,4,29.55,0.0,118.2,57.92,60.28,2023,5,28
O100043,2023-05-28,P0098,C00499,S010,2,37.83,0.05,71.88,58.0,13.88,2023,5,28
O109593,2023-05-28,P0045,C00580,S001,1,131.19,0.0,131.19,106.88,24.31,2023,5,28
O103881,2023-05-28,P0025,C01007,S010,1,18.6,0.1,16.74,14.09,2.65,2023,5,28
O107258,2023-05-28,P0014,C00015,S009,4,13.14,0.0,52.56,24.52,28.04,2023,5,28
O110405,2023-05-29,P0013,C00323,S008,2,45.23,0.0,90.46,49.64,40.82,2023,5,29
O108996,2023-05-29,P0054,C01034,S001,2,42.97,0.05,81.64,58.24,23.4,2023,5,29
O111239,2023-05-29,P0016,C00153,S012,1,547.4,0.0,547.4,397.41,149.99,2023,5,29
O102944,2023-05-29,P0041,C00277,S003,1,246.7,0.1,222.03,134.73,87.3,2023,5,29
O101530,2023-05-29,P0085,C00181,S001,1,34.17,0.05,32.46,27.5,4.96,2023,5,29
O101607,2023-05-29,P0084,C00545,S007,2,17.53,0.05,33.31,28.22,5.09,2023,5,29
O103303,2023-05-29,P0081,C00831,S005,1,143.09,0.0,143.09,110.0,33.09,2023,5,29
O105741,2023-05-29,P0083,C01184,S012,2,85.03,0.0,170.06,89.58,80.48,2023,5,29
O102515,2023-05-29,P0086,C00489,S006,1,310.61,0.0,310.61,159.69,150.92,2023,5,29
O106335,2023-05-29,P0028,C01196,S009,3,453.33,0.0,1359.99,761.88,598.11,2023,5,29
O107153,2023-05-29,P0012,C00053,S004,1,88.36,0.0,88.36,62.9,25.46,2023,5,29
O108681,2023-05-29,P0094,C00385,S011,1,21.21,0.2,16.97,12.17,4.8,2023,5,29
O100442,2023-05-29,P0061,C00904,S011,1,86.94,0.0,86.94,46.4,40.54,2023,5,29
O106753,2023-05-29,P0068,C00620,S002,2,100.31,0.1,180.56,162.76,17.8,2023,5,29
O109521,2023-05-30,P0021,C00039,S008,2,25.8,0.0,51.6,25.14,26.46,2023,5,30
O103929,2023-05-30,P0040,C00563,S010,1,25.25,0.05,23.99,16.53,7.46,2023,5,30
O111346,2023-05-30,P0037,C00083,S012,2,61.48,0.05,116.81,96.2,20.61,2023,5,30
O108992,2023-05-30,P0042,C00465,S007,2,9.86,0.1,17.75,12.46,5.29,2023,5,30
O101835,2023-05-30,P0044,C00609,S007,2,136.64,0.1,245.95,231.36,14.59,2023,5,30
O102879,2023-05-30,P0032,C01076,S007,2,62.15,0.0,124.3,90.58,33.72,2023,5,30
O110342,2023-05-30,P0017,C00201,S006,1,25.27,0.05,24.01,17.77,6.24,2023,5,30
O106047,2023-05-30,P0002,C00127,S007,1,130.95,0.1,117.85,100.06,17.79,2023,5,30
O110067,2023-05-30,P0036,C00583,S012,1,15.34,0.0,15.34,8.29,7.05,2023,5,30
O108277,2023-05-30,P0081,C00362,S007,1,143.09,0.15,121.63,110.0,11.63,2023,5,30
O101539,2023-05-30,P0016,C00869,S012,4,547.4,0.0,2189.6,1589.64,599.96,2023,5,30
O100429,2023-05-30,P0013,C00815,S009,1,45.23,0.15,38.45,24.82,13.63,2023,5,30
O102130,2023-05-30,P0092,C00638,S001,1,41.48,0.1,37.33,25.41,11.92,2023,5,30
O109046,2023-05-30,P0026,C00706,S005,1,325.3,0.0,325.3,181.38,143.92,2023,5,30
O108645,2023-05-30,P0060,C00880,S011,1,80.71,0.15,68.6,51.25,17.35,2023,5,30
O107122,2023-05-30,P0052,C00916,S002,3,97.55,0.0,292.65,184.41,108.24,2023,5,30
O109150,2023-05-30,P0070,C01049,S011,3,27.07,0.0,81.21,42.75,38.46,2023,5,30
O109550,2023-05-30,P0072,C01119,S007,2,149.26,0.1,268.67,139.02,129.65,2023,5,30
O111247,2023-05-31,P0072,C01116,S007,4,149.26,0.0,597.04,278.04,319.0,2023,5,31
O103645,2023-05-31,P0015,C00616,S006,1,36.03,0.15,30.63,18.61,12.02,2023,5,31
O105759,2023-05-31,P0018,C01061,S004,1,34.43,0.15,29.27,26.49,2.78,2023,5,31
O102504,2023-05-31,P0050,C00608,S012,1,9.87,0.0,9.87,4.74,5.13,2023,5,31
O107857,2023-05-31,P0038,C00381,S005,2,42.19,0.0,84.38,58.62,25.76,2023,5,31
O101536,2023-05-31,P0035,C00829,S008,1,21.89,0.1,19.7,12.25,7.45,2023,5,31
O105200,2023-05-31,P0002,C00961,S010,5,130.95,0.0,654.75,500.3,154.45,2023,5,31
O104437,2023-05-31,P0033,C00832,S012,1,47.81,0.0,47.81,31.21,16.6,2023,5,31
O102453,2023-05-31,P0017,C00696,S004,1,25.27,0.0,25.27,17.77,7.5,2023,5,31
O111319,2023-05-31,P0043,C00313,S012,1,11.09,0.0,11.09,5.81,5.28,2023,5,31
O102597,2023-05-31,P0009,C00528,S009,10,8.02,0.0,80.2,60.9,19.3,2023,5,31
O101249,2023-05-31,P0025,C00053,S009,1,18.6,0.0,18.6,14.09,4.51,2023,5,31
O110327,2023-05-31,P0066,C00985,S011,1,105.53,0.0,105.53,58.77,46.76,2023,5,31
O103510,2023-05-31,P0015,C00545,S004,1,36.03,0.1,32.43,18.61,13.82,2023,5,31
O111325,2023-05-31,P0100,C00571,S007,3,142.46,0.05,406.01,273.42,132.59,2023,5,31
O100430,2023-05-31,P0050,C01096,S011,1,9.87,0.0,9.87,4.74,5.13,2023,5,31
O109496,2023-05-31,P0041,C00108,S002,4,246.7,0.1,888.12,538.92,349.2,2023,5,31
O106107,2023-05-31,P0033,C00336,S009,1,47.81,0.0,47.81,31.21,16.6,2023,5,31
O103727,2023-05-31,P0083,C00837,S005,1,85.03,0.0,85.03,44.79,40.24,2023,5,31
O108955,2023-05-31,P0065,C01031,S005,2,776.21,0.0,1552.42,771.08,781.34,2023,5,31
O111607,2023-05-31,P0035,C01187,S010,2,21.89,0.0,43.78,24.5,19.28,2023,5,31
O107229,2023-06-01,P0055,C00721,S004,1,24.74,0.15,21.03,17.48,3.55,2023,6,1
O109887,2023-06-01,P0063,C01148,S009,1,112.94,0.0,112.94,90.69,22.25,2023,6,1
O102951,2023-06-01,P0008,C00079,S004,2,22.28,0.0,44.56,22.28,22.28,2023,6,1
O110702,2023-06-01,P0086,C00055,S002,1,310.61,0.0,310.61,159.69,150.92,2023,6,1
O103959,2023-06-01,P0043,C00945,S011,2,11.09,0.0,22.18,11.62,10.56,2023,6,1
O109913,2023-06-01,P0016,C00418,S001,10,547.4,0.05,5200.3,3974.1,1226.2,2023,6,1
O105349,2023-06-01,P0077,C00039,S005,1,130.07,0.15,110.56,107.65,2.91,2023,6,1
O109826,2023-06-01,P0067,C00779,S005,1,5.57,0.0,5.57,3.25,2.32,2023,6,1
O101244,2023-06-01,P0087,C00464,S002,5,463.9,0.0,2319.5,1268.25,1051.25,2023,6,1
O108314,2023-06-01,P0023,C00983,S007,1,818.22,0.0,818.22,630.15,188.07,2023,6,1
O108249,2023-06-01,P0081,C00933,S002,3,143.09,0.1,386.34,330.0,56.34,2023,6,1
O106118,2023-06-01,P0079,C00003,S004,1,120.53,0.1,108.48,93.1,15.38,2023,6,1
O103675,2023-06-01,P0033,C01075,S003,1,47.81,0.0,47.81,31.21,16.6,2023,6,1
O110757,2023-06-01,P0099,C00304,S003,1,5.01,0.1,4.51,2.77,1.74,2023,6,1
O102302,2023-06-01,P0064,C00033,S012,4,12.06,0.0,48.24,21.92,26.32,2023,6,1
O109671,2023-06-01,P0030,C00201,S008,1,41.4,0.05,39.33,25.21,14.12,2023,6,1
O104589,2023-06-01,P0080,C00806,S002,2,20.59,0.0,41.18,27.88,13.3,2023,6,1
O106084,2023-06-01,P0061,C00528,S007,1,86.94,0.0,86.94,46.4,40.54,2023,6,1
O103435,2023-06-01,P0071,C00187,S012,2,9.68,0.2,15.49,14.76,0.73,2023,6,1
O105549,2023-06-01,P0011,C00345,S001,1,713.82,0.0,713.82,451.83,261.99,2023,6,1
O102506,2023-06-01,P0034,C00996,S003,1,84.19,0.0,84.19,69.04,15.15,2023,6,1
O111087,2023-06-01,P0072,C00864,S012,1,149.26,0.0,149.26,69.51,79.75,2023,6,1
O106538,2023-06-01,P0094,C00840,S009,1,21.21,0.0,21.21,12.17,9.04,2023,6,1
O102363,2023-06-01,P0093,C00716,S012,1,13.08,0.0,13.08,9.16,3.92,2023,6,1
O108657,2023-06-01,P0075,C00451,S001,1,10.1,0.0,10.1,7.49,2.61,2023,6,1
O101617,2023-06-01,P0076,C01154,S010,1,301.81,0.0,301.81,247.89,53.92,2023,6,1
O100696,2023-06-02,P0032,C00778,S001,1,62.15,0.05,59.04,45.29,13.75,2023,6,2
O108136,2023-06-02,P0039,C00053,S004,5,47.6,0.05,226.1,162.65,63.45,2023,6,2
O100566,2023-06-02,P0071,C00645,S007,1,9.68,0.0,9.68,7.38,2.3,2023,6,2
O109830,2023-06-02,P0076,C00149,S009,1,301.81,0.0,301.81,247.89,53.92,2023,6,2
O110804,2023-06-02,P0081,C00130,S011,1,143.09,0.0,143.09,110.0,33.09,2023,6,2
O102122,2023-06-02,P0062,C01124,S009,1,39.06,0.1,35.15,17.85,17.3,2023,6,2
O109370,2023-06-02,P0058,C00351,S007,1,123.22,0.0,123.22,59.47,63.75,2023,6,2
O109818,2023-06-02,P0072,C00969,S011,1,149.26,0.05,141.8,69.51,72.29,2023,6,2
O101634,2023-06-02,P0046,C01065,S003,3,69.45,0.0,208.35,127.74,80.61,2023,6,2
O102502,2023-06-02,P0093,C00221,S008,2,13.08,0.0,26.16,18.32,7.84,2023,6,2
O111358,2023-06-02,P0067,C00473,S004,1,5.57,0.0,5.57,3.25,2.32,2023,6,2
O107364,2023-06-02,P0098,C00316,S011,2,37.83,0.0,75.66,58.0,17.66,2023,6,2
O110436,2023-06-02,P0043,C00928,S012,2,11.09,0.05,21.07,11.62,9.45,2023,6,2
O102606,2023-06-03,P0065,C00745,S001,5,776.21,0.0,3881.05,1927.7,1953.35,2023,6,3
O105128,2023-06-03,P0064,C01132,S010,2,12.06,0.05,22.91,10.96,11.95,2023,6,3
O110743,2023-06-03,P0059,C00186,S005,1,10.64,0.0,10.64,7.7,2.94,2023,6,3
O106154,2023-06-03,P0053,C00891,S002,1,51.37,0.05,48.8,32.27,16.53,2023,6,3
O111920,2023-06-03,P0057,C00768,S002,3,157.4,0.0,472.2,394.83,77.37,2023,6,3
O104517,2023-06-03,P0012,C00155,S005,1,88.36,0.0,88.36,62.9,25.46,2023,6,3
O108151,2023-06-03,P0048,C00992,S008,2,113.33,0.15,192.66,165.1,27.56,2023,6,3
O104500,2023-06-03,P0057,C00001,S009,1,157.4,0.0,157.4,131.61,25.79,2023,6,3
O111734,2023-06-03,P0047,C00302,S005,2,125.46,0.1,225.83,119.8,106.03,2023,6,3
O102486,2023-06-03,P0045,C00803,S009,1,131.19,0.0,131.19,106.88,24.31,2023,6,3
O102728,2023-06-03,P0052,C00917,S010,1,97.55,0.0,97.55,61.47,36.08,2023,6,3
O105688,2023-06-03,P0056,C00469,S011,1,20.73,0.0,20.73,16.75,3.98,2023,6,3
O109270,2023-06-03,P0078,C00211,S002,2,18.31,0.0,36.62,25.68,10.94,2023,6,3
O103730,2023-06-03,P0095,C00300,S001,1,118.84,0.0,118.84,78.17,40.67,2023,6,3
O109733,2023-06-03,P0029,C00696,S003,1,93.75,0.15,79.69,68.76,10.93,2023,6,3
O110797,2023-06-03,P0030,C00463,S011,1,41.4,0.0,41.4,25.21,16.19,2023,6,3
O111638,2023-06-03,P0059,C01162,S005,5,10.64,0.0,53.2,38.5,14.7,2023,6,3
O107891,2023-06-03,P0016,C00058,S010,2,547.4,0.0,1094.8,794.82,299.98,2023,6,3
O102949,2023-06-04,P0013,C00912,S007,1,45.23,0.05,42.97,24.82,18.15,2023,6,4
O107821,2023-06-04,P0088,C00806,S007,3,5.57,0.0,16.71,12.93,3.78,2023,6,4
O103532,2023-06-04,P0011,C00337,S008,2,713.82,0.15,1213.49,903.66,309.83,2023,6,4
O107796,2023-06-04,P0035,C00075,S001,2,21.89,0.0,43.78,24.5,19.28,2023,6,4
O105042,2023-06-04,P0065,C01125,S003,1,776.21,0.0,776.21,385.54,390.67,2023,6,4
O102477,2023-06-04,P0068,C00961,S009,1,100.31,0.0,100.31,81.38,18.93,2023,6,4
O110767,2023-06-04,P0094,C00594,S007,1,21.21,0.0,21.21,12.17,9.04,2023,6,4
O106522,2023-06-04,P0058,C00453,S009,1,123.22,0.0,123.22,59.47,63.75,2023,6,4
O108143,2023-06-04,P0082,C00278,S002,1,28.43,0.0,28.43,21.73,6.7,2023,6,4
O106412,2023-06-04,P0049,C01007,S004,1,366.28,0.0,366.28,172.71,193.57,2023,6,4
O105629,2023-06-04,P0057,C00483,S010,1,157.4,0.0,157.4,131.61,25.79,2023,6,4
O103995,2023-06-05,P0093,C00647,S007,2,13.08,0.0,26.16,18.32,7.84,2023,6,5
O105847,2023-06-05,P0019,C00489,S010,1,138.62,0.05,131.69,68.15,63.54,2023,6,5
O102737,2023-06-05,P0056,C01171,S005,2,20.73,0.05,39.39,33.5,5.89,2023,6,5
O109222,2023-06-05,P0016,C00651,S007,3,547.4,0.1,1477.98,1192.23,285.75,2023,6,5
O106859,2023-06-05,P0043,C01112,S004,2,11.09,0.0,22.18,11.62,10.56,2023,6,5
O101082,2023-06-05,P0070,C00969,S001,1,27.07,0.0,27.07,14.25,12.82,2023,6,5
O106411,2023-06-05,P0029,C00691,S009,2,93.75,0.0,187.5,137.52,49.98,2023,6,5
O108455,2023-06-05,P0054,C00635,S001,3,42.97,0.0,128.91,87.36,41.55,2023,6,5
O109612,2023-06-05,P0055,C00788,S010,2,24.74,0.0,49.48,34.96,14.52,2023,6,5
O106838,2023-06-05,P0004,C01063,S003,1,29.55,0.0,29.55,14.48,15.07,2023,6,5
O104648,2023-06-05,P0004,C00698,S010,1,29.55,0.05,28.07,14.48,13.59,2023,6,5
O106911,2023-06-05,P0098,C00416,S008,1,37.83,0.0,37.83,29.0,8.83,2023,6,5
O108371,2023-06-05,P0026,C00929,S010,1,325.3,0.0,325.3,181.38,143.92,2023,6,5
O104963,2023-06-05,P0038,C01059,S009,1,42.19,0.0,42.19,29.31,12.88,2023,6,5
O107839,2023-06-05,P0026,C01113,S008,3,325.3,0.0,975.9,544.14,431.76,2023,6,5
O106498,2023-06-05,P0029,C00508,S007,2,93.75,0.0,187.5,137.52,49.98,2023,6,5
O104784,2023-06-05,P0006,C00372,S009,1,74.01,0.0,74.01,43.08,30.93,2023,6,5
O109740,2023-06-05,P0025,C01181,S009,2,18.6,0.0,37.2,28.18,9.02,2023,6,5
O106656,2023-06-05,P0056,C01000,S011,2,20.73,0.0,41.46,33.5,7.96,2023,6,5
O106536,2023-06-06,P0097,C00117,S003,1,8.15,0.0,8.15,5.49,2.66,2023,6,6
O107614,2023-06-06,P0062,C00636,S009,2,39.06,0.0,78.12,35.7,42.42,2023,6,6
O103219,2023-06-06,P0089,C00639,S007,1,39.28,0.0,39.28,18.15,21.13,2023,6,6
O103900,2023-06-06,P0003,C01098,S010,1,44.76,0.0,44.76,33.14,11.62,2023,6,6
O108127,2023-06-06,P0077,C00548,S002,1,130.07,0.2,104.06,107.65,-3.59,2023,6,6
O103126,2023-06-06,P0097,C00995,S011,1,8.15,0.1,7.34,5.49,1.85,2023,6,6
O105311,2023-06-06,P0074,C00740,S010,2,106.15,0.0,212.3,138.48,73.82,2023,6,6
O109677,2023-06-06,P0027,C00735,S011,1,55.97,0.0,55.97,29.57,26.4,2023,6,6
O107625,2023-06-06,P0091,C00697,S010,2,35.24,0.0,70.48,37.34,33.14,2023,6,6
O108418,2023-06-06,P0031,C00890,S002,1,104.43,0.0,104.43,64.18,40.25,2023,6,6
O107699,2023-06-06,P0058,C00076,S001,1,123.22,0.0,123.22,59.47,63.75,2023,6,6
O109410,2023-06-06,P0056,C00971,S001,2,20.73,0.0,41.46,33.5,7.96,2023,6,6
O110152,2023-06-06,P0002,C00320,S005,1,130.95,0.0,130.95,100.06,30.89,2023,6,6
O101176,2023-06-06,P0032,C00627,S004,5,62.15,0.0,310.75,226.45,84.3,2023,6,6
O108590,2023-06-06,P0012,C00817,S012,2,88.36,0.0,176.72,125.8,50.92,2023,6,6
O102099,2023-06-06,P0047,C00445,S005,1,125.46,0.0,125.46,59.9,65.56,2023,6,6
O102771,2023-06-06,P0025,C00617,S005,2,18.6,0.0,37.2,28.18,9.02,2023,6,6
O101561,2023-06-06,P0023,C00997,S010,1,818.22,0.0,818.22,630.15,188.07,2023,6,6
O105172,2023-06-06,P0045,C00885,S003,2,131.19,0.0,262.38,213.76,48.62,2023,6,6
O102225,2023-06-07,P0022,C00592,S009,4,42.03,0.1,151.31,120.56,30.75,2023,6,7
O110589,2023-06-07,P0071,C00466,S009,4,9.68,0.0,38.72,29.52,9.2,2023,6,7
O103076,2023-06-07,P0025,C00626,S003,1,18.6,0.1,16.74,14.09,2.65,2023,6,7
O111135,2023-06-07,P0008,C00328,S006,2,22.28,0.0,44.56,22.28,22.28,2023,6,7
O105561,2023-06-07,P0015,C01104,S012,5,36.03,0.0,180.15,93.05,87.1,2023,6,7
O110608,2023-06-07,P0097,C00612,S008,1,8.15,0.05,7.74,5.49,2.25,2023,6,7
O109586,2023-06-07,P0059,C00954,S004,1,10.64,0.0,10.64,7.7,2.94,2023,6,7
O109701,2023-06-07,P0011,C00037,S011,1,713.82,0.0,713.82,451.83,261.99,2023,6,7
O100744,2023-06-07,P0036,C00088,S011,2,15.34,0.0,30.68,16.58,14.1,2023,6,7
O101813,2023-06-07,P0062,C01004,S002,1,39.06,0.05,37.11,17.85,19.26,2023,6,7
O106936,2023-06-07,P0019,C01098,S001,1,138.62,0.0,138.62,68.15,70.47,2023,6,7
O103488,2023-06-07,P0017,C00174,S004,1,25.27,0.05,24.01,17.77,6.24,2023,6,7
O100940,2023-06-07,P0052,C00905,S011,1,97.55,0.0,97.55,61.47,36.08,2023,6,7
O111740,2023-06-07,P0076,C00321,S004,1,301.81,0.0,301.81,247.89,53.92,2023,6,7
O100047,2023-06-07,P0061,C01068,S003,1,86.94,0.0,86.94,46.4,40.54,2023,6,7
O102017,2023-06-07,P0042,C01183,S010,2,9.86,0.2,15.78,12.46,3.32,2023,6,7
O107984,2023-06-07,P0072,C00189,S012,1,149.26,0.0,149.26,69.51,79.75,2023,6,7
O108867,2023-06-08,P0082,C01122,S011,1,28.43,0.05,27.01,21.73,5.28,2023,6,8
O106313,2023-06-08,P0096,C00786,S006,4,63.84,0.15,217.06,140.2,76.86,2023,6,8
O106104,2023-06-08,P0079,C00716,S007,1,120.53,0.1,108.48,93.1,15.38,2023,6,8
O107384,2023-06-08,P0057,C01046,S006,2,157.4,0.1,283.32,263.22,20.1,2023,6,8
O103765,2023-06-08,P0092,C00022,S011,1,41.48,0.0,41.48,25.41,16.07,2023,6,8
O108394,2023-06-08,P0002,C00908,S006,1,130.95,0.0,130.95,100.06,30.89,2023,6,8
O107140,2023-06-08,P0085,C00030,S005,1,34.17,0.1,30.75,27.5,3.25,2023,6,8
O102836,2023-06-08,P0044,C00353,S004,1,136.64,0.1,122.98,115.68,7.3,2023,6,8
O110870,2023-06-08,P0013,C00605,S009,1,45.23,0.0,45.23,24.82,20.41,2023,6,8
O109820,2023-06-08,P0065,C01130,S001,1,776.21,0.0,776.21,385.54,390.67,2023,6,8
O103888,2023-06-08,P0087,C01074,S002,1,463.9,0.0,463.9,253.65,210.25,2023,6,8
O102429,2023-06-08,P0094,C01101,S012,1,21.21,0.1,19.09,12.17,6.92,2023,6,8
O101194,2023-06-08,P0045,C00821,S009,2,131.19,0.0,262.38,213.76,48.62,2023,6,8
O111276,2023-06-08,P0094,C00895,S003,2,21.21,0.05,40.3,24.34,15.96,2023,6,8
O107355,2023-06-08,P0012,C00924,S003,10,88.36,0.05,839.42,629.0,210.42,2023,6,8
O109647,2023-06-09,P0042,C00391,S002,4,9.86,0.1,35.5,24.92,10.58,2023,6,9
O102078,2023-06-09,P0034,C00291,S007,1,84.19,0.0,84.19,69.04,15.15,2023,6,9
O106131,2023-06-09,P0040,C00025,S012,2,25.25,0.05,47.97,33.06,14.91,2023,6,9
O102022,2023-06-09,P0093,C00386,S011,1,13.08,0.2,10.46,9.16,1.3,2023,6,9
O102877,2023-06-09,P0053,C00547,S008,1,51.37,0.0,51.37,32.27,19.1,2023,6,9
O107791,2023-06-09,P0065,C01173,S004,2,776.21,0.1,1397.18,771.08,626.1,2023,6,9
O101167,2023-06-09,P0051,C00148,S005,10,32.14,0.05,305.33,160.2,145.13,2023,6,9
O105877,2023-06-09,P0075,C00256,S011,1,10.1,0.0,10.1,7.49,2.61,2023,6,9
O110033,2023-06-09,P0076,C00377,S007,2,301.81,0.0,603.62,495.78,107.84,2023,6,9
O109428,2023-06-09,P0022,C00169,S010,3,42.03,0.0,126.09,90.42,35.67,2023,6,9
O107516,2023-06-09,P0063,C00266,S006,1,112.94,0.05,107.29,90.69,16.6,2023,6,9
O105435,2023-06-09,P0003,C00119,S006,1,44.76,0.05,42.52,33.14,9.38,2023,6,9
O107994,2023-06-09,P0059,C00210,S004,1,10.64,0.1,9.58,7.7,1.88,2023,6,9
O102358,2023-06-09,P0054,C00225,S003,2,42.97,0.0,85.94,58.24,27.7,2023,6,9
O108729,2023-06-09,P0012,C00013,S012,5,88.36,0.0,441.8,314.5,127.3,2023,6,9
O102622,2023-06-09,P0078,C00092,S010,3,18.31,0.0,54.93,38.52,16.41,2023,6,9
O106638,2023-06-09,P0015,C00048,S001,3,36.03,0.15,91.88,55.83,36.05,2023,6,9
O101879,2023-06-09,P0100,C00419,S006,1,142.46,0.0,142.46,91.14,51.32,2023,6,9
O104937,2023-06-10,P0065,C00078,S005,1,776.21,0.0,776.21,385.54,390.67,2023,6,10
O107774,2023-06-10,P0053,C00382,S003,1,51.37,0.0,51.37,32.27,19.1,2023,6,10
O110907,2023-06-10,P0030,C01177,S008,2,41.4,0.0,82.8,50.42,32.38,2023,6,10
O104749,2023-06-10,P0089,C01141,S004,1,39.28,0.0,39.28,18.15,21.13,2023,6,10
O105146,2023-06-10,P0045,C01025,S011,1,131.19,0.1,118.07,106.88,11.19,2023,6,10
O104916,2023-06-10,P0032,C00032,S009,3,62.15,0.05,177.13,135.87,41.26,2023,6,10
O100618,2023-06-10,P0050,C00633,S001,2,9.87,0.0,19.74,9.48,10.26,2023,6,10
O106322,2023-06-10,P0087,C00757,S009,1,463.9,0.2,371.12,253.65,117.47,2023,6,10
O100797,2023-06-10,P0038,C00641,S008,2,42.19,0.0,84.38,58.62,25.76,2023,6,10
O105933,2023-06-10,P0009,C00262,S007,1,8.02,0.0,8.02,6.09,1.93,2023,6,10
O109854,2023-06-10,P0028,C00274,S003,4,453.33,0.15,1541.32,1015.84,525.48,2023,6,10
O108319,2023-06-10,P0036,C00326,S001,1,15.34,0.0,15.34,8.29,7.05,2023,6,10
O102644,2023-06-10,P0090,C00549,S006,1,575.16,0.1,517.64,375.73,141.91,2023,6,10
O106315,2023-06-10,P0007,C00657,S004,4,99.07,0.1,356.65,298.84,57.81,2023,6,10
O110565,2023-06-10,P0014,C01187,S012,2,13.14,0.1,23.65,12.26,11.39,2023,6,10
O106319,2023-06-11,P0011,C00341,S004,1,713.82,0.0,713.82,451.83,261.99,2023,6,11
O106686,2023-06-11,P0031,C00318,S006,1,104.43,0.1,93.99,64.18,29.81,2023,6,11
O109343,2023-06-11,P0097,C00255,S006,1,8.15,0.1,7.34,5.49,1.85,2023,6,11
O109031,2023-06-11,P0082,C00929,S008,1,28.43,0.0,28.43,21.73,6.7,2023,6,11
O100866,2023-06-11,P0033,C01020,S008,3,47.81,0.0,143.43,93.63,49.8,2023,6,11
O111082,2023-06-11,P0056,C01006,S012,1,20.73,0.0,20.73,16.75,3.98,2023,6,11
O104140,2023-06-11,P0043,C00756,S006,2,11.09,0.2,17.74,11.62,6.12,2023,6,11
O102595,2023-06-11,P0065,C01197,S003,1,776.21,0.0,776.21,385.54,390.67,2023,6,11
O110626,2023-06-11,P0096,C00958,S012,1,63.84,0.0,63.84,35.05,28.79,2023,6,11
O109785,2023-06-11,P0055,C00332,S006,1,24.74,0.0,24.74,17.48,7.26,2023,6,11
O110605,2023-06-11,P0056,C00061,S002,1,20.73,0.1,18.66,16.75,1.91,2023,6,11
O106651,2023-06-11,P0097,C00055,S007,1,8.15,0.0,8.15,5.49,2.66,2023,6,11
O110888,2023-06-12,P0085,C00214,S006,4,34.17,0.05,129.85,110.0,19.85,2023,6,12
O106851,2023-06-12,P0083,C00410,S001,1,85.03,0.0,85.03,44.79,40.24,2023,6,12
O103102,2023-06-12,P0076,C00165,S010,2,301.81,0.0,603.62,495.78,107.84,2023,6,12
O104032,2023-06-12,P0090,C00529,S004,1,575.16,0.0,575.16,375.73,199.43,2023,6,12
O108191,2023-06-12,P0034,C00172,S008,1,84.19,0.05,79.98,69.04,10.94,2023,6,12
O106095,2023-06-12,P0035,C00333,S003,1,21.89,0.1,19.7,12.25,7.45,2023,6,12
O105905,2023-06-12,P0047,C00758,S008,3,125.46,0.0,376.38,179.7,196.68,2023,6,12
O108399,2023-06-12,P0043,C00709,S012,4,11.09,0.05,42.14,23.24,18.9,2023,6,12
O110228,2023-06-12,P0011,C00709,S007,1,713.82,0.0,713.82,451.83,261.99,2023,6,12
O108158,2023-06-12,P0020,C00246,S011,2,30.45,0.0,60.9,41.18,19.72,2023,6,12
O102840,2023-06-12,P0084,C00475,S008,1,17.53,0.0,17.53,14.11,3.42,2023,6,12
O110359,2023-06-12,P0067,C00988,S007,1,5.57,0.05,5.29,3.25,2.04,2023,6,12
O107558,2023-06-12,P0053,C00756,S011,2,51.37,0.0,102.74,64.54,38.2,2023,6,12
O110592,2023-06-12,P0042,C00310,S009,1,9.86,0.0,9.86,6.23,3.63,2023,6,12
O106484,2023-06-12,P0056,C00751,S002,1,20.73,0.0,20.73,16.75,3.98,2023,6,12
O103116,2023-06-12,P0070,C01087,S004,1,27.07,0.0,27.07,14.25,12.82,2023,6,12
O103982,2023-06-12,P0018,C00761,S005,1,34.43,0.1,30.99,26.49,4.5,2023,6,12
O107846,2023-06-12,P0013,C00116,S012,3,45.23,0.2,108.55,74.46,34.09,2023,6,12
O103208,2023-06-12,P0077,C00015,S009,2,130.07,0.05,247.13,215.3,31.83,2023,6,12
O105481,2023-06-12,P0043,C00591,S011,1,11.09,0.0,11.09,5.81,5.28,2023,6,12
O100813,2023-06-12,P0043,C00587,S007,3,11.09,0.2,26.62,17.43,9.19,2023,6,12
O111665,2023-06-12,P0004,C00330,S004,1,29.55,0.0,29.55,14.48,15.07,2023,6,12
O109359,2023-06-12,P0007,C00150,S002,1,99.07,0.15,84.21,74.71,9.5,2023,6,12
O106011,2023-06-13,P0022,C00969,S008,1,42.03,0.0,42.03,30.14,11.89,2023,6,13
O108546,2023-06-13,P0087,C00231,S003,3,463.9,0.15,1182.94,760.95,421.99,2023,6,13
O101571,2023-06-13,P0076,C00797,S001,1,301.81,0.0,301.81,247.89,53.92,2023,6,13
O107838,2023-06-13,P0004,C00507,S004,1,29.55,0.0,29.55,14.48,15.07,2023,6,13
O106895,2023-06-13,P0032,C00009,S006,1,62.15,0.1,55.94,45.29,10.65,2023,6,13
O110754,2023-06-13,P0047,C00298,S008,2,125.46,0.05,238.37,119.8,118.57,2023,6,13
O111623,2023-06-13,P0021,C00387,S007,5,25.8,0.0,129.0,62.85,66.15,2023,6,13
O107094,2023-06-13,P0047,C00718,S007,1,125.46,0.0,125.46,59.9,65.56,2023,6,13
O109723,2023-06-13,P0070,C00990,S001,1,27.07,0.0,27.07,14.25,12.82,2023,6,13
O105567,2023-06-13,P0032,C00316,S003,1,62.15,0.0,62.15,45.29,16.86,2023,6,13
O108169,2023-06-13,P0006,C00176,S007,1,74.01,0.05,70.31,43.08,27.23,2023,6,13
O108686,2023-06-13,P0025,C00607,S009,1,18.6,0.0,18.6,14.09,4.51,2023,6,13
O108466,2023-06-13,P0008,C00434,S009,1,22.28,0.2,17.82,11.14,6.68,2023,6,13
O102275,2023-06-13,P0064,C00198,S006,1,12.06,0.0,12.06,5.48,6.58,2023,6,13
O110069,2023-06-14,P0063,C00398,S011,1,112.94,0.0,112.94,90.69,22.25,2023,6,14
O101459,2023-06-14,P0031,C00345,S006,1,104.43,0.05,99.21,64.18,35.03,2023,6,14
O107710,2023-06-14,P0053,C00411,S007,2,51.37,0.0,102.74,64.54,38.2,2023,6,14
O102748,2023-06-14,P0015,C01129,S010,1,36.03,0.0,36.03,18.61,17.42,2023,6,14
O105652,2023-06-14,P0091,C00931,S011,1,35.24,0.0,35.24,18.67,16.57,2023,6,14
O110391,2023-06-14,P0012,C00116,S009,2,88.36,0.0,176.72,125.8,50.92,2023,6,14
O103190,2023-06-14,P0055,C00078,S004,2,24.74,0.0,49.48,34.96,14.52,2023,6,14
O102056,2023-06-14,P0058,C00828,S009,1,123.22,0.0,123.22,59.47,63.75,2023,6,14
O104496,2023-06-14,P0082,C00064,S009,2,28.43,0.0,56.86,43.46,13.4,2023,6,14
O107058,2023-06-14,P0023,C01161,S009,1,818.22,0.0,818.22,630.15,188.07,2023,6,14
O107644,2023-06-14,P0012,C00902,S009,1,88.36,0.0,88.36,62.9,25.46,2023,6,14
O102929,2023-06-14,P0008,C01050,S005,1,22.28,0.1,20.05,11.14,8.91,2023,6,14
O111450,2023-06-14,P0070,C00512,S009,1,27.07,0.05,25.72,14.25,11.47,2023,6,14
O106892,2023-06-14,P0008,C00851,S005,1,22.28,0.0,22.28,11.14,11.14,2023,6,14
O106379,2023-06-14,P0002,C01078,S012,1,130.95,0.0,130.95,100.06,30.89,2023,6,14
O109234,2023-06-14,P0012,C00416,S008,3,88.36,0.1,238.57,188.7,49.87,2023,6,14
O102629,2023-06-14,P0042,C00649,S009,2,9.86,0.2,15.78,12.46,3.32,2023,6,14
O102039,2023-06-15,P0031,C00219,S012,1,104.43,0.0,104.43,64.18,40.25,2023,6,15
O109443,2023-06-15,P0026,C00819,S011,2,325.3,0.0,650.6,362.76,287.84,2023,6,15
O107275,2023-06-15,P0096,C00021,S009,1,63.84,0.0,63.84,35.05,28.79,2023,6,15
O111550,2023-06-15,P0045,C00581,S011,1,131.19,0.0,131.19,106.88,24.31,2023,6,15
O101727,2023-06-15,P0042,C00424,S006,1,9.86,0.0,9.86,6.23,3.63,2023,6,15
O100141,2023-06-15,P0036,C00807,S009,4,15.34,0.0,61.36,33.16,28.2,2023,6,15
O104921,2023-06-15,P0021,C00247,S007,1,25.8,0.1,23.22,12.57,10.65,2023,6,15
O105074,2023-06-15,P0090,C00331,S006,3,575.16,0.0,1725.48,1127.19,598.29,2023,6,15
O102736,2023-06-15,P0052,C00512,S010,1,97.55,0.0,97.55,61.47,36.08,2023,6,15
O108932,2023-06-15,P0046,C00839,S011,1,69.45,0.1,62.5,42.58,19.92,2023,6,15
O100924,2023-06-15,P0043,C00117,S006,1,11.09,0.15,9.43,5.81,3.62,2023,6,15
O108077,2023-06-15,P0030,C00760,S009,1,41.4,0.1,37.26,25.21,12.05,2023,6,15
O102787,2023-06-15,P0078,C00793,S003,1,18.31,0.0,18.31,12.84,5.47,2023,6,15
O104078,2023-06-15,P0033,C00085,S001,3,47.81,0.05,136.26,93.63,42.63,2023,6,15
O101255,2023-06-15,P0056,C00808,S002,1,20.73,0.1,18.66,16.75,1.91,2023,6,15
O106766,2023-06-15,P0064,C00116,S010,2,12.06,0.0,24.12,10.96,13.16,2023,6,15
O105982,2023-06-15,P0020,C00135,S011,4,30.45,0.0,121.8,82.36,39.44,2023,6,15
O110019,2023-06-15,P0075,C00971,S005,1,10.1,0.0,10.1,7.49,2.61,2023,6,15
O102379,2023-06-16,P0040,C00758,S001,1,25.25,0.0,25.25,16.53,8.72,2023,6,16
O111953,2023-06-16,P0044,C00482,S006,1,136.64,0.0,136.64,115.68,20.96,2023,6,16
O101216,2023-06-16,P0036,C00504,S006,1,15.34,0.0,15.34,8.29,7.05,2023,6,16
O108332,2023-06-16,P0062,C00148,S007,1,39.06,0.1,35.15,17.85,17.3,2023,6,16
O108859,2023-06-16,P0051,C00899,S001,2,32.14,0.1,57.85,32.04,25.81,2023,6,16
O105491,2023-06-16,P0040,C00135,S011,5,25.25,0.0,126.25,82.65,43.6,2023,6,16
O100472,2023-06-16,P0088,C00717,S012,1,5.57,0.0,5.57,4.31,1.26,2023,6,16
O106588,2023-06-16,P0005,C01104,S002,10,15.5,0.1,139.5,120.7,18.8,2023,6,16
O103010,2023-06-16,P0016,C00422,S012,2,547.4,0.0,1094.8,794.82,299.98,2023,6,16
O111431,2023-06-16,P0024,C01025,S002,1,722.65,0.1,650.38,423.58,226.8,2023,6,16
O106661,2023-06-16,P0050,C00379,S004,1,9.87,0.05,9.38,4.74,4.64,2023,6,16
O102684,2023-06-16,P0003,C00503,S001,2,44.76,0.0,89.52,66.28,23.24,2023,6,16
O110066,2023-06-16,P0050,C01094,S001,1,9.87,0.0,9.87,4.74,5.13,2023,6,16
O103736,2023-06-16,P0016,C00116,S011,5,547.4,0.0,2737.0,1987.05,749.95,2023,6,16
O108056,2023-06-16,P0044,C00353,S001,2,136.64,0.0,273.28,231.36,41.92,2023,6,16
O109799,2023-06-16,P0088,C00033,S011,2,5.57,0.1,10.03,8.62,1.41,2023,6,16
O109691,2023-06-16,P0047,C00921,S011,1,125.46,0.0,125.46,59.9,65.56,2023,6,16
O104373,2023-06-16,P0044,C00205,S004,1,136.64,0.0,136.64,115.68,20.96,2023,6,16
O105525,2023-06-17,P0008,C00632,S009,2,22.28,0.05,42.33,22.28,20.05,2023,6,17
O102425,2023-06-17,P0074,C00177,S001,1,106.15,0.0,106.15,69.24,36.91,2023,6,17
O108374,2023-06-17,P0049,C00274,S008,1,366.28,0.1,329.65,172.71,156.94,2023,6,17
O111488,2023-06-17,P0024,C00076,S001,3,722.65,0.0,2167.95,1270.74,897.21,2023,6,17
O106558,2023-06-17,P0034,C00597,S008,1,84.19,0.1,75.77,69.04,6.73,2023,6,17
O101600,2023-06-17,P0079,C00078,S009,5,120.53,0.0,602.65,465.5,137.15,2023,6,17
O107840,2023-06-17,P0024,C00118,S006,2,722.65,0.0,1445.3,847.16,598.14,2023,6,17
O105639,2023-06-17,P0082,C00463,S003,1,28.43,0.0,28.43,21.73,6.7,2023,6,17
O101787,2023-06-17,P0020,C00177,S008,1,30.45,0.0,30.45,20.59,9.86,2023,6,17
O101811,2023-06-17,P0021,C00092,S012,1,25.8,0.0,25.8,12.57,13.23,2023,6,17
O106283,2023-06-17,P0069,C00605,S012,1,85.27,0.0,85.27,65.86,19.41,2023,6,17
O110022,2023-06-17,P0052,C00605,S003,1,97.55,0.05,92.67,61.47,31.2,2023,6,17
O108639,2023-06-17,P0004,C00152,S011,1,29.55,0.0,29.55,14.48,15.07,2023,6,17
O109620,2023-06-17,P0073,C00045,S003,4,36.7,0.0,146.8,72.88,73.92,2023,6,17
O110726,2023-06-18,P0058,C00145,S011,1,123.22,0.0,123.22,59.47,63.75,2023,6,18
O103504,2023-06-18,P0048,C00630,S011,1,113.33,0.0,113.33,82.55,30.78,2023,6,18
O102921,2023-06-18,P0052,C00600,S012,4,97.55,0.05,370.69,245.88,124.81,2023,6,18
O109002,2023-06-18,P0094,C01141,S002,1,21.21,0.0,21.21,12.17,9.04,2023,6,18
O110712,2023-06-18,P0093,C00389,S011,1,13.08,0.1,11.77,9.16,2.61,2023,6,18
O109881,2023-06-18,P0015,C01124,S011,1,36.03,0.05,34.23,18.61,15.62,2023,6,18
O111879,2023-06-18,P0007,C00163,S006,1,99.07,0.05,94.12,74.71,19.41,2023,6,18
O108892,2023-06-18,P0012,C00667,S009,1,88.36,0.1,79.52,62.9,16.62,2023,6,18
O101141,2023-06-18,P0008,C00985,S006,3,22.28,0.2,53.47,33.42,20.05,2023,6,18
O108705,2023-06-18,P0030,C01087,S003,2,41.4,0.0,82.8,50.42,32.38,2023,6,18
O109721,2023-06-18,P0005,C00610,S007,1,15.5,0.0,15.5,12.07,3.43,2023,6,18
O111367,2023-06-18,P0004,C00148,S010,1,29.55,0.05,28.07,14.48,13.59,2023,6,18
O111814,2023-06-18,P0042,C00599,S005,1,9.86,0.0,9.86,6.23,3.63,2023,6,18
O102668,2023-06-18,P0075,C00182,S006,2,10.1,0.0,20.2,14.98,5.22,2023,6,18
O108676,2023-06-18,P0019,C00533,S003,1,138.62,0.0,138.62,68.15,70.47,2023,6,18
O100886,2023-06-18,P0082,C00967,S008,1,28.43,0.0,28.43,21.73,6.7,2023,6,18
O110555,2023-06-18,P0017,C01095,S002,2,25.27,0.1,45.49,35.54,9.95,2023,6,18
O105202,2023-06-18,P0069,C00751,S006,1,85.27,0.0,85.27,65.86,19.41,2023,6,18
O105121,2023-06-18,P0005,C01190,S012,2,15.5,0.0,31.0,24.14,6.86,2023,6,18
O108452,2023-06-18,P0001,C01038,S009,1,132.87,0.0,132.87,107.4,25.47,2023,6,18
O111483,2023-06-18,P0090,C00425,S012,2,575.16,0.0,1150.32,751.46,398.86,2023,6,18
O100315,2023-06-18,P0077,C00243,S006,5,130.07,0.0,650.35,538.25,112.1,2023,6,18
O111216,2023-06-19,P0020,C00659,S001,2,30.45,0.0,60.9,41.18,19.72,2023,6,19
O109627,2023-06-19,P0050,C01200,S012,2,9.87,0.1,17.77,9.48,8.29,2023,6,19
O109757,2023-06-19,P0065,C01013,S004,1,776.21,0.0,776.21,385.54,390.67,2023,6,19
O101918,2023-06-19,P0071,C00092,S012,1,9.68,0.05,9.2,7.38,1.82,2023,6,19
O104692,2023-06-19,P0086,C01101,S005,1,310.61,0.1,279.55,159.69,119.86,2023,6,19
O101269,2023-06-19,P0092,C00858,S003,1,41.48,0.0,41.48,25.41,16.07,2023,6,19
O105545,2023-06-19,P0051,C00938,S006,1,32.14,0.0,32.14,16.02,16.12,2023,6,19
O109248,2023-06-19,P0082,C00903,S009,1,28.43,0.0,28.43,21.73,6.7,2023,6,19
O106854,2023-06-19,P0094,C00460,S006,1,21.21,0.0,21.21,12.17,9.04,2023,6,19
O102263,2023-06-19,P0046,C01165,S008,2,69.45,0.15,118.06,85.16,32.9,2023,6,19
O108524,2023-06-19,P0092,C00942,S008,1,41.48,0.1,37.33,25.41,11.92,2023,6,19
O103257,2023-06-19,P0019,C00568,S008,1,138.62,0.0,138.62,68.15,70.47,2023,6,19
O109547,2023-06-19,P0080,C00445,S005,1,20.59,0.0,20.59,13.94,6.65,2023,6,19
O105105,2023-06-19,P0015,C00757,S012,5,36.03,0.0,180.15,93.05,87.1,2023,6,19
O105968,2023-06-20,P0059,C00910,S011,2,10.64,0.0,21.28,15.4,5.88,2023,6,20
O103610,2023-06-20,P0040,C00234,S008,1,25.25,0.0,25.25,16.53,8.72,2023,6,20
O107917,2023-06-20,P0002,C00067,S011,1,130.95,0.1,117.85,100.06,17.79,2023,6,20
O105527,2023-06-20,P0090,C00475,S003,1,575.16,0.05,546.4,375.73,170.67,2023,6,20
O104597,2023-06-20,P0037,C00573,S002,1,61.48,0.15,52.26,48.1,4.16,2023,6,20
O101331,2023-06-20,P0082,C00099,S010,2,28.43,0.05,54.02,43.46,10.56,2023,6,20
O104610,2023-06-20,P0033,C00469,S001,4,47.81,0.0,191.24,124.84,66.4,2023,6,20
O106849,2023-06-20,P0015,C00877,S009,1,36.03,0.05,34.23,18.61,15.62,2023,6,20
O109379,2023-06-20,P0038,C00343,S002,1,42.19,0.05,40.08,29.31,10.77,2023,6,20
O110614,2023-06-20,P0018,C00176,S007,2,34.43,0.0,68.86,52.98,15.88,2023,6,20
O105233,2023-06-20,P0084,C00799,S005,1,17.53,0.0,17.53,14.11,3.42,2023,6,20
O104889,2023-06-20,P0012,C00902,S007,1,88.36,0.0,88.36,62.9,25.46,2023,6,20
O109471,2023-06-20,P0079,C00237,S003,2,120.53,0.1,216.95,186.2,30.75,2023,6,20
O105077,2023-06-20,P0021,C00297,S008,2,25.8,0.05,49.02,25.14,23.88,2023,6,20
O105880,2023-06-20,P0003,C00194,S005,1,44.76,0.0,44.76,33.14,11.62,2023,6,20
O102973,2023-06-20,P0069,C00327,S002,2,85.27,0.0,170.54,131.72,38.82,2023,6,20
O102246,2023-06-20,P0004,C00120,S002,1,29.55,0.05,28.07,14.48,13.59,2023,6,20
O111969,2023-06-21,P0043,C00867,S009,2,11.09,0.1,19.96,11.62,8.34,2023,6,21
O109393,2023-06-21,P0084,C00395,S003,1,17.53,0.15,14.9,14.11,0.79,2023,6,21
O109425,2023-06-21,P0072,C00887,S007,1,149.26,0.0,149.26,69.51,79.75,2023,6,21
O107379,2023-06-21,P0069,C00224,S012,4,85.27,0.15,289.92,263.44,26.48,2023,6,21
O100125,2023-06-21,P0020,C01082,S010,1,30.45,0.15,25.88,20.59,5.29,2023,6,21
O110532,2023-06-21,P0059,C00211,S011,1,10.64,0.0,10.64,7.7,2.94,2023,6,21
O101160,2023-06-21,P0054,C00750,S012,1,42.97,0.0,42.97,29.12,13.85,2023,6,21
O111827,2023-06-21,P0040,C00691,S008,1,25.25,0.05,23.99,16.53,7.46,2023,6,21
O111778,2023-06-21,P0069,C01079,S003,1,85.27,0.0,85.27,65.86,19.41,2023,6,21
O100986,2023-06-21,P0023,C00028,S007,1,818.22,0.0,818.22,630.15,188.07,2023,6,21
O107564,2023-06-21,P0067,C00197,S006,2,5.57,0.0,11.14,6.5,4.64,2023,6,21
O103644,2023-06-21,P0035,C00010,S005,1,21.89,0.15,18.61,12.25,6.36,2023,6,21
O100985,2023-06-21,P0040,C00301,S004,1,25.25,0.0,25.25,16.53,8.72,2023,6,21
O100582,2023-06-21,P0004,C00822,S012,10,29.55,0.0,295.5,144.8,150.7,2023,6,21
O103278,2023-06-21,P0007,C00884,S010,1,99.07,0.0,99.07,74.71,24.36,2023,6,21
O110085,2023-06-21,P0098,C01022,S006,3,37.83,0.05,107.82,87.0,20.82,2023,6,21
O100934,2023-06-22,P0010,C00148,S009,1,14.81,0.1,13.33,12.15,1.18,2023,6,22
O111517,2023-06-22,P0083,C00215,S004,2,85.03,0.2,136.05,89.58,46.47,2023,6,22
O100041,2023-06-22,P0040,C00990,S005,1,25.25,0.15,21.46,16.53,4.93,2023,6,22
O105194,2023-06-22,P0039,C00762,S003,1,47.6,0.05,45.22,32.53,12.69,2023,6,22
O109344,2023-06-22,P0071,C00427,S006,2,9.68,0.0,19.36,14.76,4.6,2023,6,22
O101621,2023-06-22,P0026,C00920,S012,1,325.3,0.0,325.3,181.38,143.92,2023,6,22
O101955,2023-06-22,P0094,C01147,S008,3,21.21,0.0,63.63,36.51,27.12,2023,6,22
O110234,2023-06-22,P0007,C01071,S001,1,99.07,0.0,99.07,74.71,24.36,2023,6,22
O100113,2023-06-22,P0018,C00983,S005,3,34.43,0.0,103.29,79.47,23.82,2023,6,22
O101293,2023-06-22,P0058,C00995,S006,1,123.22,0.1,110.9,59.47,51.43,2023,6,22
O109300,2023-06-22,P0069,C00708,S006,2,85.27,0.0,170.54,131.72,38.82,2023,6,22
O106948,2023-06-22,P0007,C00158,S012,1,99.07,0.0,99.07,74.71,24.36,2023,6,22
O101443,2023-06-22,P0090,C00321,S011,1,575.16,0.0,575.16,375.73,199.43,2023,6,22
O104712,2023-06-22,P0052,C01062,S009,1,97.55,0.05,92.67,61.47,31.2,2023,6,22
O107095,2023-06-22,P0040,C00249,S007,1,25.25,0.05,23.99,16.53,7.46,2023,6,22
O107331,2023-06-22,P0072,C00344,S002,1,149.26,0.0,149.26,69.51,79.75,2023,6,22
O107907,2023-06-23,P0007,C00015,S012,1,99.07,0.0,99.07,74.71,24.36,2023,6,23
O104699,2023-06-23,P0076,C01197,S008,1,301.81,0.05,286.72,247.89,38.83,2023,6,23
O102785,2023-06-23,P0095,C00709,S008,2,118.84,0.0,237.68,156.34,81.34,2023,6,23
O110246,2023-06-23,P0082,C00056,S012,1,28.43,0.0,28.43,21.73,6.7,2023,6,23
O100051,2023-06-23,P0066,C00341,S007,1,105.53,0.1,94.98,58.77,36.21,2023,6,23
O110013,2023-06-23,P0072,C00342,S001,4,149.26,0.15,507.48,278.04,229.44,2023,6,23
O102463,2023-06-23,P0084,C01085,S009,1,17.53,0.0,17.53,14.11,3.42,2023,6,23
O105335,2023-06-23,P0100,C00306,S011,5,142.46,0.0,712.3,455.7,256.6,2023,6,23
O106685,2023-06-23,P0063,C01096,S009,3,112.94,0.0,338.82,272.07,66.75,2023,6,23
O107657,2023-06-23,P0031,C00859,S012,1,104.43,0.0,104.43,64.18,40.25,2023,6,23
O106051,2023-06-23,P0084,C00776,S008,1,17.53,0.0,17.53,14.11,3.42,2023,6,23
O106140,2023-06-23,P0016,C01124,S011,1,547.4,0.1,492.66,397.41,95.25,2023,6,23
O105386,2023-06-23,P0095,C00751,S012,1,118.84,0.0,118.84,78.17,40.67,2023,6,23
O105023,2023-06-23,P0002,C00074,S002,1,130.95,0.05,124.4,100.06,24.34,2023,6,23
O103428,2023-06-24,P0041,C00635,S009,1,246.7,0.0,246.7,134.73,111.97,2023,6,24
O101305,2023-06-24,P0016,C00753,S006,2,547.4,0.0,1094.8,794.82,299.98,2023,6,24
O101969,2023-06-24,P0028,C00399,S006,2,453.33,0.0,906.66,507.92,398.74,2023,6,24
O105431,2023-06-24,P0079,C00761,S011,1,120.53,0.0,120.53,93.1,27.43,2023,6,24
O101861,2023-06-24,P0066,C00923,S001,1,105.53,0.1,94.98,58.77,36.21,2023,6,24
O106128,2023-06-24,P0062,C00666,S003,1,39.06,0.15,33.2,17.85,15.35,2023,6,24
O111546,2023-06-24,P0021,C00606,S003,2,25.8,0.0,51.6,25.14,26.46,2023,6,24
O103082,2023-06-24,P0014,C00234,S012,1,13.14,0.0,13.14,6.13,7.01,2023,6,24
O105084,2023-06-24,P0036,C00512,S012,1,15.34,0.1,13.81,8.29,5.52,2023,6,24
O103407,2023-06-24,P0029,C00786,S004,2,93.75,0.0,187.5,137.52,49.98,2023,6,24
O100246,2023-06-24,P0008,C00113,S007,1,22.28,0.0,22.28,11.14,11.14,2023,6,24
O111081,2023-06-24,P0100,C01130,S009,1,142.46,0.05,135.34,91.14,44.2,2023,6,24
O100925,2023-06-24,P0049,C00586,S010,1,366.28,0.0,366.28,172.71,193.57,2023,6,24
O103936,2023-06-24,P0006,C01026,S010,2,74.01,0.1,133.22,86.16,47.06,2023,6,24
O110879,2023-06-24,P0097,C01082,S008,3,8.15,0.05,23.23,16.47,6.76,2023,6,24
O103606,2023-06-24,P0022,C00307,S005,2,42.03,0.05,79.86,60.28,19.58,2023,6,24
O110814,2023-06-24,P0086,C00327,S007,2,310.61,0.0,621.22,319.38,301.84,2023,6,24
O107866,2023-06-24,P0069,C00085,S001,1,85.27,0.1,76.74,65.86,10.88,2023,6,24
O109768,2023-06-24,P0008,C01087,S008,1,22.28,0.0,22.28,11.14,11.14,2023,6,24
O108115,2023-06-24,P0026,C01017,S003,1,325.3,0.1,292.77,181.38,111.39,2023,6,24
O105853,2023-06-24,P0078,C00368,S003,1,18.31,0.0,18.31,12.84,5.47,2023,6,24
O101452,2023-06-24,P0099,C01108,S002,1,5.01,0.1,4.51,2.77,1.74,2023,6,24
O103624,2023-06-24,P0088,C01155,S007,4,5.57,0.1,20.05,17.24,2.81,2023,6,24
O111829,2023-06-25,P0071,C00301,S007,1,9.68,0.0,9.68,7.38,2.3,2023,6,25
O102294,2023-06-25,P0032,C00994,S007,2,62.15,0.0,124.3,90.58,33.72,2023,6,25
O103348,2023-06-25,P0076,C00968,S005,1,301.81,0.0,301.81,247.89,53.92,2023,6,25
O106318,2023-06-25,P0007,C00135,S012,1,99.07,0.05,94.12,74.71,19.41,2023,6,25
O109416,2023-06-25,P0044,C00291,S011,1,136.64,0.0,136.64,115.68,20.96,2023,6,25
O100540,2023-06-25,P0027,C00385,S010,1,55.97,0.2,44.78,29.57,15.21,2023,6,25
O111563,2023-06-25,P0069,C00968,S001,1,85.27,0.05,81.01,65.86,15.15,2023,6,25
O103588,2023-06-25,P0083,C00290,S005,1,85.03,0.05,80.78,44.79,35.99,2023,6,25
O111472,2023-06-25,P0050,C00372,S003,1,9.87,0.0,9.87,4.74,5.13,2023,6,25
O100767,2023-06-25,P0021,C00124,S007,1,25.8,0.0,25.8,12.57,13.23,2023,6,25
O101034,2023-06-25,P0069,C00234,S010,1,85.27,0.0,85.27,65.86,19.41,2023,6,25
O111616,2023-06-25,P0031,C01119,S003,1,104.43,0.0,104.43,64.18,40.25,2023,6,25
O109228,2023-06-25,P0093,C00036,S003,2,13.08,0.15,22.24,18.32,3.92,2023,6,25
O100793,2023-06-25,P0065,C00172,S005,1,776.21,0.0,776.21,385.54,390.67,2023,6,25
O107219,2023-06-25,P0023,C00386,S001,1,818.22,0.1,736.4,630.15,106.25,2023,6,25
O110596,2023-06-25,P0055,C00543,S004,1,24.74,0.0,24.74,17.48,7.26,2023,6,25
O101738,2023-06-25,P0050,C00692,S005,4,9.87,0.1,35.53,18.96,16.57,2023,6,25
O106653,2023-06-26,P0036,C01192,S010,1,15.34,0.15,13.04,8.29,4.75,2023,6,26
O108142,2023-06-26,P0069,C00887,S006,1,85.27,0.0,85.27,65.86,19.41,2023,6,26
O110634,2023-06-26,P0041,C00206,S005,1,246.7,0.05,234.36,134.73,99.63,2023,6,26
O107344,2023-06-26,P0010,C00308,S012,1,14.81,0.0,14.81,12.15,2.66,2023,6,26
O105551,2023-06-26,P0070,C01158,S001,1,27.07,0.05,25.72,14.25,11.47,2023,6,26
O108985,2023-06-26,P0086,C00623,S003,3,310.61,0.0,931.83,479.07,452.76,2023,6,26
O110564,2023-06-26,P0022,C00612,S012,1,42.03,0.0,42.03,30.14,11.89,2023,6,26
O105942,2023-06-26,P0099,C00605,S008,1,5.01,0.05,4.76,2.77,1.99,2023,6,26
O101646,2023-06-26,P0078,C00010,S007,2,18.31,0.1,32.96,25.68,7.28,2023,6,26
O105352,2023-06-26,P0022,C00485,S002,1,42.03,0.1,37.83,30.14,7.69,2023,6,26
O107787,2023-06-26,P0032,C00223,S007,2,62.15,0.05,118.08,90.58,27.5,2023,6,26
O107066,2023-06-26,P0064,C00271,S004,1,12.06,0.1,10.85,5.48,5.37,2023,6,26
O103790,2023-06-27,P0013,C00937,S010,4,45.23,0.0,180.92,99.28,81.64,2023,6,27
O109249,2023-06-27,P0078,C00239,S012,2,18.31,0.0,36.62,25.68,10.94,2023,6,27
O105361,2023-06-27,P0032,C00847,S009,1,62.15,0.0,62.15,45.29,16.86,2023,6,27
O103098,2023-06-27,P0063,C00558,S005,2,112.94,0.0,225.88,181.38,44.5,2023,6,27
O109129,2023-06-27,P0041,C00856,S005,3,246.7,0.0,740.1,404.19,335.91,2023,6,27
O100183,2023-06-27,P0022,C00049,S009,1,42.03,0.0,42.03,30.14,11.89,2023,6,27
O101007,2023-06-27,P0074,C00218,S006,1,106.15,0.0,106.15,69.24,36.91,2023,6,27
O102627,2023-06-27,P0095,C00055,S009,3,118.84,0.0,356.52,234.51,122.01,2023,6,27
O101131,2023-06-27,P0023,C00226,S008,3,818.22,0.0,2454.66,1890.45,564.21,2023,6,27
O103248,2023-06-27,P0023,C00077,S004,1,818.22,0.05,777.31,630.15,147.16,2023,6,27
O105301,2023-06-27,P0003,C00716,S011,1,44.76,0.0,44.76,33.14,11.62,2023,6,27
O111904,2023-06-27,P0099,C00028,S002,2,5.01,0.05,9.52,5.54,3.98,2023,6,27
O107462,2023-06-27,P0071,C01101,S005,1,9.68,0.2,7.74,7.38,0.36,2023,6,27
O111285,2023-06-28,P0029,C00774,S009,2,93.75,0.0,187.5,137.52,49.98,2023,6,28
O111642,2023-06-28,P0043,C00654,S006,2,11.09,0.1,19.96,11.62,8.34,2023,6,28
O104436,2023-06-28,P0011,C00442,S005,2,713.82,0.05,1356.26,903.66,452.6,2023,6,28
O100513,2023-06-28,P0012,C00841,S003,1,88.36,0.0,88.36,62.9,25.46,2023,6,28
O103993,2023-06-28,P0066,C00369,S006,1,105.53,0.05,100.25,58.77,41.48,2023,6,28
O106654,2023-06-28,P0052,C00869,S012,3,97.55,0.05,278.02,184.41,93.61,2023,6,28
O107707,2023-06-28,P0040,C00738,S001,1,25.25,0.05,23.99,16.53,7.46,2023,6,28
O100516,2023-06-28,P0014,C00549,S012,1,13.14,0.0,13.14,6.13,7.01,2023,6,28
O104059,2023-06-28,P0075,C00964,S002,1,10.1,0.05,9.59,7.49,2.1,2023,6,28
O108573,2023-06-28,P0057,C00048,S004,2,157.4,0.1,283.32,263.22,20.1,2023,6,28
O108650,2023-06-28,P0016,C01086,S004,2,547.4,0.0,1094.8,794.82,299.98,2023,6,28
O108856,2023-06-28,P0094,C00433,S010,2,21.21,0.05,40.3,24.34,15.96,2023,6,28
O104044,2023-06-28,P0066,C00247,S010,1,105.53,0.05,100.25,58.77,41.48,2023,6,28
O105986,2023-06-29,P0002,C00743,S001,2,130.95,0.1,235.71,200.12,35.59,2023,6,29
O107617,2023-06-29,P0045,C01161,S008,1,131.19,0.0,131.19,106.88,24.31,2023,6,29
O105736,2023-06-29,P0013,C00846,S002,1,45.23,0.0,45.23,24.82,20.41,2023,6,29
O101845,2023-06-29,P0071,C00911,S005,2,9.68,0.2,15.49,14.76,0.73,2023,6,29
O111142,2023-06-29,P0065,C00230,S004,1,776.21,0.0,776.21,385.54,390.67,2023,6,29
O108602,2023-06-29,P0038,C00071,S010,1,42.19,0.0,42.19,29.31,12.88,2023,6,29
O106143,2023-06-29,P0086,C00981,S012,1,310.61,0.0,310.61,159.69,150.92,2023,6,29
O109438,2023-06-29,P0062,C00050,S006,1,39.06,0.0,39.06,17.85,21.21,2023,6,29
O110600,2023-06-29,P0090,C00561,S011,3,575.16,0.1,1552.93,1127.19,425.74,2023,6,29
O101959,2023-06-29,P0057,C00795,S008,1,157.4,0.0,157.4,131.61,25.79,2023,6,29
O101046,2023-06-29,P0061,C00306,S009,1,86.94,0.0,86.94,46.4,40.54,2023,6,29
O106583,2023-06-29,P0013,C00626,S002,1,45.23,0.0,45.23,24.82,20.41,2023,6,29
O111258,2023-06-29,P0013,C00687,S001,1,45.23,0.15,38.45,24.82,13.63,2023,6,29
O103700,2023-06-29,P0037,C00730,S001,1,61.48,0.05,58.41,48.1,10.31,2023,6,29
O100255,2023-06-29,P0089,C00648,S006,1,39.28,0.1,35.35,18.15,17.2,2023,6,29
O101178,2023-06-29,P0080,C01036,S011,1,20.59,0.0,20.59,13.94,6.65,2023,6,29
O100849,2023-06-29,P0038,C00013,S011,10,42.19,0.05,400.8,293.1,107.7,2023,6,29
O107833,2023-06-29,P0090,C00347,S007,2,575.16,0.2,920.26,751.46,168.8,2023,6,29
O110768,2023-06-29,P0022,C00169,S002,2,42.03,0.0,84.06,60.28,23.78,2023,6,29
O104659,2023-06-30,P0045,C00671,S009,4,131.19,0.0,524.76,427.52,97.24,2023,6,30
O103551,2023-06-30,P0047,C00993,S011,1,125.46,0.05,119.19,59.9,59.29,2023,6,30
O109388,2023-06-30,P0057,C00674,S006,5,157.4,0.0,787.0,658.05,128.95,2023,6,30
O103003,2023-06-30,P0093,C00476,S006,2,13.08,0.0,26.16,18.32,7.84,2023,6,30
O110057,2023-06-30,P0040,C00140,S012,1,25.25,0.0,25.25,16.53,8.72,2023,6,30
O102370,2023-06-30,P0008,C00153,S009,1,22.28,0.05,21.17,11.14,10.03,2023,6,30
O108041,2023-06-30,P0053,C00083,S003,2,51.37,0.2,82.19,64.54,17.65,2023,6,30
O104843,2023-06-30,P0007,C00112,S005,1,99.07,0.2,79.26,74.71,4.55,2023,6,30
O101145,2023-06-30,P0016,C00495,S007,3,547.4,0.0,1642.2,1192.23,449.97,2023,6,30
O100523,2023-06-30,P0077,C00983,S002,2,130.07,0.15,221.12,215.3,5.82,2023,6,30
O111781,2023-06-30,P0021,C00058,S001,3,25.8,0.05,73.53,37.71,35.82,2023,6,30
O102334,2023-06-30,P0047,C00097,S008,1,125.46,0.0,125.46,59.9,65.56,2023,6,30
O102900,2023-06-30,P0093,C00579,S009,1,13.08,0.0,13.08,9.16,3.92,2023,6,30
O101306,2023-06-30,P0100,C00506,S008,2,142.46,0.0,284.92,182.28,102.64,2023,6,30
O108876,2023-06-30,P0041,C00366,S012,3,246.7,0.1,666.09,404.19,261.9,2023,6,30
O106256,2023-06-30,P0048,C01012,S012,1,113.33,0.0,113.33,82.55,30.78,2023,6,30
O110372,2023-07-01,P0088,C00184,S005,1,5.57,0.0,5.57,4.31,1.26,2023,7,1
O111578,2023-07-01,P0025,C01108,S003,1,18.6,0.0,18.6,14.09,4.51,2023,7,1
O103621,2023-07-01,P0067,C00872,S007,1,5.57,0.0,5.57,3.25,2.32,2023,7,1
O107981,2023-07-01,P0018,C00499,S007,1,34.43,0.0,34.43,26.49,7.94,2023,7,1
O107303,2023-07-01,P0037,C00410,S007,2,61.48,0.0,122.96,96.2,26.76,2023,7,1
O107885,2023-07-01,P0082,C00952,S005,1,28.43,0.15,24.17,21.73,2.44,2023,7,1
O109997,2023-07-01,P0045,C00418,S008,2,131.19,0.2,209.9,213.76,-3.86,2023,7,1
O106197,2023-07-01,P0079,C01026,S004,1,120.53,0.0,120.53,93.1,27.43,2023,7,1
O100929,2023-07-01,P0078,C00151,S008,3,18.31,0.0,54.93,38.52,16.41,2023,7,1
O105414,2023-07-01,P0077,C00982,S001,1,130.07,0.05,123.57,107.65,15.92,2023,7,1
O107362,2023-07-01,P0086,C01005,S010,1,310.61,0.1,279.55,159.69,119.86,2023,7,1
O111928,2023-07-01,P0053,C00142,S001,3,51.37,0.05,146.4,96.81,49.59,2023,7,1
O102380,2023-07-01,P0052,C00981,S008,1,97.55,0.15,82.92,61.47,21.45,2023,7,1
O100206,2023-07-01,P0047,C00840,S009,1,125.46,0.0,125.46,59.9,65.56,2023,7,1
O106004,2023-07-01,P0004,C01070,S008,1,29.55,0.0,29.55,14.48,15.07,2023,7,1
O105934,2023-07-01,P0022,C00334,S012,2,42.03,0.05,79.86,60.28,19.58,2023,7,1
O106633,2023-07-01,P0025,C00522,S005,1,18.6,0.0,18.6,14.09,4.51,2023,7,1
O100771,2023-07-01,P0063,C00457,S007,1,112.94,0.0,112.94,90.69,22.25,2023,7,1
O111408,2023-07-01,P0077,C00294,S003,1,130.07,0.15,110.56,107.65,2.91,2023,7,1
O109744,2023-07-01,P0037,C00215,S005,1,61.48,0.1,55.33,48.1,7.23,2023,7,1
O107359,2023-07-01,P0032,C00326,S005,3,62.15,0.0,186.45,135.87,50.58,2023,7,1
O105313,2023-07-01,P0080,C00821,S004,1,20.59,0.1,18.53,13.94,4.59,2023,7,1
O103007,2023-07-01,P0016,C00989,S003,1,547.4,0.0,547.4,397.41,149.99,2023,7,1
O110855,2023-07-01,P0072,C00768,S002,1,149.26,0.0,149.26,69.51,79.75,2023,7,1
O107510,2023-07-01,P0049,C01186,S007,2,366.28,0.15,622.68,345.42,277.26,2023,7,1
O105176,2023-07-02,P0003,C00376,S009,2,44.76,0.05,85.04,66.28,18.76,2023,7,2
O108353,2023-07-02,P0054,C00506,S009,2,42.97,0.15,73.05,58.24,14.81,2023,7,2
O103194,2023-07-02,P0006,C00182,S003,1,74.01,0.05,70.31,43.08,27.23,2023,7,2
O105250,2023-07-02,P0048,C00436,S011,2,113.33,0.0,226.66,165.1,61.56,2023,7,2
O110945,2023-07-02,P0049,C00508,S011,1,366.28,0.1,329.65,172.71,156.94,2023,7,2
O111988,2023-07-02,P0059,C01125,S003,1,10.64,0.1,9.58,7.7,1.88,2023,7,2
O102478,2023-07-02,P0029,C00716,S004,1,93.75,0.0,93.75,68.76,24.99,2023,7,2
O105904,2023-07-02,P0046,C00063,S009,3,69.45,0.0,208.35,127.74,80.61,2023,7,2
O104803,2023-07-02,P0017,C01087,S002,1,25.27,0.0,25.27,17.77,7.5,2023,7,2
O105603,2023-07-02,P0047,C00548,S003,3,125.46,0.1,338.74,179.7,159.04,2023,7,2
O111824,2023-07-02,P0064,C00066,S007,1,12.06,0.0,12.06,5.48,6.58,2023,7,2
O104679,2023-07-02,P0096,C00201,S003,1,63.84,0.05,60.65,35.05,25.6,2023,7,2
O107109,2023-07-02,P0061,C00802,S008,1,86.94,0.0,86.94,46.4,40.54,2023,7,2
O100520,2023-07-02,P0027,C00529,S005,1,55.97,0.0,55.97,29.57,26.4,2023,7,2
O110691,2023-07-02,P0100,C00414,S005,1,142.46,0.05,135.34,91.14,44.2,2023,7,2
O100943,2023-07-02,P0083,C00142,S010,1,85.03,0.0,85.03,44.79,40.24,2023,7,2
O107479,2023-07-02,P0034,C00008,S001,1,84.19,0.0,84.19,69.04,15.15,2023,7,2
O105404,2023-07-02,P0001,C00415,S001,1,132.87,0.0,132.87,107.4,25.47,2023,7,2
O111706,2023-07-03,P0038,C00128,S008,1,42.19,0.0,42.19,29.31,12.88,2023,7,3
O110568,2023-07-03,P0088,C00054,S006,1,5.57,0.0,5.57,4.31,1.26,2023,7,3
O105719,2023-07-03,P0086,C01040,S006,1,310.61,0.0,310.61,159.69,150.92,2023,7,3
O105638,2023-07-03,P0024,C00915,S008,1,722.65,0.0,722.65,423.58,299.07,2023,7,3
O105682,2023-07-03,P0014,C01164,S001,1,13.14,0.0,13.14,6.13,7.01,2023,7,3
O109409,2023-07-03,P0003,C00215,S002,1,44.76,0.0,44.76,33.14,11.62,2023,7,3
O105127,2023-07-03,P0081,C00746,S011,3,143.09,0.1,386.34,330.0,56.34,2023,7,3
O100852,2023-07-03,P0087,C00804,S010,1,463.9,0.0,463.9,253.65,210.25,2023,7,3
O109403,2023-07-03,P0092,C00618,S001,1,41.48,0.0,41.48,25.41,16.07,2023,7,3
O101626,2023-07-03,P0088,C00074,S006,1,5.57,0.15,4.73,4.31,0.42,2023,7,3
O105263,2023-07-03,P0071,C00164,S007,1,9.68,0.0,9.68,7.38,2.3,2023,7,3
O104405,2023-07-03,P0021,C01117,S006,1,25.8,0.0,25.8,12.57,13.23,2023,7,3
O100591,2023-07-03,P0021,C01029,S005,1,25.8,0.05,24.51,12.57,11.94,2023,7,3
O101566,2023-07-03,P0090,C00239,S012,2,575.16,0.1,1035.29,751.46,283.83,2023,7,3
O100647,2023-07-03,P0066,C00574,S004,1,105.53,0.05,100.25,58.77,41.48,2023,7,3
O106284,2023-07-03,P0051,C00504,S005,3,32.14,0.0,96.42,48.06,48.36,2023,7,3
O107279,2023-07-03,P0020,C00007,S011,1,30.45,0.0,30.45,20.59,9.86,2023,7,3
O102795,2023-07-03,P0093,C00865,S008,1,13.08,0.05,12.43,9.16,3.27,2023,7,3
O110039,2023-07-03,P0006,C00243,S003,2,74.01,0.1,133.22,86.16,47.06,2023,7,3
O103191,2023-07-04,P0053,C00399,S008,2,51.37,0.05,97.6,64.54,33.06,2023,7,4
O102857,2023-07-04,P0056,C00792,S001,2,20.73,0.0,41.46,33.5,7.96,2023,7,4
O107376,2023-07-04,P0050,C00699,S002,2,9.87,0.0,19.74,9.48,10.26,2023,7,4
O109896,2023-07-04,P0077,C00501,S010,1,130.07,0.05,123.57,107.65,15.92,2023,7,4
O100011,2023-07-04,P0009,C00708,S003,1,8.02,0.0,8.02,6.09,1.93,2023,7,4
O103168,2023-07-04,P0100,C00987,S006,1,142.46,0.0,142.46,91.14,51.32,2023,7,4
O111617,2023-07-04,P0006,C00331,S005,1,74.01,0.0,74.01,43.08,30.93,2023,7,4
O102374,2023-07-04,P0038,C01079,S012,1,42.19,0.0,42.19,29.31,12.88,2023,7,4
O104428,2023-07-04,P0047,C01082,S008,1,125.46,0.0,125.46,59.9,65.56,2023,7,4
O103292,2023-07-04,P0067,C00516,S002,2,5.57,0.15,9.47,6.5,2.97,2023,7,4
O110668,2023-07-04,P0069,C00830,S003,1,85.27,0.1,76.74,65.86,10.88,2023,7,4
O101716,2023-07-04,P0025,C00087,S001,1,18.6,0.05,17.67,14.09,3.58,2023,7,4
O100030,2023-07-04,P0001,C00536,S011,2,132.87,0.0,265.74,214.8,50.94,2023,7,4
O107779,2023-07-04,P0015,C00718,S011,4,36.03,0.1,129.71,74.44,55.27,2023,7,4
O104818,2023-07-04,P0003,C00564,S004,5,44.76,0.15,190.23,165.7,24.53,2023,7,4
O104013,2023-07-04,P0086,C00004,S006,1,310.61,0.0,310.61,159.69,150.92,2023,7,4
O104252,2023-07-04,P0049,C00543,S011,2,366.28,0.0,732.56,345.42,387.14,2023,7,4
O104594,2023-07-04,P0044,C00312,S005,1,136.64,0.15,116.14,115.68,0.46,2023,7,4
O105627,2023-07-04,P0065,C01005,S011,5,776.21,0.1,3492.94,1927.7,1565.24,2023,7,4
O101680,2023-07-05,P0028,C00809,S006,1,453.33,0.0,453.33,253.96,199.37,2023,7,5
O102483,2023-07-05,P0076,C00923,S006,2,301.81,0.0,603.62,495.78,107.84,2023,7,5
O101713,2023-07-05,P0078,C00472,S004,1,18.31,0.05,17.39,12.84,4.55,2023,7,5
O102117,2023-07-05,P0010,C00770,S005,2,14.81,0.0,29.62,24.3,5.32,2023,7,5
O102367,2023-07-05,P0067,C00911,S010,1,5.57,0.1,5.01,3.25,1.76,2023,7,5
O101864,2023-07-05,P0033,C00706,S008,1,47.81,0.0,47.81,31.21,16.6,2023,7,5
O106658,2023-07-05,P0080,C00539,S009,2,20.59,0.05,39.12,27.88,11.24,2023,7,5
O107035,2023-07-05,P0095,C00002,S011,1,118.84,0.0,118.84,78.17,40.67,2023,7,5
O105802,2023-07-05,P0041,C00925,S002,1,246.7,0.2,197.36,134.73,62.63,2023,7,5
O108841,2023-07-05,P0089,C00004,S002,2,39.28,0.0,78.56,36.3,42.26,2023,7,5
O109185,2023-07-05,P0046,C00146,S004,4,69.45,0.0,277.8,170.32,107.48,2023,7,5
O100055,2023-07-05,P0061,C01029,S004,1,86.94,0.1,78.25,46.4,31.85,2023,7,5
O106541,2023-07-05,P0002,C00044,S006,4,130.95,0.0,523.8,400.24,123.56,2023,7,5
O107280,2023-07-05,P0058,C00842,S003,3,123.22,0.0,369.66,178.41,191.25,2023,7,5
O108515,2023-07-05,P0022,C00347,S008,4,42.03,0.0,168.12,120.56,47.56,2023,7,5
O111211,2023-07-06,P0014,C00735,S006,1,13.14,0.05,12.48,6.13,6.35,2023,7,6
O106760,2023-07-06,P0016,C00547,S007,1,547.4,0.0,547.4,397.41,149.99,2023,7,6
O107349,2023-07-06,P0064,C01165,S010,4,12.06,0.0,48.24,21.92,26.32,2023,7,6
O102164,2023-07-06,P0033,C00401,S001,10,47.81,0.1,430.29,312.1,118.19,2023,7,6
O111786,2023-07-06,P0046,C00857,S007,4,69.45,0.1,250.02,170.32,79.7,2023,7,6
O101313,2023-07-06,P0055,C00446,S009,4,24.74,0.1,89.06,69.92,19.14,2023,7,6
O106826,2023-07-06,P0008,C01017,S009,2,22.28,0.15,37.88,22.28,15.6,2023,7,6
O111556,2023-07-06,P0052,C00037,S012,3,97.55,0.0,292.65,184.41,108.24,2023,7,6
O107874,2023-07-06,P0056,C01040,S008,1,20.73,0.05,19.69,16.75,2.94,2023,7,6
O106502,2023-07-06,P0072,C00050,S011,1,149.26,0.0,149.26,69.51,79.75,2023,7,6
O105379,2023-07-06,P0046,C00482,S004,1,69.45,0.0,69.45,42.58,26.87,2023,7,6
O102607,2023-07-06,P0029,C00366,S003,2,93.75,0.0,187.5,137.52,49.98,2023,7,6
O102519,2023-07-06,P0014,C00360,S010,1,13.14,0.0,13.14,6.13,7.01,2023,7,6
O106276,2023-07-06,P0038,C01091,S007,3,42.19,0.0,126.57,87.93,38.64,2023,7,6
O102032,2023-07-06,P0036,C00810,S001,5,15.34,0.0,76.7,41.45,35.25,2023,7,6
O111151,2023-07-07,P0012,C00128,S006,1,88.36,0.0,88.36,62.9,25.46,2023,7,7
O106295,2023-07-07,P0054,C01151,S005,1,42.97,0.0,42.97,29.12,13.85,2023,7,7
O106190,2023-07-07,P0047,C00606,S005,1,125.46,0.05,119.19,59.9,59.29,2023,7,7
O110431,2023-07-07,P0038,C00348,S009,1,42.19,0.0,42.19,29.31,12.88,2023,7,7
O101117,2023-07-07,P0039,C00383,S007,1,47.6,0.05,45.22,32.53,12.69,2023,7,7
O108880,2023-07-07,P0070,C00541,S009,1,27.07,0.1,24.36,14.25,10.11,2023,7,7
O107299,2023-07-07,P0063,C00980,S007,2,112.94,0.0,225.88,181.38,44.5,2023,7,7
O101322,2023-07-07,P0015,C01141,S001,2,36.03,0.1,64.85,37.22,27.63,2023,7,7
O109138,2023-07-07,P0042,C00372,S012,2,9.86,0.2,15.78,12.46,3.32,2023,7,7
O103812,2023-07-07,P0008,C00568,S011,1,22.28,0.15,18.94,11.14,7.8,2023,7,7
O110183,2023-07-07,P0029,C00294,S009,1,93.75,0.1,84.38,68.76,15.62,2023,7,7
O101896,2023-07-07,P0033,C01009,S002,1,47.81,0.05,45.42,31.21,14.21,2023,7,7
O100044,2023-07-07,P0097,C00900,S007,1,8.15,0.0,8.15,5.49,2.66,2023,7,7
O104644,2023-07-07,P0036,C01144,S002,1,15.34,0.05,14.57,8.29,6.28,2023,7,7
O100858,2023-07-07,P0099,C00313,S010,2,5.01,0.0,10.02,5.54,4.48,2023,7,7
O107561,2023-07-07,P0043,C00308,S008,1,11.09,0.05,10.54,5.81,4.73,2023,7,7
O108145,2023-07-08,P0071,C00263,S001,1,9.68,0.05,9.2,7.38,1.82,2023,7,8
O107309,2023-07-08,P0007,C00374,S005,1,99.07,0.0,99.07,74.71,24.36,2023,7,8
O106439,2023-07-08,P0096,C01103,S012,1,63.84,0.0,63.84,35.05,28.79,2023,7,8
O102915,2023-07-08,P0036,C00252,S010,1,15.34,0.05,14.57,8.29,6.28,2023,7,8
O104339,2023-07-08,P0081,C01071,S005,1,143.09,0.05,135.94,110.0,25.94,2023,7,8
O109879,2023-07-08,P0042,C00883,S006,1,9.86,0.0,9.86,6.23,3.63,2023,7,8
O100492,2023-07-08,P0099,C00588,S004,2,5.01,0.1,9.02,5.54,3.48,2023,7,8
O102656,2023-07-08,P0029,C00400,S009,1,93.75,0.0,93.75,68.76,24.99,2023,7,8
O102273,2023-07-08,P0049,C00171,S011,4,366.28,0.0,1465.12,690.84,774.28,2023,7,8
O103918,2023-07-08,P0062,C00948,S012,1,39.06,0.0,39.06,17.85,21.21,2023,7,8
O107593,2023-07-08,P0052,C00053,S004,1,97.55,0.0,97.55,61.47,36.08,2023,7,8
O107630,2023-07-08,P0001,C00082,S010,1,132.87,0.05,126.23,107.4,18.83,2023,7,8
O105772,2023-07-08,P0067,C00610,S009,1,5.57,0.0,5.57,3.25,2.32,2023,7,8
O110295,2023-07-08,P0006,C00743,S007,1,74.01,0.05,70.31,43.08,27.23,2023,7,8
O104445,2023-07-08,P0059,C00363,S006,4,10.64,0.0,42.56,30.8,11.76,2023,7,8
O110837,2023-07-09,P0081,C00550,S011,1,143.09,0.15,121.63,110.0,11.63,2023,7,9
O102369,2023-07-09,P0015,C01013,S004,1,36.03,0.0,36.03,18.61,17.42,2023,7,9
O110168,2023-07-09,P0074,C00549,S011,1,106.15,0.2,84.92,69.24,15.68,2023,7,9
O108037,2023-07-09,P0088,C01141,S011,1,5.57,0.05,5.29,4.31,0.98,2023,7,9
O105555,2023-07-09,P0003,C00092,S004,4,44.76,0.0,179.04,132.56,46.48,2023,7,9
O103932,2023-07-09,P0061,C00923,S011,2,86.94,0.15,147.8,92.8,55.0,2023,7,9
O102177,2023-07-09,P0089,C00484,S008,1,39.28,0.0,39.28,18.15,21.13,2023,7,9
O108487,2023-07-09,P0031,C00485,S006,1,104.43,0.1,93.99,64.18,29.81,2023,7,9
O108947,2023-07-09,P0059,C00611,S001,4,10.64,0.0,42.56,30.8,11.76,2023,7,9
O111021,2023-07-09,P0025,C00786,S009,1,18.6,0.0,18.6,14.09,4.51,2023,7,9
O104098,2023-07-09,P0033,C00776,S007,1,47.81,0.15,40.64,31.21,9.43,2023,7,9
O103598,2023-07-09,P0059,C00958,S006,3,10.64,0.0,31.92,23.1,8.82,2023,7,9
O110235,2023-07-09,P0077,C01091,S007,2,130.07,0.15,221.12,215.3,5.82,2023,7,9
O101694,2023-07-09,P0030,C00851,S009,1,41.4,0.0,41.4,25.21,16.19,2023,7,9
O106736,2023-07-09,P0090,C00547,S005,1,575.16,0.1,517.64,375.73,141.91,2023,7,9
O111261,2023-07-09,P0011,C01151,S002,1,713.82,0.1,642.44,451.83,190.61,2023,7,9
O111756,2023-07-10,P0025,C00645,S007,1,18.6,0.0,18.6,14.09,4.51,2023,7,10
O106791,2023-07-10,P0011,C00421,S012,1,713.82,0.0,713.82,451.83,261.99,2023,7,10
O105494,2023-07-10,P0004,C00344,S009,2,29.55,0.0,59.1,28.96,30.14,2023,7,10
O111797,2023-07-10,P0089,C00194,S005,2,39.28,0.05,74.63,36.3,38.33,2023,7,10
O101319,2023-07-10,P0009,C00930,S004,1,8.02,0.15,6.82,6.09,0.73,2023,7,10
O107084,2023-07-10,P0057,C00016,S001,2,157.4,0.0,314.8,263.22,51.58,2023,7,10
O102006,2023-07-10,P0011,C00677,S008,1,713.82,0.0,713.82,451.83,261.99,2023,7,10
O105381,2023-07-10,P0046,C00492,S009,2,69.45,0.0,138.9,85.16,53.74,2023,7,10
O100414,2023-07-10,P0092,C01011,S003,4,41.48,0.05,157.62,101.64,55.98,2023,7,10
O108009,2023-07-10,P0030,C00876,S012,4,41.4,0.0,165.6,100.84,64.76,2023,7,10
O105463,2023-07-10,P0064,C00384,S006,3,12.06,0.05,34.37,16.44,17.93,2023,7,10
O108754,2023-07-10,P0004,C00568,S012,1,29.55,0.0,29.55,14.48,15.07,2023,7,10
O108030,2023-07-10,P0006,C00100,S002,1,74.01,0.0,74.01,43.08,30.93,2023,7,10
O109375,2023-07-10,P0014,C01116,S008,1,13.14,0.05,12.48,6.13,6.35,2023,7,10
O101308,2023-07-10,P0098,C00378,S004,2,37.83,0.1,68.09,58.0,10.09,2023,7,10
O107167,2023-07-10,P0021,C00755,S003,2,25.8,0.0,51.6,25.14,26.46,2023,7,10
O105795,2023-07-10,P0031,C00886,S012,1,104.43,0.0,104.43,64.18,40.25,2023,7,10
O103295,2023-07-10,P0090,C00991,S003,1,575.16,0.0,575.16,375.73,199.43,2023,7,10
O107488,2023-07-10,P0029,C01036,S006,2,93.75,0.0,187.5,137.52,49.98,2023,7,10
O103517,2023-07-11,P0071,C00916,S011,3,9.68,0.0,29.04,22.14,6.9,2023,7,11
O103611,2023-07-11,P0089,C00994,S002,2,39.28,0.05,74.63,36.3,38.33,2023,7,11
O109412,2023-07-11,P0044,C00026,S010,4,136.64,0.1,491.9,462.72,29.18,2023,7,11
O111820,2023-07-11,P0096,C00622,S005,1,63.84,0.2,51.07,35.05,16.02,2023,7,11
O104786,2023-07-11,P0084,C00519,S011,3,17.53,0.0,52.59,42.33,10.26,2023,7,11
O108053,2023-07-11,P0062,C00568,S010,3,39.06,0.0,117.18,53.55,63.63,2023,7,11
O110912,2023-07-11,P0057,C00567,S006,1,157.4,0.1,141.66,131.61,10.05,2023,7,11
O109863,2023-07-11,P0060,C00092,S006,1,80.71,0.05,76.67,51.25,25.42,2023,7,11
O111547,2023-07-11,P0052,C00655,S007,5,97.55,0.0,487.75,307.35,180.4,2023,7,11
O110920,2023-07-11,P0012,C01090,S008,1,88.36,0.0,88.36,62.9,25.46,2023,7,11
O100777,2023-07-11,P0005,C00263,S010,1,15.5,0.1,13.95,12.07,1.88,2023,7,11
O103140,2023-07-11,P0025,C00613,S004,2,18.6,0.0,37.2,28.18,9.02,2023,7,11
O105488,2023-07-11,P0052,C00996,S001,1,97.55,0.0,97.55,61.47,36.08,2023,7,11
O102101,2023-07-11,P0073,C00139,S006,1,36.7,0.2,29.36,18.22,11.14,2023,7,11
O110447,2023-07-11,P0011,C01032,S009,1,713.82,0.1,642.44,451.83,190.61,2023,7,11
O108935,2023-07-11,P0014,C01015,S011,5,13.14,0.0,65.7,30.65,35.05,2023,7,11
O111716,2023-07-11,P0093,C00469,S007,2,13.08,0.0,26.16,18.32,7.84,2023,7,11
O101767,2023-07-12,P0086,C00871,S001,10,310.61,0.0,3106.1,1596.9,1509.2,2023,7,12
O107456,2023-07-12,P0002,C00930,S005,1,130.95,0.0,130.95,100.06,30.89,2023,7,12
O109112,2023-07-12,P0030,C01085,S009,3,41.4,0.0,124.2,75.63,48.57,2023,7,12
O110346,2023-07-12,P0080,C00208,S012,1,20.59,0.0,20.59,13.94,6.65,2023,7,12
O106774,2023-07-12,P0079,C00966,S005,2,120.53,0.0,241.06,186.2,54.86,2023,7,12
O107402,2023-07-12,P0027,C01076,S011,3,55.97,0.05,159.51,88.71,70.8,2023,7,12
O107471,2023-07-12,P0054,C00803,S012,3,42.97,0.05,122.46,87.36,35.1,2023,7,12
O108731,2023-07-12,P0005,C00196,S012,1,15.5,0.0,15.5,12.07,3.43,2023,7,12
O101403,2023-07-12,P0019,C00566,S006,5,138.62,0.0,693.1,340.75,352.35,2023,7,12
O100711,2023-07-12,P0007,C00229,S009,5,99.07,0.0,495.35,373.55,121.8,2023,7,12
O108286,2023-07-12,P0012,C01184,S009,1,88.36,0.15,75.11,62.9,12.21,2023,7,12
O110256,2023-07-12,P0057,C00695,S011,2,157.4,0.0,314.8,263.22,51.58,2023,7,12
O105411,2023-07-12,P0079,C00170,S001,1,120.53,0.05,114.5,93.1,21.4,2023,7,12
O108052,2023-07-12,P0074,C00516,S011,2,106.15,0.1,191.07,138.48,52.59,2023,7,12
O105618,2023-07-12,P0085,C00221,S009,4,34.17,0.0,136.68,110.0,26.68,2023,7,12
O110106,2023-07-12,P0079,C00873,S004,1,120.53,0.0,120.53,93.1,27.43,2023,7,12
O103500,2023-07-12,P0009,C01186,S009,1,8.02,0.0,8.02,6.09,1.93,2023,7,12
O110863,2023-07-12,P0018,C00080,S009,1,34.43,0.0,34.43,26.49,7.94,2023,7,12
O101499,2023-07-12,P0088,C00656,S005,1,5.57,0.1,5.01,4.31,0.7,2023,7,12
O103475,2023-07-12,P0021,C00791,S009,1,25.8,0.1,23.22,12.57,10.65,2023,7,12
O108617,2023-07-12,P0052,C00579,S010,3,97.55,0.0,292.65,184.41,108.24,2023,7,12
O105134,2023-07-12,P0075,C00956,S002,2,10.1,0.0,20.2,14.98,5.22,2023,7,12
O102384,2023-07-12,P0013,C00555,S010,1,45.23,0.0,45.23,24.82,20.41,2023,7,12
O102692,2023-07-12,P0010,C00115,S012,1,14.81,0.1,13.33,12.15,1.18,2023,7,12
O102969,2023-07-12,P0066,C00275,S002,1,105.53,0.1,94.98,58.77,36.21,2023,7,12
O100758,2023-07-12,P0100,C00549,S005,1,142.46,0.0,142.46,91.14,51.32,2023,7,12
O110059,2023-07-13,P0012,C00350,S004,2,88.36,0.0,176.72,125.8,50.92,2023,7,13
O107608,2023-07-13,P0084,C00888,S005,1,17.53,0.1,15.78,14.11,1.67,2023,7,13
O101267,2023-07-13,P0013,C00203,S011,1,45.23,0.1,40.71,24.82,15.89,2023,7,13
O100004,2023-07-13,P0005,C01062,S002,1,15.5,0.0,15.5,12.07,3.43,2023,7,13
O100563,2023-07-13,P0067,C00756,S004,1,5.57,0.15,4.73,3.25,1.48,2023,7,13
O108978,2023-07-13,P0005,C00499,S002,1,15.5,0.1,13.95,12.07,1.88,2023,7,13
O103549,2023-07-13,P0072,C00407,S011,5,149.26,0.0,746.3,347.55,398.75,2023,7,13
O105951,2023-07-13,P0040,C00711,S003,2,25.25,0.0,50.5,33.06,17.44,2023,7,13
O100456,2023-07-13,P0089,C00759,S011,1,39.28,0.05,37.32,18.15,19.17,2023,7,13
O107345,2023-07-13,P0088,C01170,S006,1,5.57,0.0,5.57,4.31,1.26,2023,7,13
O106537,2023-07-13,P0041,C01004,S005,1,246.7,0.0,246.7,134.73,111.97,2023,7,13
O102371,2023-07-13,P0097,C00780,S008,1,8.15,0.0,8.15,5.49,2.66,2023,7,13
O109161,2023-07-13,P0038,C00148,S005,1,42.19,0.1,37.97,29.31,8.66,2023,7,13
O108047,2023-07-13,P0014,C00684,S006,5,13.14,0.15,55.84,30.65,25.19,2023,7,13
O102118,2023-07-13,P0064,C00324,S008,1,12.06,0.0,12.06,5.48,6.58,2023,7,13
O106204,2023-07-14,P0081,C00578,S001,1,143.09,0.0,143.09,110.0,33.09,2023,7,14
O110086,2023-07-14,P0094,C00340,S007,4,21.21,0.0,84.84,48.68,36.16,2023,7,14
O102256,2023-07-14,P0008,C00920,S011,5,22.28,0.0,111.4,55.7,55.7,2023,7,14
O100549,2023-07-14,P0044,C01137,S009,1,136.64,0.15,116.14,115.68,0.46,2023,7,14
O108163,2023-07-14,P0032,C00191,S011,3,62.15,0.05,177.13,135.87,41.26,2023,7,14
O100995,2023-07-14,P0051,C00339,S003,2,32.14,0.1,57.85,32.04,25.81,2023,7,14
O104103,2023-07-14,P0067,C00815,S006,1,5.57,0.05,5.29,3.25,2.04,2023,7,14
O110732,2023-07-14,P0052,C01101,S009,1,97.55,0.15,82.92,61.47,21.45,2023,7,14
O107099,2023-07-14,P0004,C00768,S012,1,29.55,0.1,26.6,14.48,12.12,2023,7,14
O101195,2023-07-14,P0076,C01131,S012,1,301.81,0.0,301.81,247.89,53.92,2023,7,14
O104767,2023-07-14,P0083,C01092,S001,1,85.03,0.0,85.03,44.79,40.24,2023,7,14
O101941,2023-07-14,P0088,C00662,S001,2,5.57,0.05,10.58,8.62,1.96,2023,7,14
O111506,2023-07-14,P0053,C00658,S005,1,51.37,0.1,46.23,32.27,13.96,2023,7,14
O111347,2023-07-14,P0071,C00150,S011,1,9.68,0.05,9.2,7.38,1.82,2023,7,14
O109117,2023-07-14,P0005,C00261,S008,1,15.5,0.0,15.5,12.07,3.43,2023,7,14
O108112,2023-07-14,P0052,C00032,S004,2,97.55,0.0,195.1,122.94,72.16,2023,7,14
O107539,2023-07-14,P0004,C00352,S005,1,29.55,0.0,29.55,14.48,15.07,2023,7,14
O111259,2023-07-14,P0064,C00715,S003,2,12.06,0.0,24.12,10.96,13.16,2023,7,14
O101512,2023-07-14,P0023,C00993,S007,1,818.22,0.0,818.22,630.15,188.07,2023,7,14
O102048,2023-07-14,P0087,C01153,S009,1,463.9,0.0,463.9,253.65,210.25,2023,7,14
O106596,2023-07-15,P0034,C00124,S006,4,84.19,0.0,336.76,276.16,60.6,2023,7,15
O106491,2023-07-15,P0009,C01096,S001,1,8.02,0.0,8.02,6.09,1.93,2023,7,15
O110290,2023-07-15,P0042,C00234,S001,1,9.86,0.0,9.86,6.23,3.63,2023,7,15
O103409,2023-07-15,P0096,C00631,S005,1,63.84,0.0,63.84,35.05,28.79,2023,7,15
O107746,2023-07-15,P0099,C00080,S009,2,5.01,0.0,10.02,5.54,4.48,2023,7,15
O108552,2023-07-15,P0010,C01084,S010,2,14.81,0.0,29.62,24.3,5.32,2023,7,15
O100678,2023-07-15,P0030,C00277,S010,1,41.4,0.0,41.4,25.21,16.19,2023,7,15
O109098,2023-07-15,P0088,C01006,S007,2,5.57,0.0,11.14,8.62,2.52,2023,7,15
O103710,2023-07-15,P0054,C00682,S010,5,42.97,0.0,214.85,145.6,69.25,2023,7,15
O105397,2023-07-15,P0031,C00329,S008,4,104.43,0.0,417.72,256.72,161.0,2023,7,15
O102979,2023-07-15,P0068,C00336,S007,1,100.31,0.0,100.31,81.38,18.93,2023,7,15
O105260,2023-07-15,P0087,C00048,S009,2,463.9,0.0,927.8,507.3,420.5,2023,7,15
O102212,2023-07-15,P0032,C00539,S010,3,62.15,0.1,167.8,135.87,31.93,2023,7,15
O108747,2023-07-15,P0016,C00810,S005,1,547.4,0.1,492.66,397.41,95.25,2023,7,15
O102129,2023-07-16,P0039,C00223,S009,1,47.6,0.0,47.6,32.53,15.07,2023,7,16
O111354,2023-07-16,P0062,C00874,S010,1,39.06,0.0,39.06,17.85,21.21,2023,7,16
O100266,2023-07-16,P0095,C00886,S001,1,118.84,0.05,112.9,78.17,34.73,2023,7,16
O107910,2023-07-16,P0047,C00987,S001,3,125.46,0.2,301.1,179.7,121.4,2023,7,16
O109101,2023-07-16,P0090,C00363,S005,1,575.16,0.0,575.16,375.73,199.43,2023,7,16
O109856,2023-07-16,P0099,C00386,S004,2,5.01,0.05,9.52,5.54,3.98,2023,7,16
O107165,2023-07-16,P0025,C00939,S006,1,18.6,0.05,17.67,14.09,3.58,2023,7,16
O106316,2023-07-16,P0032,C00458,S004,4,62.15,0.0,248.6,181.16,67.44,2023,7,16
O105778,2023-07-16,P0035,C00291,S004,4,21.89,0.0,87.56,49.0,38.56,2023,7,16
O109767,2023-07-16,P0046,C00405,S006,1,69.45,0.0,69.45,42.58,26.87,2023,7,16
O102228,2023-07-16,P0039,C00725,S009,1,47.6,0.0,47.6,32.53,15.07,2023,7,16
O100221,2023-07-16,P0031,C00178,S007,10,104.43,0.0,1044.3,641.8,402.5,2023,7,16
O101323,2023-07-16,P0098,C00684,S003,2,37.83,0.0,75.66,58.0,17.66,2023,7,16
O110922,2023-07-16,P0097,C00617,S005,1,8.15,0.1,7.34,5.49,1.85,2023,7,16
O100550,2023-07-16,P0040,C00795,S007,1,25.25,0.0,25.25,16.53,8.72,2023,7,16
O104081,2023-07-16,P0013,C00370,S010,1,45.23,0.0,45.23,24.82,20.41,2023,7,16
O100978,2023-07-16,P0042,C00363,S003,1,9.86,0.05,9.37,6.23,3.14,2023,7,16
O102213,2023-07-17,P0016,C00930,S002,1,547.4,0.0,547.4,397.41,149.99,2023,7,17
O100395,2023-07-17,P0079,C00558,S007,3,120.53,0.0,361.59,279.3,82.29,2023,7,17
O107964,2023-07-17,P0085,C01091,S008,4,34.17,0.05,129.85,110.0,19.85,2023,7,17
O105981,2023-07-17,P0007,C01088,S010,1,99.07,0.0,99.07,74.71,24.36,2023,7,17
O107382,2023-07-17,P0047,C00674,S004,2,125.46,0.1,225.83,119.8,106.03,2023,7,17
O111124,2023-07-17,P0058,C00131,S004,3,123.22,0.1,332.69,178.41,154.28,2023,7,17
O109017,2023-07-17,P0065,C00140,S007,1,776.21,0.0,776.21,385.54,390.67,2023,7,17
O100212,2023-07-17,P0093,C00194,S008,1,13.08,0.0,13.08,9.16,3.92,2023,7,17
O105155,2023-07-17,P0005,C00883,S006,1,15.5,0.0,15.5,12.07,3.43,2023,7,17
O103212,2023-07-17,P0081,C00174,S011,1,143.09,0.1,128.78,110.0,18.78,2023,7,17
O110266,2023-07-17,P0061,C00558,S006,1,86.94,0.1,78.25,46.4,31.85,2023,7,17
O101804,2023-07-17,P0052,C01105,S009,1,97.55,0.0,97.55,61.47,36.08,2023,7,17
O105347,2023-07-17,P0073,C00794,S012,2,36.7,0.0,73.4,36.44,36.96,2023,7,17
O108023,2023-07-17,P0034,C00920,S004,1,84.19,0.0,84.19,69.04,15.15,2023,7,17
O103088,2023-07-17,P0046,C00163,S001,1,69.45,0.0,69.45,42.58,26.87,2023,7,17
O108261,2023-07-17,P0025,C00952,S005,1,18.6,0.0,18.6,14.09,4.51,2023,7,17
O110563,2023-07-17,P0006,C00447,S007,2,74.01,0.0,148.02,86.16,61.86,2023,7,17
O103246,2023-07-17,P0035,C01197,S008,1,21.89,0.1,19.7,12.25,7.45,2023,7,17
O101124,2023-07-17,P0005,C01186,S009,1,15.5,0.0,15.5,12.07,3.43,2023,7,17
O111387,2023-07-17,P0075,C00126,S002,1,10.1,0.0,10.1,7.49,2.61,2023,7,17
O100403,2023-07-18,P0025,C00477,S003,1,18.6,0.15,15.81,14.09,1.72,2023,7,18
O103145,2023-07-18,P0039,C00471,S012,1,47.6,0.0,47.6,32.53,15.07,2023,7,18
O109544,2023-07-18,P0002,C00261,S003,1,130.95,0.0,130.95,100.06,30.89,2023,7,18
O100248,2023-07-18,P0036,C00901,S002,2,15.34,0.0,30.68,16.58,14.1,2023,7,18
O103690,2023-07-18,P0057,C00349,S001,1,157.4,0.1,141.66,131.61,10.05,2023,7,18
O106900,2023-07-18,P0056,C00859,S011,1,20.73,0.0,20.73,16.75,3.98,2023,7,18
O111866,2023-07-18,P0096,C01023,S001,1,63.84,0.1,57.46,35.05,22.41,2023,7,18
O110446,2023-07-18,P0054,C00598,S009,4,42.97,0.1,154.69,116.48,38.21,2023,7,18
O104967,2023-07-18,P0028,C00865,S003,1,453.33,0.0,453.33,253.96,199.37,2023,7,18
O109610,2023-07-18,P0041,C00312,S012,1,246.7,0.0,246.7,134.73,111.97,2023,7,18
O111559,2023-07-18,P0063,C01004,S004,1,112.94,0.05,107.29,90.69,16.6,2023,7,18
O110967,2023-07-18,P0034,C00129,S003,1,84.19,0.15,71.56,69.04,2.52,2023,7,18
O104231,2023-07-18,P0008,C01036,S001,1,22.28,0.05,21.17,11.14,10.03,2023,7,18
O111175,2023-07-18,P0062,C01151,S009,3,39.06,0.1,105.46,53.55,51.91,2023,7,18
O103547,2023-07-18,P0048,C01177,S002,3,113.33,0.0,339.99,247.65,92.34,2023,7,18
O110073,2023-07-18,P0020,C00228,S012,1,30.45,0.0,30.45,20.59,9.86,2023,7,18
O105327,2023-07-18,P0086,C00426,S001,1,310.61,0.0,310.61,159.69,150.92,2023,7,18
O110861,2023-07-18,P0026,C00859,S008,3,325.3,0.0,975.9,544.14,431.76,2023,7,18
O101217,2023-07-18,P0094,C00852,S008,1,21.21,0.15,18.03,12.17,5.86,2023,7,18
O106296,2023-07-18,P0061,C00032,S011,2,86.94,0.1,156.49,92.8,63.69,2023,7,18
O105269,2023-07-19,P0021,C00015,S008,2,25.8,0.0,51.6,25.14,26.46,2023,7,19
O107632,2023-07-19,P0003,C00903,S002,1,44.76,0.0,44.76,33.14,11.62,2023,7,19
O107748,2023-07-19,P0022,C00297,S007,2,42.03,0.0,84.06,60.28,23.78,2023,7,19
O108230,2023-07-19,P0061,C00360,S002,2,86.94,0.0,173.88,92.8,81.08,2023,7,19
O100504,2023-07-19,P0087,C00501,S007,1,463.9,0.1,417.51,253.65,163.86,2023,7,19
O104718,2023-07-19,P0091,C00405,S001,2,35.24,0.05,66.96,37.34,29.62,2023,7,19
O111257,2023-07-19,P0035,C00773,S003,3,21.89,0.05,62.39,36.75,25.64,2023,7,19
O101587,2023-07-19,P0030,C00895,S005,1,41.4,0.0,41.4,25.21,16.19,2023,7,19
O104541,2023-07-19,P0027,C00898,S011,2,55.97,0.0,111.94,59.14,52.8,2023,7,19
O111463,2023-07-19,P0047,C00371,S003,4,125.46,0.0,501.84,239.6,262.24,2023,7,19
O108292,2023-07-19,P0036,C00348,S002,1,15.34,0.0,15.34,8.29,7.05,2023,7,19
O101429,2023-07-19,P0003,C00742,S006,1,44.76,0.0,44.76,33.14,11.62,2023,7,19
O100304,2023-07-19,P0085,C01102,S006,2,34.17,0.0,68.34,55.0,13.34,2023,7,19
O111080,2023-07-19,P0098,C00062,S011,2,37.83,0.0,75.66,58.0,17.66,2023,7,19
O107276,2023-07-19,P0034,C00979,S003,2,84.19,0.05,159.96,138.08,21.88,2023,7,19
O102673,2023-07-19,P0065,C01106,S006,10,776.21,0.1,6985.89,3855.4,3130.49,2023,7,19
O111808,2023-07-19,P0044,C00493,S003,2,136.64,0.15,232.29,231.36,0.93,2023,7,19
O106244,2023-07-19,P0089,C00932,S001,1,39.28,0.1,35.35,18.15,17.2,2023,7,19
O106829,2023-07-19,P0034,C00840,S005,4,84.19,0.1,303.08,276.16,26.92,2023,7,19
O102715,2023-07-19,P0022,C00246,S001,4,42.03,0.0,168.12,120.56,47.56,2023,7,19
O109607,2023-07-19,P0019,C00522,S002,1,138.62,0.0,138.62,68.15,70.47,2023,7,19
O100901,2023-07-19,P0045,C01117,S004,3,131.19,0.0,393.57,320.64,72.93,2023,7,19
O110643,2023-07-20,P0075,C00059,S006,1,10.1,0.05,9.59,7.49,2.1,2023,7,20
O106719,2023-07-20,P0099,C00930,S004,1,5.01,0.15,4.26,2.77,1.49,2023,7,20
O105265,2023-07-20,P0081,C00638,S012,3,143.09,0.0,429.27,330.0,99.27,2023,7,20
O104070,2023-07-20,P0035,C00997,S001,1,21.89,0.1,19.7,12.25,7.45,2023,7,20
O108471,2023-07-20,P0019,C00867,S002,2,138.62,0.0,277.24,136.3,140.94,2023,7,20
O103050,2023-07-20,P0003,C00971,S003,3,44.76,0.0,134.28,99.42,34.86,2023,7,20
O110569,2023-07-20,P0094,C00585,S011,2,21.21,0.0,42.42,24.34,18.08,2023,7,20
O101193,2023-07-20,P0044,C00845,S001,5,136.64,0.2,546.56,578.4,-31.84,2023,7,20
O109351,2023-07-20,P0043,C00826,S011,1,11.09,0.05,10.54,5.81,4.73,2023,7,20
O100521,2023-07-20,P0077,C00065,S012,1,130.07,0.0,130.07,107.65,22.42,2023,7,20
O109396,2023-07-20,P0033,C00854,S001,1,47.81,0.05,45.42,31.21,14.21,2023,7,20
O111792,2023-07-20,P0065,C01139,S012,5,776.21,0.0,3881.05,1927.7,1953.35,2023,7,20
O111713,2023-07-20,P0045,C00460,S008,1,131.19,0.0,131.19,106.88,24.31,2023,7,20
O111411,2023-07-20,P0083,C00456,S002,3,85.03,0.0,255.09,134.37,120.72,2023,7,20
O101610,2023-07-20,P0062,C00550,S005,1,39.06,0.05,37.11,17.85,19.26,2023,7,20
O104781,2023-07-20,P0083,C00236,S012,1,85.03,0.05,80.78,44.79,35.99,2023,7,20
O100450,2023-07-20,P0029,C00877,S007,1,93.75,0.05,89.06,68.76,20.3,2023,7,20
O110467,2023-07-20,P0096,C00908,S001,1,63.84,0.0,63.84,35.05,28.79,2023,7,20
O111745,2023-07-20,P0072,C01008,S008,1,149.26,0.05,141.8,69.51,72.29,2023,7,20
O100238,2023-07-20,P0060,C01114,S012,1,80.71,0.0,80.71,51.25,29.46,2023,7,20
O104206,2023-07-20,P0035,C01186,S003,4,21.89,0.1,78.8,49.0,29.8,2023,7,20
O100671,2023-07-21,P0055,C00048,S010,1,24.74,0.15,21.03,17.48,3.55,2023,7,21
O108937,2023-07-21,P0082,C00230,S003,1,28.43,0.0,28.43,21.73,6.7,2023,7,21
O109595,2023-07-21,P0024,C01120,S002,1,722.65,0.0,722.65,423.58,299.07,2023,7,21
O103770,2023-07-21,P0093,C00636,S009,1,13.08,0.0,13.08,9.16,3.92,2023,7,21
O106159,2023-07-21,P0073,C00187,S002,4,36.7,0.0,146.8,72.88,73.92,2023,7,21
O106223,2023-07-21,P0015,C00196,S008,1,36.03,0.0,36.03,18.61,17.42,2023,7,21
O107894,2023-07-21,P0033,C00979,S007,1,47.81,0.0,47.81,31.21,16.6,2023,7,21
O109925,2023-07-21,P0042,C00452,S008,10,9.86,0.1,88.74,62.3,26.44,2023,7,21
O100314,2023-07-21,P0044,C00223,S005,1,136.64,0.0,136.64,115.68,20.96,2023,7,21
O103338,2023-07-21,P0013,C00771,S012,1,45.23,0.0,45.23,24.82,20.41,2023,7,21
O104593,2023-07-22,P0069,C00094,S012,1,85.27,0.1,76.74,65.86,10.88,2023,7,22
O103249,2023-07-22,P0100,C00689,S002,4,142.46,0.05,541.35,364.56,176.79,2023,7,22
O105078,2023-07-22,P0041,C01126,S009,1,246.7,0.05,234.36,134.73,99.63,2023,7,22
O108327,2023-07-22,P0075,C00409,S004,1,10.1,0.0,10.1,7.49,2.61,2023,7,22
O100511,2023-07-22,P0017,C01024,S007,4,25.27,0.1,90.97,71.08,19.89,2023,7,22
O106759,2023-07-22,P0027,C01015,S012,1,55.97,0.0,55.97,29.57,26.4,2023,7,22
O101142,2023-07-22,P0061,C00917,S006,3,86.94,0.2,208.66,139.2,69.46,2023,7,22
O110995,2023-07-22,P0072,C00106,S004,1,149.26,0.1,134.33,69.51,64.82,2023,7,22
O102013,2023-07-22,P0094,C00106,S006,4,21.21,0.0,84.84,48.68,36.16,2023,7,22
O108042,2023-07-22,P0075,C00116,S002,1,10.1,0.0,10.1,7.49,2.61,2023,7,22
O108154,2023-07-22,P0088,C01074,S005,1,5.57,0.05,5.29,4.31,0.98,2023,7,22
O105694,2023-07-22,P0051,C01167,S001,2,32.14,0.0,64.28,32.04,32.24,2023,7,22
O108025,2023-07-22,P0077,C00285,S002,2,130.07,0.05,247.13,215.3,31.83,2023,7,22
O101311,2023-07-22,P0022,C01037,S005,1,42.03,0.1,37.83,30.14,7.69,2023,7,22
O110571,2023-07-22,P0065,C00742,S008,1,776.21,0.0,776.21,385.54,390.67,2023,7,22
O107431,2023-07-22,P0060,C01193,S004,3,80.71,0.05,230.02,153.75,76.27,2023,7,22
O106229,2023-07-22,P0067,C00965,S012,1,5.57,0.0,5.57,3.25,2.32,2023,7,22
O107795,2023-07-22,P0060,C01178,S009,1,80.71,0.1,72.64,51.25,21.39,2023,7,22
O103337,2023-07-22,P0091,C01095,S009,1,35.24,0.05,33.48,18.67,14.81,2023,7,22
O110102,2023-07-23,P0086,C00150,S012,1,310.61,0.0,310.61,159.69,150.92,2023,7,23
O102939,2023-07-23,P0001,C00083,S004,1,132.87,0.05,126.23,107.4,18.83,2023,7,23
O102110,2023-07-23,P0036,C01002,S009,1,15.34,0.0,15.34,8.29,7.05,2023,7,23
O109491,2023-07-23,P0051,C01069,S005,1,32.14,0.0,32.14,16.02,16.12,2023,7,23
O105532,2023-07-23,P0081,C00115,S008,1,143.09,0.0,143.09,110.0,33.09,2023,7,23
O105357,2023-07-23,P0094,C00281,S004,1,21.21,0.0,21.21,12.17,9.04,2023,7,23
O107114,2023-07-23,P0097,C00339,S003,3,8.15,0.0,24.45,16.47,7.98,2023,7,23
O104790,2023-07-23,P0066,C01106,S010,1,105.53,0.0,105.53,58.77,46.76,2023,7,23
O102922,2023-07-23,P0045,C00597,S004,2,131.19,0.05,249.26,213.76,35.5,2023,7,23
O111464,2023-07-23,P0099,C00859,S004,1,5.01,0.0,5.01,2.77,2.24,2023,7,23
O108869,2023-07-23,P0057,C00809,S011,1,157.4,0.0,157.4,131.61,25.79,2023,7,23
O104915,2023-07-23,P0013,C01139,S003,1,45.23,0.0,45.23,24.82,20.41,2023,7,23
O111881,2023-07-23,P0001,C00829,S001,2,132.87,0.0,265.74,214.8,50.94,2023,7,23
O106834,2023-07-23,P0056,C00869,S008,3,20.73,0.0,62.19,50.25,11.94,2023,7,23
O102058,2023-07-23,P0053,C00569,S003,2,51.37,0.2,82.19,64.54,17.65,2023,7,23
O106577,2023-07-23,P0017,C00185,S008,1,25.27,0.0,25.27,17.77,7.5,2023,7,23
O106446,2023-07-23,P0005,C00025,S011,1,15.5,0.05,14.72,12.07,2.65,2023,7,23
O109171,2023-07-23,P0092,C00068,S006,1,41.48,0.0,41.48,25.41,16.07,2023,7,23
O100778,2023-07-23,P0001,C00849,S009,1,132.87,0.05,126.23,107.4,18.83,2023,7,23
O110989,2023-07-23,P0044,C00556,S009,1,136.64,0.0,136.64,115.68,20.96,2023,7,23
O100510,2023-07-23,P0067,C00486,S001,1,5.57,0.0,5.57,3.25,2.32,2023,7,23
O102046,2023-07-23,P0056,C00218,S008,1,20.73,0.0,20.73,16.75,3.98,2023,7,23
O103798,2023-07-24,P0037,C00865,S007,2,61.48,0.05,116.81,96.2,20.61,2023,7,24
O106416,2023-07-24,P0027,C00857,S006,1,55.97,0.1,50.37,29.57,20.8,2023,7,24
O106370,2023-07-24,P0037,C00934,S008,1,61.48,0.1,55.33,48.1,7.23,2023,7,24
O108007,2023-07-24,P0072,C00070,S007,1,149.26,0.0,149.26,69.51,79.75,2023,7,24
O103803,2023-07-24,P0013,C00413,S001,1,45.23,0.0,45.23,24.82,20.41,2023,7,24
O107770,2023-07-24,P0022,C00122,S005,1,42.03,0.0,42.03,30.14,11.89,2023,7,24
O105989,2023-07-24,P0045,C00776,S003,1,131.19,0.05,124.63,106.88,17.75,2023,7,24
O105413,2023-07-24,P0069,C01044,S006,1,85.27,0.0,85.27,65.86,19.41,2023,7,24
O107943,2023-07-24,P0068,C00061,S006,2,100.31,0.05,190.59,162.76,27.83,2023,7,24
O110455,2023-07-24,P0094,C01110,S002,1,21.21,0.15,18.03,12.17,5.86,2023,7,24
O108284,2023-07-24,P0067,C00703,S007,1,5.57,0.0,5.57,3.25,2.32,2023,7,24
O105135,2023-07-24,P0086,C00368,S012,5,310.61,0.0,1553.05,798.45,754.6,2023,7,24
O103271,2023-07-24,P0068,C00863,S007,1,100.31,0.15,85.26,81.38,3.88,2023,7,24
O103234,2023-07-24,P0048,C00927,S002,5,113.33,0.05,538.32,412.75,125.57,2023,7,24
O102134,2023-07-24,P0051,C00527,S012,2,32.14,0.0,64.28,32.04,32.24,2023,7,24
O104069,2023-07-24,P0007,C00394,S010,10,99.07,0.05,941.16,747.1,194.06,2023,7,24
O108493,2023-07-24,P0031,C00578,S006,1,104.43,0.0,104.43,64.18,40.25,2023,7,24
O108438,2023-07-24,P0094,C01074,S001,5,21.21,0.0,106.05,60.85,45.2,2023,7,24
O100971,2023-07-24,P0022,C00732,S002,1,42.03,0.1,37.83,30.14,7.69,2023,7,24
O102861,2023-07-24,P0081,C00123,S006,1,143.09,0.0,143.09,110.0,33.09,2023,7,24
O103940,2023-07-25,P0091,C01117,S009,1,35.24,0.1,31.72,18.67,13.05,2023,7,25
O100451,2023-07-25,P0037,C00204,S012,2,61.48,0.0,122.96,96.2,26.76,2023,7,25
O110000,2023-07-25,P0085,C01118,S002,1,34.17,0.05,32.46,27.5,4.96,2023,7,25
O101320,2023-07-25,P0066,C00322,S004,3,105.53,0.0,316.59,176.31,140.28,2023,7,25
O107426,2023-07-25,P0048,C00547,S009,2,113.33,0.0,226.66,165.1,61.56,2023,7,25
O107620,2023-07-25,P0047,C00113,S009,2,125.46,0.0,250.92,119.8,131.12,2023,7,25
O103896,2023-07-25,P0074,C01154,S003,1,106.15,0.1,95.54,69.24,26.3,2023,7,25
O105550,2023-07-25,P0034,C01009,S009,3,84.19,0.05,239.94,207.12,32.82,2023,7,25
O104165,2023-07-25,P0098,C01053,S010,1,37.83,0.05,35.94,29.0,6.94,2023,7,25
O110385,2023-07-25,P0017,C00461,S009,1,25.27,0.0,25.27,17.77,7.5,2023,7,25
O106532,2023-07-25,P0090,C00537,S008,2,575.16,0.15,977.77,751.46,226.31,2023,7,25
O107582,2023-07-25,P0086,C01178,S009,1,310.61,0.0,310.61,159.69,150.92,2023,7,25
O107312,2023-07-25,P0059,C00549,S006,1,10.64,0.0,10.64,7.7,2.94,2023,7,25
O100669,2023-07-25,P0061,C00537,S012,1,86.94,0.0,86.94,46.4,40.54,2023,7,25
O106556,2023-07-26,P0040,C00672,S011,1,25.25,0.05,23.99,16.53,7.46,2023,7,26
O107578,2023-07-26,P0096,C00811,S005,1,63.84,0.05,60.65,35.05,25.6,2023,7,26
O111383,2023-07-26,P0006,C00475,S005,3,74.01,0.0,222.03,129.24,92.79,2023,7,26
O110340,2023-07-26,P0049,C01193,S006,1,366.28,0.0,366.28,172.71,193.57,2023,7,26
O102223,2023-07-26,P0007,C00038,S007,1,99.07,0.1,89.16,74.71,14.45,2023,7,26
O100823,2023-07-26,P0034,C00704,S010,1,84.19,0.0,84.19,69.04,15.15,2023,7,26
O108467,2023-07-26,P0005,C00298,S006,2,15.5,0.0,31.0,24.14,6.86,2023,7,26
O101153,2023-07-26,P0006,C00521,S006,1,74.01,0.0,74.01,43.08,30.93,2023,7,26
O100453,2023-07-26,P0059,C00970,S003,1,10.64,0.1,9.58,7.7,1.88,2023,7,26
O100967,2023-07-26,P0053,C00193,S006,1,51.37,0.0,51.37,32.27,19.1,2023,7,26
O109911,2023-07-26,P0093,C01019,S007,4,13.08,0.0,52.32,36.64,15.68,2023,7,26
O101081,2023-07-26,P0056,C01180,S011,1,20.73,0.1,18.66,16.75,1.91,2023,7,26
O102694,2023-07-26,P0013,C00242,S002,1,45.23,0.05,42.97,24.82,18.15,2023,7,26
O104077,2023-07-26,P0084,C00462,S006,2,17.53,0.1,31.55,28.22,3.33,2023,7,26
O103498,2023-07-27,P0083,C00808,S010,3,85.03,0.05,242.34,134.37,107.97,2023,7,27
O107820,2023-07-27,P0059,C00030,S002,1,10.64,0.15,9.04,7.7,1.34,2023,7,27
O109895,2023-07-27,P0065,C00085,S004,2,776.21,0.0,1552.42,771.08,781.34,2023,7,27
O107086,2023-07-27,P0035,C00314,S004,2,21.89,0.0,43.78,24.5,19.28,2023,7,27
O108612,2023-07-27,P0057,C00312,S004,2,157.4,0.15,267.58,263.22,4.36,2023,7,27
O100070,2023-07-27,P0021,C00584,S002,2,25.8,0.0,51.6,25.14,26.46,2023,7,27
O100609,2023-07-27,P0050,C00335,S007,2,9.87,0.0,19.74,9.48,10.26,2023,7,27
O106863,2023-07-27,P0050,C01107,S011,1,9.87,0.1,8.88,4.74,4.14,2023,7,27
O111901,2023-07-27,P0024,C00359,S004,1,722.65,0.0,722.65,423.58,299.07,2023,7,27
O111465,2023-07-27,P0011,C00963,S001,2,713.82,0.0,1427.64,903.66,523.98,2023,7,27
O102420,2023-07-27,P0062,C00729,S012,2,39.06,0.0,78.12,35.7,42.42,2023,7,27
O104977,2023-07-27,P0041,C00475,S009,2,246.7,0.0,493.4,269.46,223.94,2023,7,27
O106357,2023-07-27,P0062,C00188,S001,2,39.06,0.0,78.12,35.7,42.42,2023,7,27
O105169,2023-07-27,P0005,C00153,S012,2,15.5,0.0,31.0,24.14,6.86,2023,7,27
O100818,2023-07-27,P0008,C00007,S011,1,22.28,0.0,22.28,11.14,11.14,2023,7,27
O111473,2023-07-27,P0015,C00394,S007,1,36.03,0.0,36.03,18.61,17.42,2023,7,27
O108954,2023-07-27,P0096,C01193,S003,1,63.84,0.0,63.84,35.05,28.79,2023,7,27
O106168,2023-07-27,P0010,C00959,S005,1,14.81,0.2,11.85,12.15,-0.3,2023,7,27
O104300,2023-07-28,P0001,C00217,S011,2,132.87,0.1,239.17,214.8,24.37,2023,7,28
O107493,2023-07-28,P0098,C00419,S001,1,37.83,0.2,30.26,29.0,1.26,2023,7,28
O109230,2023-07-28,P0056,C00213,S004,1,20.73,0.2,16.58,16.75,-0.17,2023,7,28
O105557,2023-07-28,P0060,C00984,S009,5,80.71,0.0,403.55,256.25,147.3,2023,7,28
O110365,2023-07-28,P0025,C00789,S002,1,18.6,0.1,16.74,14.09,2.65,2023,7,28
O101797,2023-07-28,P0044,C00825,S011,2,136.64,0.0,273.28,231.36,41.92,2023,7,28
O104088,2023-07-28,P0060,C00844,S002,1,80.71,0.0,80.71,51.25,29.46,2023,7,28
O102557,2023-07-28,P0085,C00484,S011,3,34.17,0.0,102.51,82.5,20.01,2023,7,28
O111127,2023-07-28,P0094,C00637,S010,3,21.21,0.0,63.63,36.51,27.12,2023,7,28
O102354,2023-07-28,P0062,C00498,S009,3,39.06,0.0,117.18,53.55,63.63,2023,7,28
O104473,2023-07-28,P0084,C01070,S007,1,17.53,0.0,17.53,14.11,3.42,2023,7,28
O103589,2023-07-28,P0020,C00410,S009,1,30.45,0.0,30.45,20.59,9.86,2023,7,28
O106664,2023-07-28,P0059,C01071,S002,1,10.64,0.0,10.64,7.7,2.94,2023,7,28
O103118,2023-07-28,P0025,C00529,S002,1,18.6,0.0,18.6,14.09,4.51,2023,7,28
O100109,2023-07-28,P0074,C01102,S006,1,106.15,0.05,100.84,69.24,31.6,2023,7,28
O110021,2023-07-28,P0019,C00529,S008,1,138.62,0.05,131.69,68.15,63.54,2023,7,28
O104723,2023-07-28,P0050,C00271,S011,1,9.87,0.1,8.88,4.74,4.14,2023,7,28
O108303,2023-07-29,P0027,C00199,S002,1,55.97,0.1,50.37,29.57,20.8,2023,7,29
O110583,2023-07-29,P0058,C00694,S005,2,123.22,0.0,246.44,118.94,127.5,2023,7,29
O109200,2023-07-29,P0044,C00617,S012,3,136.64,0.1,368.93,347.04,21.89,2023,7,29
O110490,2023-07-29,P0085,C00418,S008,3,34.17,0.2,82.01,82.5,-0.49,2023,7,29
O101128,2023-07-29,P0030,C00994,S002,1,41.4,0.1,37.26,25.21,12.05,2023,7,29
O111482,2023-07-29,P0037,C00973,S005,10,61.48,0.1,553.32,481.0,72.32,2023,7,29
O101134,2023-07-29,P0100,C00976,S011,1,142.46,0.0,142.46,91.14,51.32,2023,7,29
O109515,2023-07-29,P0100,C00698,S008,1,142.46,0.0,142.46,91.14,51.32,2023,7,29
O101084,2023-07-29,P0083,C00817,S001,4,85.03,0.0,340.12,179.16,160.96,2023,7,29
O108486,2023-07-29,P0100,C00342,S001,4,142.46,0.1,512.86,364.56,148.3,2023,7,29
O109125,2023-07-29,P0048,C00604,S005,1,113.33,0.0,113.33,82.55,30.78,2023,7,29
O107529,2023-07-29,P0093,C00881,S010,1,13.08,0.1,11.77,9.16,2.61,2023,7,29
O104169,2023-07-29,P0018,C00334,S012,2,34.43,0.0,68.86,52.98,15.88,2023,7,29
O103906,2023-07-29,P0049,C00845,S005,1,366.28,0.1,329.65,172.71,156.94,2023,7,29
O110963,2023-07-29,P0016,C00036,S007,10,547.4,0.0,5474.0,3974.1,1499.9,2023,7,29
O108567,2023-07-29,P0003,C00944,S007,3,44.76,0.15,114.14,99.42,14.72,2023,7,29
O111533,2023-07-29,P0024,C00578,S009,1,722.65,0.0,722.65,423.58,299.07,2023,7,29
O105110,2023-07-29,P0008,C00231,S011,1,22.28,0.15,18.94,11.14,7.8,2023,7,29
O100753,2023-07-29,P0012,C01040,S001,1,88.36,0.1,79.52,62.9,16.62,2023,7,29
O103879,2023-07-29,P0036,C00454,S002,2,15.34,0.05,29.15,16.58,12.57,2023,7,29
O100014,2023-07-30,P0069,C00163,S006,1,85.27,0.0,85.27,65.86,19.41,2023,7,30
O108492,2023-07-30,P0035,C00920,S007,1,21.89,0.0,21.89,12.25,9.64,2023,7,30
O100490,2023-07-30,P0049,C00628,S003,1,366.28,0.05,347.97,172.71,175.26,2023,7,30
O109134,2023-07-30,P0062,C00483,S006,1,39.06,0.0,39.06,17.85,21.21,2023,7,30
O103587,2023-07-30,P0053,C01035,S008,3,51.37,0.0,154.11,96.81,57.3,2023,7,30
O107742,2023-07-30,P0009,C01005,S003,2,8.02,0.0,16.04,12.18,3.86,2023,7,30
O106578,2023-07-30,P0036,C00197,S008,2,15.34,0.05,29.15,16.58,12.57,2023,7,30
O108689,2023-07-30,P0013,C00189,S004,1,45.23,0.0,45.23,24.82,20.41,2023,7,30
O103463,2023-07-30,P0081,C00708,S003,2,143.09,0.0,286.18,220.0,66.18,2023,7,30
O104337,2023-07-30,P0094,C00164,S011,2,21.21,0.1,38.18,24.34,13.84,2023,7,30
O101105,2023-07-30,P0032,C00926,S009,3,62.15,0.1,167.8,135.87,31.93,2023,7,30
O100807,2023-07-30,P0064,C00609,S010,2,12.06,0.0,24.12,10.96,13.16,2023,7,30
O109291,2023-07-30,P0064,C00862,S002,2,12.06,0.05,22.91,10.96,11.95,2023,7,30
O107502,2023-07-30,P0009,C00855,S010,1,8.02,0.15,6.82,6.09,0.73,2023,7,30
O110695,2023-07-30,P0031,C00627,S010,1,104.43,0.0,104.43,64.18,40.25,2023,7,30
O109277,2023-07-30,P0087,C01060,S008,1,463.9,0.0,463.9,253.65,210.25,2023,7,30
O100782,2023-07-30,P0039,C00473,S005,1,47.6,0.1,42.84,32.53,10.31,2023,7,30
O103258,2023-07-30,P0089,C00333,S002,2,39.28,0.0,78.56,36.3,42.26,2023,7,30
O104272,2023-07-30,P0008,C00901,S003,1,22.28,0.05,21.17,11.14,10.03,2023,7,30
O106912,2023-07-30,P0012,C00105,S010,2,88.36,0.2,141.38,125.8,15.58,2023,7,30
O110324,2023-07-31,P0100,C00252,S004,1,142.46,0.05,135.34,91.14,44.2,2023,7,31
O106539,2023-07-31,P0077,C00317,S006,2,130.07,0.0,260.14,215.3,44.84,2023,7,31
O100805,2023-07-31,P0003,C00421,S010,2,44.76,0.1,80.57,66.28,14.29,2023,7,31
O102272,2023-07-31,P0035,C01009,S007,1,21.89,0.1,19.7,12.25,7.45,2023,7,31
O109476,2023-07-31,P0012,C00265,S009,1,88.36,0.0,88.36,62.9,25.46,2023,7,31
O104709,2023-07-31,P0010,C00736,S003,1,14.81,0.0,14.81,12.15,2.66,2023,7,31
O106152,2023-07-31,P0042,C00510,S006,1,9.86,0.1,8.87,6.23,2.64,2023,7,31
O107495,2023-07-31,P0074,C00726,S008,1,106.15,0.05,100.84,69.24,31.6,2023,7,31
O101725,2023-07-31,P0028,C00846,S012,10,453.33,0.0,4533.3,2539.6,1993.7,2023,7,31
O104891,2023-07-31,P0010,C00119,S011,1,14.81,0.0,14.81,12.15,2.66,2023,7,31
O103688,2023-07-31,P0031,C00404,S006,4,104.43,0.0,417.72,256.72,161.0,2023,7,31
O110343,2023-07-31,P0097,C00407,S003,1,8.15,0.05,7.74,5.49,2.25,2023,7,31
O105995,2023-07-31,P0076,C00230,S012,1,301.81,0.05,286.72,247.89,38.83,2023,7,31
O108517,2023-07-31,P0050,C00003,S010,1,9.87,0.0,9.87,4.74,5.13,2023,7,31
O107783,2023-07-31,P0028,C00075,S007,2,453.33,0.1,815.99,507.92,308.07,2023,7,31
O102349,2023-07-31,P0088,C01079,S008,1,5.57,0.0,5.57,4.31,1.26,2023,7,31
O106210,2023-08-01,P0025,C00113,S007,1,18.6,0.05,17.67,14.09,3.58,2023,8,1
O100607,2023-08-01,P0071,C00476,S008,1,9.68,0.0,9.68,7.38,2.3,2023,8,1
O105808,2023-08-01,P0082,C01062,S007,1,28.43,0.0,28.43,21.73,6.7,2023,8,1
O103173,2023-08-01,P0100,C00003,S002,1,142.46,0.0,142.46,91.14,51.32,2023,8,1
O109302,2023-08-01,P0010,C01005,S008,1,14.81,0.0,14.81,12.15,2.66,2023,8,1
O108753,2023-08-01,P0068,C00259,S010,4,100.31,0.1,361.12,325.52,35.6,2023,8,1
O105445,2023-08-01,P0051,C00839,S007,1,32.14,0.0,32.14,16.02,16.12,2023,8,1
O105867,2023-08-01,P0022,C01074,S011,4,42.03,0.0,168.12,120.56,47.56,2023,8,1
O100997,2023-08-01,P0027,C00483,S005,1,55.97,0.0,55.97,29.57,26.4,2023,8,1
O104104,2023-08-01,P0091,C00457,S003,2,35.24,0.0,70.48,37.34,33.14,2023,8,1
O100888,2023-08-01,P0007,C00400,S001,1,99.07,0.0,99.07,74.71,24.36,2023,8,1
O108397,2023-08-01,P0046,C00552,S008,4,69.45,0.0,277.8,170.32,107.48,2023,8,1
O110824,2023-08-01,P0015,C01105,S009,2,36.03,0.0,72.06,37.22,34.84,2023,8,1
O101710,2023-08-01,P0045,C00884,S006,1,131.19,0.05,124.63,106.88,17.75,2023,8,1
O105024,2023-08-01,P0073,C00175,S007,1,36.7,0.2,29.36,18.22,11.14,2023,8,1
O110965,2023-08-02,P0022,C00871,S004,1,42.03,0.1,37.83,30.14,7.69,2023,8,2
O106571,2023-08-02,P0009,C00491,S007,10,8.02,0.05,76.19,60.9,15.29,2023,8,2
O106358,2023-08-02,P0081,C00296,S003,1,143.09,0.0,143.09,110.0,33.09,2023,8,2
O102767,2023-08-02,P0092,C00966,S011,1,41.48,0.05,39.41,25.41,14.0,2023,8,2
O108772,2023-08-02,P0016,C01119,S001,1,547.4,0.0,547.4,397.41,149.99,2023,8,2
O108441,2023-08-02,P0072,C01005,S004,1,149.26,0.0,149.26,69.51,79.75,2023,8,2
O107726,2023-08-02,P0035,C01036,S007,2,21.89,0.0,43.78,24.5,19.28,2023,8,2
O106555,2023-08-02,P0077,C00151,S002,2,130.07,0.05,247.13,215.3,31.83,2023,8,2
O111022,2023-08-02,P0054,C00352,S002,2,42.97,0.0,85.94,58.24,27.7,2023,8,2
O104801,2023-08-02,P0057,C00096,S006,1,157.4,0.0,157.4,131.61,25.79,2023,8,2
O103479,2023-08-02,P0005,C00881,S003,1,15.5,0.1,13.95,12.07,1.88,2023,8,2
O106883,2023-08-02,P0010,C01176,S010,1,14.81,0.0,14.81,12.15,2.66,2023,8,2
O102978,2023-08-03,P0014,C00264,S005,1,13.14,0.0,13.14,6.13,7.01,2023,8,3
O107059,2023-08-03,P0064,C00509,S011,1,12.06,0.1,10.85,5.48,5.37,2023,8,3
O106645,2023-08-03,P0067,C00810,S001,2,5.57,0.0,11.14,6.5,4.64,2023,8,3
O106589,2023-08-03,P0079,C00743,S012,5,120.53,0.0,602.65,465.5,137.15,2023,8,3
O110515,2023-08-03,P0032,C00039,S007,1,62.15,0.15,52.83,45.29,7.54,2023,8,3
O109849,2023-08-03,P0073,C00361,S004,10,36.7,0.0,367.0,182.2,184.8,2023,8,3
O110570,2023-08-03,P0080,C00857,S010,1,20.59,0.0,20.59,13.94,6.65,2023,8,3
O100576,2023-08-03,P0012,C00109,S001,1,88.36,0.15,75.11,62.9,12.21,2023,8,3
O108217,2023-08-03,P0018,C01191,S004,1,34.43,0.0,34.43,26.49,7.94,2023,8,3
O100236,2023-08-03,P0022,C00596,S010,2,42.03,0.0,84.06,60.28,23.78,2023,8,3
O101288,2023-08-03,P0094,C00813,S006,2,21.21,0.0,42.42,24.34,18.08,2023,8,3
O100700,2023-08-03,P0089,C00924,S004,1,39.28,0.0,39.28,18.15,21.13,2023,8,3
O108743,2023-08-03,P0094,C00233,S003,1,21.21,0.05,20.15,12.17,7.98,2023,8,3
O105193,2023-08-03,P0069,C00264,S010,3,85.27,0.0,255.81,197.58,58.23,2023,8,3
O105052,2023-08-03,P0089,C00318,S010,1,39.28,0.1,35.35,18.15,17.2,2023,8,3
O101608,2023-08-03,P0037,C00176,S004,5,61.48,0.2,245.92,240.5,5.42,2023,8,3
O101760,2023-08-03,P0095,C00333,S010,1,118.84,0.2,95.07,78.17,16.9,2023,8,3
O100715,2023-08-03,P0009,C00372,S009,3,8.02,0.0,24.06,18.27,5.79,2023,8,3
O104912,2023-08-04,P0005,C01030,S004,4,15.5,0.1,55.8,48.28,7.52,2023,8,4
O100533,2023-08-04,P0091,C00445,S009,3,35.24,0.1,95.15,56.01,39.14,2023,8,4
O107609,2023-08-04,P0046,C00345,S011,1,69.45,0.05,65.98,42.58,23.4,2023,8,4
O101562,2023-08-04,P0012,C00902,S005,4,88.36,0.05,335.77,251.6,84.17,2023,8,4
O104682,2023-08-04,P0087,C00376,S011,2,463.9,0.0,927.8,507.3,420.5,2023,8,4
O102200,2023-08-04,P0043,C00475,S006,1,11.09,0.0,11.09,5.81,5.28,2023,8,4
O102574,2023-08-04,P0067,C00594,S005,1,5.57,0.2,4.46,3.25,1.21,2023,8,4
O105438,2023-08-04,P0017,C00931,S005,1,25.27,0.0,25.27,17.77,7.5,2023,8,4
O110317,2023-08-04,P0083,C00512,S006,1,85.03,0.05,80.78,44.79,35.99,2023,8,4
O100154,2023-08-04,P0017,C00030,S003,5,25.27,0.05,120.03,88.85,31.18,2023,8,4
O111163,2023-08-04,P0062,C00521,S003,1,39.06,0.05,37.11,17.85,19.26,2023,8,4
O108016,2023-08-04,P0098,C00775,S004,1,37.83,0.05,35.94,29.0,6.94,2023,8,4
O102309,2023-08-04,P0058,C00339,S002,2,123.22,0.1,221.8,118.94,102.86,2023,8,4
O105453,2023-08-04,P0083,C00064,S001,1,85.03,0.1,76.53,44.79,31.74,2023,8,4
O100169,2023-08-04,P0023,C00607,S005,1,818.22,0.05,777.31,630.15,147.16,2023,8,4
O104306,2023-08-04,P0016,C00419,S012,2,547.4,0.0,1094.8,794.82,299.98,2023,8,4
O109815,2023-08-04,P0063,C00913,S005,1,112.94,0.1,101.65,90.69,10.96,2023,8,4
O103986,2023-08-04,P0096,C00193,S001,1,63.84,0.0,63.84,35.05,28.79,2023,8,4
O111891,2023-08-04,P0060,C00419,S012,2,80.71,0.0,161.42,102.5,58.92,2023,8,4
O106059,2023-08-04,P0018,C00119,S002,1,34.43,0.0,34.43,26.49,7.94,2023,8,4
O106597,2023-08-04,P0008,C00468,S011,2,22.28,0.1,40.1,22.28,17.82,2023,8,4
O109617,2023-08-04,P0084,C00878,S006,1,17.53,0.05,16.65,14.11,2.54,2023,8,4
O106310,2023-08-04,P0006,C00746,S007,3,74.01,0.0,222.03,129.24,92.79,2023,8,4
O103183,2023-08-04,P0002,C01195,S011,4,130.95,0.05,497.61,400.24,97.37,2023,8,4
O105850,2023-08-04,P0025,C01067,S009,2,18.6,0.05,35.34,28.18,7.16,2023,8,4
O105118,2023-08-04,P0016,C00583,S001,4,547.4,0.0,2189.6,1589.64,599.96,2023,8,4
O109912,2023-08-05,P0022,C00482,S004,3,42.03,0.15,107.18,90.42,16.76,2023,8,5
O101355,2023-08-05,P0011,C00474,S005,1,713.82,0.1,642.44,451.83,190.61,2023,8,5
O105900,2023-08-05,P0089,C01131,S003,2,39.28,0.0,78.56,36.3,42.26,2023,8,5
O102893,2023-08-05,P0032,C00084,S005,1,62.15,0.0,62.15,45.29,16.86,2023,8,5
O104505,2023-08-05,P0044,C00762,S011,2,136.64,0.0,273.28,231.36,41.92,2023,8,5
O110262,2023-08-05,P0096,C00517,S005,1,63.84,0.05,60.65,35.05,25.6,2023,8,5
O103044,2023-08-05,P0038,C00166,S009,1,42.19,0.05,40.08,29.31,10.77,2023,8,5
O105620,2023-08-05,P0069,C01194,S009,1,85.27,0.0,85.27,65.86,19.41,2023,8,5
O106115,2023-08-05,P0076,C00563,S006,1,301.81,0.0,301.81,247.89,53.92,2023,8,5
O102688,2023-08-05,P0054,C00350,S010,10,42.97,0.0,429.7,291.2,138.5,2023,8,5
O102650,2023-08-05,P0023,C00380,S012,1,818.22,0.0,818.22,630.15,188.07,2023,8,5
O110606,2023-08-05,P0093,C00308,S012,2,13.08,0.1,23.54,18.32,5.22,2023,8,5
O101451,2023-08-05,P0063,C00399,S007,5,112.94,0.0,564.7,453.45,111.25,2023,8,5
O103469,2023-08-06,P0070,C00108,S006,1,27.07,0.0,27.07,14.25,12.82,2023,8,6
O100136,2023-08-06,P0059,C00963,S006,2,10.64,0.0,21.28,15.4,5.88,2023,8,6
O108454,2023-08-06,P0075,C00480,S011,2,10.1,0.0,20.2,14.98,5.22,2023,8,6
O101014,2023-08-06,P0056,C01075,S001,2,20.73,0.15,35.24,33.5,1.74,2023,8,6
O102170,2023-08-06,P0006,C00197,S011,1,74.01,0.0,74.01,43.08,30.93,2023,8,6
O110185,2023-08-06,P0017,C00139,S003,2,25.27,0.15,42.96,35.54,7.42,2023,8,6
O105575,2023-08-06,P0031,C00527,S001,2,104.43,0.0,208.86,128.36,80.5,2023,8,6
O103531,2023-08-06,P0077,C00165,S009,1,130.07,0.1,117.06,107.65,9.41,2023,8,6
O101318,2023-08-06,P0074,C00429,S004,3,106.15,0.0,318.45,207.72,110.73,2023,8,6
O110084,2023-08-06,P0071,C00646,S004,1,9.68,0.0,9.68,7.38,2.3,2023,8,6
O111186,2023-08-06,P0076,C01162,S002,4,301.81,0.0,1207.24,991.56,215.68,2023,8,6
O102869,2023-08-06,P0036,C01170,S001,1,15.34,0.0,15.34,8.29,7.05,2023,8,6
O103321,2023-08-06,P0052,C00317,S007,4,97.55,0.2,312.16,245.88,66.28,2023,8,6
O111140,2023-08-06,P0029,C00131,S006,1,93.75,0.0,93.75,68.76,24.99,2023,8,6
O102891,2023-08-07,P0027,C00763,S008,10,55.97,0.0,559.7,295.7,264.0,2023,8,7
O107758,2023-08-07,P0096,C00362,S011,2,63.84,0.0,127.68,70.1,57.58,2023,8,7
O100485,2023-08-07,P0046,C00374,S002,1,69.45,0.05,65.98,42.58,23.4,2023,8,7
O105257,2023-08-07,P0036,C00326,S004,3,15.34,0.1,41.42,24.87,16.55,2023,8,7
O102881,2023-08-07,P0048,C00064,S002,2,113.33,0.0,226.66,165.1,61.56,2023,8,7
O109262,2023-08-07,P0021,C00775,S003,1,25.8,0.0,25.8,12.57,13.23,2023,8,7
O101003,2023-08-07,P0083,C00476,S002,1,85.03,0.0,85.03,44.79,40.24,2023,8,7
O111051,2023-08-07,P0076,C00335,S012,1,301.81,0.1,271.63,247.89,23.74,2023,8,7
O108977,2023-08-07,P0031,C00167,S011,4,104.43,0.0,417.72,256.72,161.0,2023,8,7
O103311,2023-08-07,P0051,C00080,S002,3,32.14,0.15,81.96,48.06,33.9,2023,8,7
O109987,2023-08-07,P0051,C00548,S003,2,32.14,0.2,51.42,32.04,19.38,2023,8,7
O101982,2023-08-07,P0052,C00146,S003,2,97.55,0.0,195.1,122.94,72.16,2023,8,7
O106299,2023-08-07,P0043,C00073,S011,3,11.09,0.0,33.27,17.43,15.84,2023,8,7
O107822,2023-08-07,P0033,C00601,S001,2,47.81,0.0,95.62,62.42,33.2,2023,8,7
O110896,2023-08-08,P0070,C00808,S004,1,27.07,0.0,27.07,14.25,12.82,2023,8,8
O107485,2023-08-08,P0063,C00618,S004,1,112.94,0.0,112.94,90.69,22.25,2023,8,8
O105232,2023-08-08,P0053,C00519,S008,3,51.37,0.0,154.11,96.81,57.3,2023,8,8
O108498,2023-08-08,P0021,C00837,S011,1,25.8,0.15,21.93,12.57,9.36,2023,8,8
O104794,2023-08-08,P0017,C00121,S008,2,25.27,0.0,50.54,35.54,15.0,2023,8,8
O110641,2023-08-08,P0027,C00539,S011,1,55.97,0.15,47.57,29.57,18.0,2023,8,8
O102912,2023-08-08,P0004,C01125,S002,3,29.55,0.0,88.65,43.44,45.21,2023,8,8
O106438,2023-08-08,P0081,C00188,S008,4,143.09,0.2,457.89,440.0,17.89,2023,8,8
O110501,2023-08-08,P0030,C00121,S006,1,41.4,0.0,41.4,25.21,16.19,2023,8,8
O106779,2023-08-08,P0092,C01062,S004,1,41.48,0.0,41.48,25.41,16.07,2023,8,8
O108983,2023-08-08,P0025,C00231,S012,1,18.6,0.0,18.6,14.09,4.51,2023,8,8
O111907,2023-08-08,P0089,C01182,S008,4,39.28,0.1,141.41,72.6,68.81,2023,8,8
O109714,2023-08-08,P0098,C00004,S004,1,37.83,0.0,37.83,29.0,8.83,2023,8,8
O101554,2023-08-09,P0054,C00181,S012,5,42.97,0.0,214.85,145.6,69.25,2023,8,9
O108591,2023-08-09,P0049,C00597,S004,1,366.28,0.0,366.28,172.71,193.57,2023,8,9
O111083,2023-08-09,P0049,C00839,S012,1,366.28,0.1,329.65,172.71,156.94,2023,8,9
O101770,2023-08-09,P0026,C00713,S008,1,325.3,0.0,325.3,181.38,143.92,2023,8,9
O109493,2023-08-09,P0080,C00931,S008,2,20.59,0.0,41.18,27.88,13.3,2023,8,9
O107245,2023-08-09,P0036,C00591,S011,1,15.34,0.0,15.34,8.29,7.05,2023,8,9
O102744,2023-08-09,P0071,C00726,S002,2,9.68,0.0,19.36,14.76,4.6,2023,8,9
O103299,2023-08-09,P0047,C01008,S010,1,125.46,0.05,119.19,59.9,59.29,2023,8,9
O104863,2023-08-09,P0090,C00869,S002,1,575.16,0.0,575.16,375.73,199.43,2023,8,9
O105791,2023-08-09,P0068,C00338,S009,1,100.31,0.0,100.31,81.38,18.93,2023,8,9
O104512,2023-08-09,P0097,C01052,S009,1,8.15,0.0,8.15,5.49,2.66,2023,8,9
O106233,2023-08-09,P0086,C00429,S002,1,310.61,0.1,279.55,159.69,119.86,2023,8,9
O110631,2023-08-09,P0084,C00375,S003,1,17.53,0.05,16.65,14.11,2.54,2023,8,9
O104925,2023-08-09,P0045,C00220,S011,1,131.19,0.0,131.19,106.88,24.31,2023,8,9
O106371,2023-08-09,P0085,C01138,S004,2,34.17,0.05,64.92,55.0,9.92,2023,8,9
O108550,2023-08-09,P0012,C00745,S009,1,88.36,0.0,88.36,62.9,25.46,2023,8,9
O110964,2023-08-10,P0023,C00781,S008,1,818.22,0.0,818.22,630.15,188.07,2023,8,10
O104354,2023-08-10,P0058,C00379,S012,1,123.22,0.0,123.22,59.47,63.75,2023,8,10
O110537,2023-08-10,P0006,C00982,S012,1,74.01,0.0,74.01,43.08,30.93,2023,8,10
O101774,2023-08-10,P0059,C00406,S011,3,10.64,0.2,25.54,23.1,2.44,2023,8,10
O108827,2023-08-10,P0011,C00925,S010,1,713.82,0.0,713.82,451.83,261.99,2023,8,10
O110997,2023-08-10,P0074,C00964,S010,2,106.15,0.15,180.46,138.48,41.98,2023,8,10
O103472,2023-08-10,P0023,C00654,S003,1,818.22,0.2,654.58,630.15,24.43,2023,8,10
O108185,2023-08-10,P0099,C00928,S009,2,5.01,0.0,10.02,5.54,4.48,2023,8,10
O102976,2023-08-10,P0069,C00307,S006,3,85.27,0.0,255.81,197.58,58.23,2023,8,10
O111903,2023-08-10,P0033,C00345,S008,2,47.81,0.0,95.62,62.42,33.2,2023,8,10
O111286,2023-08-10,P0027,C01110,S007,1,55.97,0.0,55.97,29.57,26.4,2023,8,10
O107033,2023-08-10,P0070,C00404,S011,1,27.07,0.0,27.07,14.25,12.82,2023,8,10
O103220,2023-08-10,P0093,C01087,S012,3,13.08,0.1,35.32,27.48,7.84,2023,8,10
O105174,2023-08-10,P0074,C00344,S011,1,106.15,0.0,106.15,69.24,36.91,2023,8,10
O100948,2023-08-10,P0050,C00519,S007,3,9.87,0.1,26.65,14.22,12.43,2023,8,10
O100944,2023-08-10,P0015,C01066,S012,1,36.03,0.05,34.23,18.61,15.62,2023,8,10
O111338,2023-08-10,P0055,C00199,S007,1,24.74,0.05,23.5,17.48,6.02,2023,8,10
O108514,2023-08-10,P0065,C01171,S007,2,776.21,0.0,1552.42,771.08,781.34,2023,8,10
O107152,2023-08-10,P0056,C00709,S006,2,20.73,0.2,33.17,33.5,-0.33,2023,8,10
O105197,2023-08-10,P0038,C00528,S010,5,42.19,0.1,189.86,146.55,43.31,2023,8,10
O108146,2023-08-11,P0047,C00922,S012,2,125.46,0.0,250.92,119.8,131.12,2023,8,11
O105910,2023-08-11,P0065,C00215,S004,1,776.21,0.0,776.21,385.54,390.67,2023,8,11
O103323,2023-08-11,P0063,C00039,S011,1,112.94,0.0,112.94,90.69,22.25,2023,8,11
O103223,2023-08-11,P0061,C00974,S006,1,86.94,0.1,78.25,46.4,31.85,2023,8,11
O103745,2023-08-11,P0007,C01109,S011,2,99.07,0.0,198.14,149.42,48.72,2023,8,11
O100874,2023-08-11,P0078,C01086,S005,1,18.31,0.0,18.31,12.84,5.47,2023,8,11
O108509,2023-08-11,P0004,C00946,S012,1,29.55,0.0,29.55,14.48,15.07,2023,8,11
O101987,2023-08-11,P0042,C00828,S011,2,9.86,0.0,19.72,12.46,7.26,2023,8,11
O106562,2023-08-11,P0100,C00914,S004,1,142.46,0.1,128.21,91.14,37.07,2023,8,11
O107744,2023-08-11,P0070,C00446,S005,1,27.07,0.05,25.72,14.25,11.47,2023,8,11
O107771,2023-08-11,P0076,C00941,S007,1,301.81,0.0,301.81,247.89,53.92,2023,8,11
O105388,2023-08-11,P0052,C01003,S011,3,97.55,0.15,248.75,184.41,64.34,2023,8,11
O110243,2023-08-12,P0001,C00758,S002,2,132.87,0.15,225.88,214.8,11.08,2023,8,12
O100613,2023-08-12,P0081,C00831,S001,2,143.09,0.1,257.56,220.0,37.56,2023,8,12
O111507,2023-08-12,P0083,C00081,S005,1,85.03,0.0,85.03,44.79,40.24,2023,8,12
O102968,2023-08-12,P0038,C00141,S008,1,42.19,0.0,42.19,29.31,12.88,2023,8,12
O110502,2023-08-12,P0007,C00662,S012,1,99.07,0.0,99.07,74.71,24.36,2023,8,12
O107351,2023-08-12,P0052,C01002,S009,1,97.55,0.0,97.55,61.47,36.08,2023,8,12
O101609,2023-08-12,P0092,C00586,S006,1,41.48,0.0,41.48,25.41,16.07,2023,8,12
O109303,2023-08-12,P0048,C00848,S004,2,113.33,0.0,226.66,165.1,61.56,2023,8,12
O104417,2023-08-12,P0071,C00445,S009,1,9.68,0.0,9.68,7.38,2.3,2023,8,12
O109557,2023-08-12,P0006,C01188,S004,1,74.01,0.0,74.01,43.08,30.93,2023,8,12
O102277,2023-08-12,P0060,C00545,S003,3,80.71,0.0,242.13,153.75,88.38,2023,8,12
O105899,2023-08-12,P0048,C00514,S009,1,113.33,0.0,113.33,82.55,30.78,2023,8,12
O108066,2023-08-12,P0054,C00669,S003,1,42.97,0.05,40.82,29.12,11.7,2023,8,12
O110311,2023-08-12,P0092,C00909,S003,2,41.48,0.0,82.96,50.82,32.14,2023,8,12
O101025,2023-08-12,P0085,C01065,S010,2,34.17,0.0,68.34,55.0,13.34,2023,8,12
O111143,2023-08-12,P0051,C00069,S010,1,32.14,0.1,28.93,16.02,12.91,2023,8,12
O105455,2023-08-12,P0069,C01014,S010,1,85.27,0.05,81.01,65.86,15.15,2023,8,12
O101532,2023-08-13,P0021,C01169,S006,1,25.8,0.0,25.8,12.57,13.23,2023,8,13
O103565,2023-08-13,P0046,C00202,S003,2,69.45,0.0,138.9,85.16,53.74,2023,8,13
O103775,2023-08-13,P0035,C00509,S006,1,21.89,0.0,21.89,12.25,9.64,2023,8,13
O102551,2023-08-13,P0060,C00698,S001,3,80.71,0.15,205.81,153.75,52.06,2023,8,13
O102654,2023-08-13,P0093,C00773,S010,2,13.08,0.05,24.85,18.32,6.53,2023,8,13
O103492,2023-08-13,P0064,C00998,S001,1,12.06,0.2,9.65,5.48,4.17,2023,8,13
O108719,2023-08-13,P0045,C00678,S007,3,131.19,0.0,393.57,320.64,72.93,2023,8,13
O102332,2023-08-13,P0082,C00740,S001,1,28.43,0.0,28.43,21.73,6.7,2023,8,13
O100477,2023-08-13,P0093,C00063,S008,2,13.08,0.0,26.16,18.32,7.84,2023,8,13
O110401,2023-08-13,P0014,C00598,S008,1,13.14,0.15,11.17,6.13,5.04,2023,8,13
O100514,2023-08-13,P0079,C00381,S002,4,120.53,0.0,482.12,372.4,109.72,2023,8,13
O109674,2023-08-13,P0069,C00880,S010,1,85.27,0.0,85.27,65.86,19.41,2023,8,13
O108416,2023-08-13,P0017,C00242,S011,1,25.27,0.0,25.27,17.77,7.5,2023,8,13
O111492,2023-08-13,P0066,C00198,S003,3,105.53,0.15,269.1,176.31,92.79,2023,8,13
O104880,2023-08-13,P0040,C00813,S006,2,25.25,0.05,47.97,33.06,14.91,2023,8,13
O100608,2023-08-13,P0084,C00090,S003,1,17.53,0.15,14.9,14.11,0.79,2023,8,13
O106721,2023-08-13,P0023,C01160,S004,1,818.22,0.1,736.4,630.15,106.25,2023,8,13
O109345,2023-08-13,P0028,C00748,S004,1,453.33,0.0,453.33,253.96,199.37,2023,8,13
O107147,2023-08-13,P0032,C00364,S003,1,62.15,0.0,62.15,45.29,16.86,2023,8,13
O104833,2023-08-13,P0062,C00664,S006,1,39.06,0.1,35.15,17.85,17.3,2023,8,13
O109625,2023-08-13,P0024,C00459,S005,4,722.65,0.15,2457.01,1694.32,762.69,2023,8,13
O102351,2023-08-14,P0041,C00956,S002,1,246.7,0.0,246.7,134.73,111.97,2023,8,14
O101016,2023-08-14,P0095,C00789,S007,2,118.84,0.15,202.03,156.34,45.69,2023,8,14
O103677,2023-08-14,P0020,C00703,S010,1,30.45,0.0,30.45,20.59,9.86,2023,8,14
O103227,2023-08-14,P0087,C00246,S008,1,463.9,0.05,440.7,253.65,187.05,2023,8,14
O109214,2023-08-14,P0076,C00024,S007,1,301.81,0.0,301.81,247.89,53.92,2023,8,14
O104276,2023-08-14,P0066,C01098,S004,1,105.53,0.0,105.53,58.77,46.76,2023,8,14
O110697,2023-08-14,P0100,C00296,S002,2,142.46,0.0,284.92,182.28,102.64,2023,8,14
O101463,2023-08-14,P0020,C00007,S005,1,30.45,0.0,30.45,20.59,9.86,2023,8,14
O109601,2023-08-14,P0083,C01121,S005,1,85.03,0.1,76.53,44.79,31.74,2023,8,14
O109250,2023-08-14,P0059,C00679,S004,1,10.64,0.0,10.64,7.7,2.94,2023,8,14
O111420,2023-08-14,P0039,C00146,S004,1,47.6,0.1,42.84,32.53,10.31,2023,8,14
O103583,2023-08-14,P0086,C00465,S004,2,310.61,0.0,621.22,319.38,301.84,2023,8,14
O102288,2023-08-14,P0006,C01080,S010,1,74.01,0.0,74.01,43.08,30.93,2023,8,14
O111292,2023-08-14,P0079,C00372,S003,1,120.53,0.05,114.5,93.1,21.4,2023,8,14
O110393,2023-08-14,P0074,C00217,S012,2,106.15,0.15,180.46,138.48,41.98,2023,8,14
O109227,2023-08-14,P0089,C00900,S011,1,39.28,0.0,39.28,18.15,21.13,2023,8,14
O104779,2023-08-14,P0073,C00643,S003,1,36.7,0.0,36.7,18.22,18.48,2023,8,14
O100982,2023-08-14,P0020,C00736,S004,1,30.45,0.1,27.4,20.59,6.81,2023,8,14
O105820,2023-08-15,P0051,C00132,S007,2,32.14,0.1,57.85,32.04,25.81,2023,8,15
O105825,2023-08-15,P0044,C00136,S001,2,136.64,0.15,232.29,231.36,0.93,2023,8,15
O109244,2023-08-15,P0059,C00274,S011,3,10.64,0.05,30.32,23.1,7.22,2023,8,15
O100226,2023-08-15,P0022,C00154,S001,1,42.03,0.0,42.03,30.14,11.89,2023,8,15
O106088,2023-08-15,P0098,C00103,S012,3,37.83,0.0,113.49,87.0,26.49,2023,8,15
O100215,2023-08-15,P0025,C00062,S002,1,18.6,0.1,16.74,14.09,2.65,2023,8,15
O110500,2023-08-15,P0066,C00477,S012,1,105.53,0.0,105.53,58.77,46.76,2023,8,15
O106987,2023-08-15,P0025,C00416,S009,1,18.6,0.15,15.81,14.09,1.72,2023,8,15
O107489,2023-08-15,P0015,C00540,S001,1,36.03,0.1,32.43,18.61,13.82,2023,8,15
O104887,2023-08-15,P0068,C00078,S008,4,100.31,0.2,320.99,325.52,-4.53,2023,8,15
O111832,2023-08-15,P0010,C00006,S001,1,14.81,0.0,14.81,12.15,2.66,2023,8,15
O110975,2023-08-16,P0064,C00256,S001,1,12.06,0.0,12.06,5.48,6.58,2023,8,16
O102144,2023-08-16,P0053,C00150,S011,1,51.37,0.0,51.37,32.27,19.1,2023,8,16
O101523,2023-08-16,P0077,C00185,S003,2,130.07,0.0,260.14,215.3,44.84,2023,8,16
O103143,2023-08-16,P0014,C00094,S010,1,13.14,0.0,13.14,6.13,7.01,2023,8,16
O105601,2023-08-16,P0007,C00200,S001,1,99.07,0.0,99.07,74.71,24.36,2023,8,16
O106832,2023-08-16,P0097,C00268,S010,3,8.15,0.0,24.45,16.47,7.98,2023,8,16
O111834,2023-08-16,P0084,C00858,S002,1,17.53,0.0,17.53,14.11,3.42,2023,8,16
O109966,2023-08-16,P0058,C00499,S008,4,123.22,0.05,468.24,237.88,230.36,2023,8,16
O104746,2023-08-16,P0028,C00983,S005,3,453.33,0.15,1155.99,761.88,394.11,2023,8,16
O104987,2023-08-16,P0097,C00480,S006,1,8.15,0.2,6.52,5.49,1.03,2023,8,16
O111807,2023-08-16,P0005,C00633,S012,1,15.5,0.0,15.5,12.07,3.43,2023,8,16
O101112,2023-08-16,P0027,C00870,S006,1,55.97,0.0,55.97,29.57,26.4,2023,8,16
O101841,2023-08-16,P0096,C00840,S012,10,63.84,0.0,638.4,350.5,287.9,2023,8,16
O103885,2023-08-17,P0049,C01014,S005,1,366.28,0.0,366.28,172.71,193.57,2023,8,17
O108881,2023-08-17,P0002,C00291,S004,1,130.95,0.0,130.95,100.06,30.89,2023,8,17
O100480,2023-08-17,P0098,C00753,S003,2,37.83,0.0,75.66,58.0,17.66,2023,8,17
O101490,2023-08-17,P0075,C00241,S010,1,10.1,0.0,10.1,7.49,2.61,2023,8,17
O106524,2023-08-17,P0030,C01000,S007,1,41.4,0.0,41.4,25.21,16.19,2023,8,17
O109673,2023-08-17,P0030,C01180,S002,2,41.4,0.0,82.8,50.42,32.38,2023,8,17
O106690,2023-08-17,P0050,C00662,S002,1,9.87,0.15,8.39,4.74,3.65,2023,8,17
O111841,2023-08-17,P0018,C00122,S004,3,34.43,0.0,103.29,79.47,23.82,2023,8,17
O108269,2023-08-17,P0035,C01057,S008,2,21.89,0.0,43.78,24.5,19.28,2023,8,17
O102844,2023-08-17,P0076,C00808,S002,2,301.81,0.05,573.44,495.78,77.66,2023,8,17
O111262,2023-08-17,P0071,C00340,S003,3,9.68,0.05,27.59,22.14,5.45,2023,8,17
O103045,2023-08-17,P0009,C00776,S011,1,8.02,0.15,6.82,6.09,0.73,2023,8,17
O109950,2023-08-17,P0034,C00451,S012,2,84.19,0.0,168.38,138.08,30.3,2023,8,17
O107553,2023-08-17,P0008,C00305,S007,2,22.28,0.1,40.1,22.28,17.82,2023,8,17
O111864,2023-08-18,P0026,C00979,S004,1,325.3,0.2,260.24,181.38,78.86,2023,8,18
O104698,2023-08-18,P0083,C01119,S006,1,85.03,0.0,85.03,44.79,40.24,2023,8,18
O103398,2023-08-18,P0100,C00483,S004,1,142.46,0.0,142.46,91.14,51.32,2023,8,18
O107207,2023-08-18,P0031,C00349,S010,1,104.43,0.0,104.43,64.18,40.25,2023,8,18
O105955,2023-08-18,P0022,C01006,S005,1,42.03,0.0,42.03,30.14,11.89,2023,8,18
O107703,2023-08-18,P0063,C00895,S012,1,112.94,0.0,112.94,90.69,22.25,2023,8,18
O104522,2023-08-18,P0029,C00723,S002,1,93.75,0.0,93.75,68.76,24.99,2023,8,18
O104336,2023-08-18,P0023,C00335,S001,2,818.22,0.0,1636.44,1260.3,376.14,2023,8,18
O103061,2023-08-18,P0039,C00661,S007,1,47.6,0.15,40.46,32.53,7.93,2023,8,18
O111369,2023-08-18,P0086,C00130,S009,1,310.61,0.0,310.61,159.69,150.92,2023,8,18
O102448,2023-08-18,P0048,C01170,S012,2,113.33,0.15,192.66,165.1,27.56,2023,8,18
O111618,2023-08-18,P0045,C00102,S010,1,131.19,0.05,124.63,106.88,17.75,2023,8,18
O101477,2023-08-18,P0079,C00337,S010,1,120.53,0.0,120.53,93.1,27.43,2023,8,18
O102295,2023-08-18,P0016,C00058,S001,1,547.4,0.0,547.4,397.41,149.99,2023,8,18
O109792,2023-08-18,P0061,C00148,S005,2,86.94,0.0,173.88,92.8,81.08,2023,8,18
O104133,2023-08-18,P0026,C00516,S001,1,325.3,0.05,309.03,181.38,127.65,2023,8,18
O107145,2023-08-18,P0024,C01151,S001,1,722.65,0.0,722.65,423.58,299.07,2023,8,18
O102575,2023-08-18,P0055,C00380,S011,2,24.74,0.0,49.48,34.96,14.52,2023,8,18
O105005,2023-08-18,P0024,C00651,S004,1,722.65,0.0,722.65,423.58,299.07,2023,8,18
O110383,2023-08-18,P0073,C00968,S008,1,36.7,0.1,33.03,18.22,14.81,2023,8,18
O107673,2023-08-18,P0093,C01049,S010,4,13.08,0.05,49.7,36.64,13.06,2023,8,18
O102465,2023-08-18,P0029,C00005,S009,1,93.75,0.0,93.75,68.76,24.99,2023,8,18
O100295,2023-08-18,P0017,C00931,S002,10,25.27,0.0,252.7,177.7,75.0,2023,8,18
O106153,2023-08-18,P0046,C00772,S011,5,69.45,0.1,312.53,212.9,99.63,2023,8,18
O101670,2023-08-19,P0005,C00484,S004,1,15.5,0.1,13.95,12.07,1.88,2023,8,19
O106150,2023-08-19,P0024,C00914,S010,1,722.65,0.1,650.38,423.58,226.8,2023,8,19
O107135,2023-08-19,P0054,C00652,S001,2,42.97,0.05,81.64,58.24,23.4,2023,8,19
O106953,2023-08-19,P0045,C01042,S007,5,131.19,0.05,623.15,534.4,88.75,2023,8,19
O109023,2023-08-19,P0076,C00684,S008,1,301.81,0.0,301.81,247.89,53.92,2023,8,19
O108412,2023-08-19,P0005,C00720,S001,1,15.5,0.1,13.95,12.07,1.88,2023,8,19
O107629,2023-08-19,P0024,C00714,S007,2,722.65,0.05,1373.04,847.16,525.88,2023,8,19
O109008,2023-08-19,P0035,C00212,S004,1,21.89,0.0,21.89,12.25,9.64,2023,8,19
O106519,2023-08-19,P0041,C01101,S004,2,246.7,0.0,493.4,269.46,223.94,2023,8,19
O101563,2023-08-19,P0061,C00858,S008,1,86.94,0.05,82.59,46.4,36.19,2023,8,19
O101958,2023-08-19,P0053,C00989,S005,1,51.37,0.0,51.37,32.27,19.1,2023,8,19
O104196,2023-08-19,P0039,C01024,S004,1,47.6,0.15,40.46,32.53,7.93,2023,8,19
O105927,2023-08-19,P0097,C01070,S012,4,8.15,0.1,29.34,21.96,7.38,2023,8,19
O100730,2023-08-19,P0018,C00760,S002,1,34.43,0.1,30.99,26.49,4.5,2023,8,19
O105821,2023-08-19,P0098,C01034,S006,1,37.83,0.0,37.83,29.0,8.83,2023,8,19
O106725,2023-08-19,P0044,C00246,S003,2,136.64,0.2,218.62,231.36,-12.74,2023,8,19
O104076,2023-08-19,P0038,C00392,S008,2,42.19,0.0,84.38,58.62,25.76,2023,8,19
O110937,2023-08-20,P0023,C00252,S003,2,818.22,0.0,1636.44,1260.3,376.14,2023,8,20
O108725,2023-08-20,P0051,C01010,S009,1,32.14,0.05,30.53,16.02,14.51,2023,8,20
O100309,2023-08-20,P0020,C00760,S010,1,30.45,0.0,30.45,20.59,9.86,2023,8,20
O106858,2023-08-20,P0025,C00101,S005,1,18.6,0.0,18.6,14.09,4.51,2023,8,20
O102025,2023-08-20,P0064,C00976,S007,3,12.06,0.0,36.18,16.44,19.74,2023,8,20
O101836,2023-08-20,P0088,C00810,S012,1,5.57,0.0,5.57,4.31,1.26,2023,8,20
O103452,2023-08-20,P0081,C00645,S009,1,143.09,0.0,143.09,110.0,33.09,2023,8,20
O111002,2023-08-20,P0075,C00350,S009,2,10.1,0.0,20.2,14.98,5.22,2023,8,20
O102457,2023-08-20,P0009,C01054,S012,10,8.02,0.0,80.2,60.9,19.3,2023,8,20
O105151,2023-08-20,P0035,C00025,S007,1,21.89,0.0,21.89,12.25,9.64,2023,8,20
O107149,2023-08-20,P0049,C00324,S012,1,366.28,0.0,366.28,172.71,193.57,2023,8,20
O105410,2023-08-20,P0069,C00225,S008,1,85.27,0.0,85.27,65.86,19.41,2023,8,20
O103406,2023-08-20,P0066,C00849,S004,4,105.53,0.1,379.91,235.08,144.83,2023,8,20
O109656,2023-08-20,P0024,C00550,S003,2,722.65,0.0,1445.3,847.16,598.14,2023,8,20
O106904,2023-08-20,P0081,C00057,S005,5,143.09,0.0,715.45,550.0,165.45,2023,8,20
O110578,2023-08-20,P0016,C00337,S001,1,547.4,0.1,492.66,397.41,95.25,2023,8,20
O103576,2023-08-20,P0077,C00620,S009,1,130.07,0.15,110.56,107.65,2.91,2023,8,20
O111070,2023-08-20,P0093,C00880,S002,3,13.08,0.1,35.32,27.48,7.84,2023,8,20
O106734,2023-08-20,P0013,C01128,S004,1,45.23,0.0,45.23,24.82,20.41,2023,8,20
O107313,2023-08-21,P0080,C00673,S011,1,20.59,0.0,20.59,13.94,6.65,2023,8,21
O104434,2023-08-21,P0093,C00894,S008,1,13.08,0.05,12.43,9.16,3.27,2023,8,21
O104240,2023-08-21,P0001,C00810,S003,1,132.87,0.1,119.58,107.4,12.18,2023,8,21
O102642,2023-08-21,P0039,C00968,S003,5,47.6,0.0,238.0,162.65,75.35,2023,8,21
O102450,2023-08-21,P0063,C00575,S002,1,112.94,0.0,112.94,90.69,22.25,2023,8,21
O107721,2023-08-21,P0097,C00847,S004,1,8.15,0.0,8.15,5.49,2.66,2023,8,21
O108706,2023-08-21,P0059,C00091,S008,3,10.64,0.05,30.32,23.1,7.22,2023,8,21
O109506,2023-08-21,P0066,C00746,S001,1,105.53,0.0,105.53,58.77,46.76,2023,8,21
O110093,2023-08-21,P0059,C00579,S006,1,10.64,0.0,10.64,7.7,2.94,2023,8,21
O108402,2023-08-21,P0034,C00545,S010,4,84.19,0.0,336.76,276.16,60.6,2023,8,21
O100699,2023-08-21,P0051,C01046,S001,1,32.14,0.0,32.14,16.02,16.12,2023,8,21
O106811,2023-08-21,P0050,C00770,S008,1,9.87,0.0,9.87,4.74,5.13,2023,8,21
O111289,2023-08-22,P0019,C00188,S001,1,138.62,0.0,138.62,68.15,70.47,2023,8,22
O100662,2023-08-22,P0018,C00003,S006,1,34.43,0.05,32.71,26.49,6.22,2023,8,22
O107202,2023-08-22,P0033,C00330,S006,4,47.81,0.1,172.12,124.84,47.28,2023,8,22
O110807,2023-08-22,P0064,C00982,S004,3,12.06,0.05,34.37,16.44,17.93,2023,8,22
O106211,2023-08-22,P0025,C00796,S012,3,18.6,0.05,53.01,42.27,10.74,2023,8,22
O100263,2023-08-22,P0032,C00694,S010,2,62.15,0.0,124.3,90.58,33.72,2023,8,22
O104453,2023-08-22,P0028,C00236,S002,3,453.33,0.0,1359.99,761.88,598.11,2023,8,22
O106194,2023-08-22,P0058,C00855,S001,2,123.22,0.0,246.44,118.94,127.5,2023,8,22
O106113,2023-08-22,P0077,C00396,S004,2,130.07,0.0,260.14,215.3,44.84,2023,8,22
O109093,2023-08-22,P0025,C00481,S001,1,18.6,0.0,18.6,14.09,4.51,2023,8,22
O104202,2023-08-22,P0057,C00318,S004,2,157.4,0.0,314.8,263.22,51.58,2023,8,22
O108162,2023-08-22,P0095,C00768,S002,1,118.84,0.2,95.07,78.17,16.9,2023,8,22
O110478,2023-08-22,P0075,C00105,S002,1,10.1,0.0,10.1,7.49,2.61,2023,8,22
O103641,2023-08-22,P0094,C00920,S009,1,21.21,0.0,21.21,12.17,9.04,2023,8,22
O108113,2023-08-22,P0002,C00718,S008,1,130.95,0.05,124.4,100.06,24.34,2023,8,22
O100698,2023-08-22,P0006,C00196,S002,4,74.01,0.0,296.04,172.32,123.72,2023,8,22
O106167,2023-08-22,P0048,C00962,S002,1,113.33,0.0,113.33,82.55,30.78,2023,8,22
O106442,2023-08-22,P0011,C00788,S004,2,713.82,0.0,1427.64,903.66,523.98,2023,8,22
O107512,2023-08-22,P0018,C00029,S009,2,34.43,0.1,61.97,52.98,8.99,2023,8,22
O107073,2023-08-22,P0046,C00997,S002,1,69.45,0.0,69.45,42.58,26.87,2023,8,22
O108055,2023-08-22,P0009,C00576,S010,1,8.02,0.0,8.02,6.09,1.93,2023,8,22
O110914,2023-08-23,P0076,C00648,S006,1,301.81,0.0,301.81,247.89,53.92,2023,8,23
O109964,2023-08-23,P0062,C00794,S008,2,39.06,0.0,78.12,35.7,42.42,2023,8,23
O108235,2023-08-23,P0012,C00015,S001,1,88.36,0.1,79.52,62.9,16.62,2023,8,23
O111585,2023-08-23,P0032,C00225,S012,1,62.15,0.2,49.72,45.29,4.43,2023,8,23
O101905,2023-08-23,P0057,C00565,S010,2,157.4,0.0,314.8,263.22,51.58,2023,8,23
O104919,2023-08-23,P0043,C00452,S003,1,11.09,0.1,9.98,5.81,4.17,2023,8,23
O110544,2023-08-23,P0046,C00679,S009,3,69.45,0.2,166.68,127.74,38.94,2023,8,23
O102123,2023-08-23,P0068,C00346,S001,1,100.31,0.0,100.31,81.38,18.93,2023,8,23
O109376,2023-08-23,P0012,C00872,S005,1,88.36,0.1,79.52,62.9,16.62,2023,8,23
O109338,2023-08-23,P0096,C00535,S002,1,63.84,0.05,60.65,35.05,25.6,2023,8,23
O110612,2023-08-23,P0006,C00012,S011,1,74.01,0.0,74.01,43.08,30.93,2023,8,23
O106330,2023-08-23,P0062,C00405,S005,1,39.06,0.0,39.06,17.85,21.21,2023,8,23
O108886,2023-08-23,P0097,C01080,S007,2,8.15,0.1,14.67,10.98,3.69,2023,8,23
O106619,2023-08-23,P0092,C00955,S001,1,41.48,0.0,41.48,25.41,16.07,2023,8,23
O101101,2023-08-23,P0045,C00395,S003,2,131.19,0.0,262.38,213.76,48.62,2023,8,23
O109356,2023-08-23,P0002,C00693,S009,1,130.95,0.0,130.95,100.06,30.89,2023,8,23
O109956,2023-08-23,P0042,C00793,S001,2,9.86,0.0,19.72,12.46,7.26,2023,8,23
O107590,2023-08-23,P0084,C00500,S004,4,17.53,0.0,70.12,56.44,13.68,2023,8,23
O104941,2023-08-24,P0031,C00758,S005,1,104.43,0.0,104.43,64.18,40.25,2023,8,24
O104569,2023-08-24,P0030,C00815,S003,1,41.4,0.0,41.4,25.21,16.19,2023,8,24
O111672,2023-08-24,P0029,C00034,S003,1,93.75,0.05,89.06,68.76,20.3,2023,8,24
O100629,2023-08-24,P0058,C01139,S002,2,123.22,0.0,246.44,118.94,127.5,2023,8,24
O104566,2023-08-24,P0066,C00050,S004,1,105.53,0.0,105.53,58.77,46.76,2023,8,24
O108442,2023-08-24,P0047,C00411,S006,1,125.46,0.0,125.46,59.9,65.56,2023,8,24
O108506,2023-08-24,P0033,C00462,S009,1,47.81,0.15,40.64,31.21,9.43,2023,8,24
O102543,2023-08-24,P0019,C00561,S008,1,138.62,0.0,138.62,68.15,70.47,2023,8,24
O105615,2023-08-24,P0061,C00915,S003,4,86.94,0.0,347.76,185.6,162.16,2023,8,24
O106553,2023-08-24,P0046,C00106,S010,1,69.45,0.2,55.56,42.58,12.98,2023,8,24
O106846,2023-08-24,P0012,C00756,S009,1,88.36,0.0,88.36,62.9,25.46,2023,8,24
O100482,2023-08-24,P0028,C00481,S008,3,453.33,0.0,1359.99,761.88,598.11,2023,8,24
O110655,2023-08-24,P0095,C01160,S010,1,118.84,0.0,118.84,78.17,40.67,2023,8,24
O104548,2023-08-25,P0098,C00795,S008,1,37.83,0.0,37.83,29.0,8.83,2023,8,25
O109310,2023-08-25,P0022,C00750,S002,2,42.03,0.0,84.06,60.28,23.78,2023,8,25
O109213,2023-08-25,P0052,C01057,S005,2,97.55,0.05,185.34,122.94,62.4,2023,8,25
O109947,2023-08-25,P0041,C00536,S007,1,246.7,0.0,246.7,134.73,111.97,2023,8,25
O110487,2023-08-25,P0059,C00972,S004,1,10.64,0.05,10.11,7.7,2.41,2023,8,25
O104127,2023-08-25,P0056,C00037,S010,5,20.73,0.1,93.29,83.75,9.54,2023,8,25
O104303,2023-08-25,P0047,C01034,S009,2,125.46,0.05,238.37,119.8,118.57,2023,8,25
O111071,2023-08-25,P0031,C00243,S010,1,104.43,0.1,93.99,64.18,29.81,2023,8,25
O102143,2023-08-25,P0030,C00743,S006,2,41.4,0.0,82.8,50.42,32.38,2023,8,25
O110304,2023-08-25,P0056,C00852,S009,1,20.73,0.2,16.58,16.75,-0.17,2023,8,25
O103104,2023-08-25,P0030,C00152,S002,1,41.4,0.0,41.4,25.21,16.19,2023,8,25
O104704,2023-08-26,P0001,C00548,S011,1,132.87,0.0,132.87,107.4,25.47,2023,8,26
O108629,2023-08-26,P0089,C00873,S012,1,39.28,0.15,33.39,18.15,15.24,2023,8,26
O104041,2023-08-26,P0060,C00330,S012,1,80.71,0.0,80.71,51.25,29.46,2023,8,26
O102360,2023-08-26,P0042,C00440,S010,1,9.86,0.0,9.86,6.23,3.63,2023,8,26
O109382,2023-08-26,P0008,C00569,S001,5,22.28,0.1,100.26,55.7,44.56,2023,8,26
O102743,2023-08-26,P0100,C00330,S009,4,142.46,0.0,569.84,364.56,205.28,2023,8,26
O101002,2023-08-26,P0099,C00168,S007,2,5.01,0.0,10.02,5.54,4.48,2023,8,26
O110670,2023-08-26,P0003,C00268,S002,1,44.76,0.0,44.76,33.14,11.62,2023,8,26
O105196,2023-08-26,P0036,C00127,S003,3,15.34,0.0,46.02,24.87,21.15,2023,8,26
O106298,2023-08-26,P0088,C00051,S010,1,5.57,0.0,5.57,4.31,1.26,2023,8,26
O104236,2023-08-26,P0045,C01071,S009,1,131.19,0.05,124.63,106.88,17.75,2023,8,26
O104664,2023-08-26,P0079,C00862,S002,1,120.53,0.05,114.5,93.1,21.4,2023,8,26
O110188,2023-08-26,P0054,C01081,S003,3,42.97,0.1,116.02,87.36,28.66,2023,8,26
O109263,2023-08-26,P0007,C00976,S004,1,99.07,0.0,99.07,74.71,24.36,2023,8,26
O108953,2023-08-26,P0072,C00802,S006,1,149.26,0.0,149.26,69.51,79.75,2023,8,26
O106928,2023-08-26,P0021,C00506,S010,4,25.8,0.0,103.2,50.28,52.92,2023,8,26
O104820,2023-08-26,P0023,C00889,S010,1,818.22,0.05,777.31,630.15,147.16,2023,8,26
O105009,2023-08-26,P0045,C00621,S009,4,131.19,0.0,524.76,427.52,97.24,2023,8,26
O104033,2023-08-26,P0032,C00084,S008,1,62.15,0.0,62.15,45.29,16.86,2023,8,26
O111573,2023-08-26,P0025,C00718,S003,1,18.6,0.15,15.81,14.09,1.72,2023,8,26
O111467,2023-08-26,P0076,C00951,S007,3,301.81,0.1,814.89,743.67,71.22,2023,8,26
O106561,2023-08-27,P0039,C00347,S003,3,47.6,0.0,142.8,97.59,45.21,2023,8,27
O107254,2023-08-27,P0047,C00543,S012,1,125.46,0.0,125.46,59.9,65.56,2023,8,27
O104441,2023-08-27,P0031,C00677,S006,3,104.43,0.0,313.29,192.54,120.75,2023,8,27
O108417,2023-08-27,P0037,C00908,S002,1,61.48,0.0,61.48,48.1,13.38,2023,8,27
O108015,2023-08-27,P0008,C00417,S010,2,22.28,0.0,44.56,22.28,22.28,2023,8,27
O105035,2023-08-27,P0052,C00122,S003,4,97.55,0.0,390.2,245.88,144.32,2023,8,27
O100783,2023-08-27,P0034,C00827,S012,1,84.19,0.05,79.98,69.04,10.94,2023,8,27
O101061,2023-08-27,P0042,C00960,S004,1,9.86,0.0,9.86,6.23,3.63,2023,8,27
O103315,2023-08-27,P0055,C00817,S009,1,24.74,0.0,24.74,17.48,7.26,2023,8,27
O100375,2023-08-27,P0088,C00478,S002,1,5.57,0.0,5.57,4.31,1.26,2023,8,27
O101489,2023-08-27,P0092,C00655,S009,1,41.48,0.0,41.48,25.41,16.07,2023,8,27
O101066,2023-08-27,P0009,C00413,S005,1,8.02,0.0,8.02,6.09,1.93,2023,8,27
O105515,2023-08-28,P0049,C00058,S012,4,366.28,0.0,1465.12,690.84,774.28,2023,8,28
O110566,2023-08-28,P0047,C01167,S005,1,125.46,0.0,125.46,59.9,65.56,2023,8,28
O100702,2023-08-28,P0086,C00057,S003,1,310.61,0.05,295.08,159.69,135.39,2023,8,28
O100227,2023-08-28,P0022,C00624,S007,2,42.03,0.0,84.06,60.28,23.78,2023,8,28
O100649,2023-08-28,P0053,C00059,S008,1,51.37,0.1,46.23,32.27,13.96,2023,8,28
O100091,2023-08-28,P0064,C00403,S011,2,12.06,0.05,22.91,10.96,11.95,2023,8,28
O111571,2023-08-28,P0021,C00833,S002,5,25.8,0.1,116.1,62.85,53.25,2023,8,28
O108220,2023-08-28,P0024,C00498,S011,1,722.65,0.15,614.25,423.58,190.67,2023,8,28
O107664,2023-08-28,P0047,C00529,S011,2,125.46,0.0,250.92,119.8,131.12,2023,8,28
O111187,2023-08-28,P0021,C01029,S010,1,25.8,0.0,25.8,12.57,13.23,2023,8,28
O101414,2023-08-28,P0099,C00022,S002,1,5.01,0.0,5.01,2.77,2.24,2023,8,28
O100611,2023-08-29,P0092,C01029,S004,1,41.48,0.15,35.26,25.41,9.85,2023,8,29
O108376,2023-08-29,P0039,C00636,S005,1,47.6,0.0,47.6,32.53,15.07,2023,8,29
O108618,2023-08-29,P0074,C00605,S004,1,106.15,0.0,106.15,69.24,36.91,2023,8,29
O107181,2023-08-29,P0084,C00710,S003,4,17.53,0.0,70.12,56.44,13.68,2023,8,29
O105890,2023-08-29,P0029,C00362,S001,2,93.75,0.0,187.5,137.52,49.98,2023,8,29
O103919,2023-08-29,P0070,C00503,S011,1,27.07,0.05,25.72,14.25,11.47,2023,8,29
O108577,2023-08-29,P0039,C00407,S004,1,47.6,0.1,42.84,32.53,10.31,2023,8,29
O111947,2023-08-29,P0021,C00758,S008,2,25.8,0.0,51.6,25.14,26.46,2023,8,29
O111657,2023-08-29,P0049,C00087,S008,1,366.28,0.05,347.97,172.71,175.26,2023,8,29
O104463,2023-08-29,P0018,C00984,S005,1,34.43,0.05,32.71,26.49,6.22,2023,8,29
O102554,2023-08-29,P0067,C00497,S001,2,5.57,0.1,10.03,6.5,3.53,2023,8,29
O101342,2023-08-29,P0018,C00410,S010,1,34.43,0.0,34.43,26.49,7.94,2023,8,29
O104311,2023-08-29,P0036,C01058,S010,1,15.34,0.0,15.34,8.29,7.05,2023,8,29
O109811,2023-08-29,P0030,C00707,S012,3,41.4,0.1,111.78,75.63,36.15,2023,8,29
O110397,2023-08-29,P0051,C00088,S004,10,32.14,0.0,321.4,160.2,161.2,2023,8,29
O109993,2023-08-29,P0092,C00641,S005,1,41.48,0.0,41.48,25.41,16.07,2023,8,29
O104858,2023-08-29,P0078,C01137,S006,3,18.31,0.0,54.93,38.52,16.41,2023,8,29
O105604,2023-08-29,P0009,C00998,S011,1,8.02,0.05,7.62,6.09,1.53,2023,8,29
O109717,2023-08-29,P0094,C00967,S001,5,21.21,0.0,106.05,60.85,45.2,2023,8,29
O104812,2023-08-29,P0054,C01078,S006,3,42.97,0.0,128.91,87.36,41.55,2023,8,29
O111707,2023-08-29,P0089,C00531,S012,1,39.28,0.0,39.28,18.15,21.13,2023,8,29
O108182,2023-08-29,P0099,C00625,S011,1,5.01,0.0,5.01,2.77,2.24,2023,8,29
O105556,2023-08-30,P0042,C01047,S009,1,9.86,0.15,8.38,6.23,2.15,2023,8,30
O110802,2023-08-30,P0031,C01151,S012,1,104.43,0.0,104.43,64.18,40.25,2023,8,30
O109394,2023-08-30,P0093,C00874,S004,4,13.08,0.2,41.86,36.64,5.22,2023,8,30
O111886,2023-08-30,P0084,C00574,S008,1,17.53,0.1,15.78,14.11,1.67,2023,8,30
O111604,2023-08-30,P0077,C00118,S004,1,130.07,0.0,130.07,107.65,22.42,2023,8,30
O109709,2023-08-30,P0093,C00742,S002,1,13.08,0.0,13.08,9.16,3.92,2023,8,30
O104174,2023-08-30,P0077,C00407,S007,1,130.07,0.05,123.57,107.65,15.92,2023,8,30
O105059,2023-08-30,P0021,C00872,S007,1,25.8,0.0,25.8,12.57,13.23,2023,8,30
O101135,2023-08-30,P0023,C00076,S004,2,818.22,0.0,1636.44,1260.3,376.14,2023,8,30
O104472,2023-08-31,P0057,C00209,S001,1,157.4,0.15,133.79,131.61,2.18,2023,8,31
O110518,2023-08-31,P0100,C00292,S006,1,142.46,0.0,142.46,91.14,51.32,2023,8,31
O108239,2023-08-31,P0073,C00153,S001,1,36.7,0.1,33.03,18.22,14.81,2023,8,31
O103353,2023-08-31,P0046,C01037,S002,1,69.45,0.0,69.45,42.58,26.87,2023,8,31
O100074,2023-08-31,P0026,C00551,S005,1,325.3,0.1,292.77,181.38,111.39,2023,8,31
O109221,2023-08-31,P0030,C00088,S003,1,41.4,0.1,37.26,25.21,12.05,2023,8,31
O107986,2023-08-31,P0049,C01183,S012,2,366.28,0.0,732.56,345.42,387.14,2023,8,31
O111531,2023-08-31,P0013,C00162,S001,2,45.23,0.1,81.41,49.64,31.77,2023,8,31
O102083,2023-08-31,P0078,C00605,S011,1,18.31,0.0,18.31,12.84,5.47,2023,8,31
O100338,2023-08-31,P0075,C01009,S001,2,10.1,0.0,20.2,14.98,5.22,2023,8,31
O101071,2023-08-31,P0059,C00305,S008,1,10.64,0.0,10.64,7.7,2.94,2023,8,31
O101765,2023-08-31,P0089,C00825,S008,4,39.28,0.0,157.12,72.6,84.52,2023,8,31
O104042,2023-08-31,P0002,C01161,S003,1,130.95,0.0,130.95,100.06,30.89,2023,8,31
O102298,2023-09-01,P0089,C00083,S001,3,39.28,0.1,106.06,54.45,51.61,2023,9,1
O107690,2023-09-01,P0048,C00663,S007,1,113.33,0.0,113.33,82.55,30.78,2023,9,1
O101087,2023-09-01,P0050,C01166,S005,1,9.87,0.0,9.87,4.74,5.13,2023,9,1
O100444,2023-09-01,P0039,C00678,S011,1,47.6,0.0,47.6,32.53,15.07,2023,9,1
O110259,2023-09-01,P0046,C00283,S010,1,69.45,0.0,69.45,42.58,26.87,2023,9,1
O104376,2023-09-01,P0091,C00206,S001,1,35.24,0.0,35.24,18.67,16.57,2023,9,1
O106765,2023-09-01,P0098,C00374,S009,1,37.83,0.0,37.83,29.0,8.83,2023,9,1
O111178,2023-09-01,P0097,C00153,S008,1,8.15,0.0,8.15,5.49,2.66,2023,9,1
O111494,2023-09-01,P0054,C00447,S008,3,42.97,0.1,116.02,87.36,28.66,2023,9,1
O111110,2023-09-01,P0003,C00675,S008,1,44.76,0.1,40.28,33.14,7.14,2023,9,1
O111912,2023-09-01,P0080,C00305,S006,3,20.59,0.0,61.77,41.82,19.95,2023,9,1
O111759,2023-09-01,P0052,C00823,S008,1,97.55,0.0,97.55,61.47,36.08,2023,9,1
O104235,2023-09-01,P0092,C00679,S009,2,41.48,0.0,82.96,50.82,32.14,2023,9,1
O102197,2023-09-01,P0085,C00658,S008,3,34.17,0.05,97.38,82.5,14.88,2023,9,1
O109254,2023-09-02,P0075,C01087,S006,3,10.1,0.1,27.27,22.47,4.8,2023,9,2
O107920,2023-09-02,P0022,C00813,S002,1,42.03,0.1,37.83,30.14,7.69,2023,9,2
O100970,2023-09-02,P0004,C00700,S010,2,29.55,0.0,59.1,28.96,30.14,2023,9,2
O103605,2023-09-02,P0011,C01053,S005,1,713.82,0.05,678.13,451.83,226.3,2023,9,2
O102766,2023-09-02,P0046,C00323,S009,1,69.45,0.0,69.45,42.58,26.87,2023,9,2
O103571,2023-09-02,P0012,C01196,S004,1,88.36,0.15,75.11,62.9,12.21,2023,9,2
O110962,2023-09-02,P0075,C00021,S009,3,10.1,0.1,27.27,22.47,4.8,2023,9,2
O110249,2023-09-02,P0051,C00556,S001,2,32.14,0.1,57.85,32.04,25.81,2023,9,2
O100486,2023-09-02,P0002,C00563,S010,2,130.95,0.0,261.9,200.12,61.78,2023,9,2
O107012,2023-09-02,P0039,C00782,S010,1,47.6,0.0,47.6,32.53,15.07,2023,9,2
O109837,2023-09-02,P0069,C00992,S008,1,85.27,0.05,81.01,65.86,15.15,2023,9,2
O109968,2023-09-02,P0099,C00215,S004,4,5.01,0.0,20.04,11.08,8.96,2023,9,2
O100333,2023-09-02,P0029,C00391,S010,1,93.75,0.0,93.75,68.76,24.99,2023,9,2
O110036,2023-09-03,P0084,C00025,S003,1,17.53,0.05,16.65,14.11,2.54,2023,9,3
O109096,2023-09-03,P0071,C00273,S006,1,9.68,0.0,9.68,7.38,2.3,2023,9,3
O100536,2023-09-03,P0036,C01182,S008,1,15.34,0.0,15.34,8.29,7.05,2023,9,3
O109890,2023-09-03,P0002,C00159,S011,2,130.95,0.1,235.71,200.12,35.59,2023,9,3
O103141,2023-09-03,P0098,C00139,S011,3,37.83,0.0,113.49,87.0,26.49,2023,9,3
O100865,2023-09-03,P0046,C00699,S010,1,69.45,0.0,69.45,42.58,26.87,2023,9,3
O105985,2023-09-03,P0088,C00973,S008,1,5.57,0.0,5.57,4.31,1.26,2023,9,3
O101916,2023-09-03,P0043,C00301,S007,1,11.09,0.1,9.98,5.81,4.17,2023,9,3
O102682,2023-09-03,P0072,C00869,S002,2,149.26,0.1,268.67,139.02,129.65,2023,9,3
O101372,2023-09-03,P0080,C00203,S001,1,20.59,0.0,20.59,13.94,6.65,2023,9,3
O107400,2023-09-03,P0024,C00788,S007,2,722.65,0.15,1228.5,847.16,381.34,2023,9,3
O111089,2023-09-03,P0071,C00700,S008,2,9.68,0.15,16.46,14.76,1.7,2023,9,3
O108403,2023-09-03,P0024,C00384,S002,2,722.65,0.0,1445.3,847.16,598.14,2023,9,3
O100071,2023-09-03,P0037,C00687,S001,1,61.48,0.05,58.41,48.1,10.31,2023,9,3
O105218,2023-09-04,P0040,C00972,S002,2,25.25,0.0,50.5,33.06,17.44,2023,9,4
O102697,2023-09-04,P0071,C00822,S009,1,9.68,0.1,8.71,7.38,1.33,2023,9,4
O110990,2023-09-04,P0089,C00024,S007,1,39.28,0.05,37.32,18.15,19.17,2023,9,4
O108070,2023-09-04,P0047,C00045,S006,2,125.46,0.0,250.92,119.8,131.12,2023,9,4
O103514,2023-09-04,P0065,C00384,S008,2,776.21,0.0,1552.42,771.08,781.34,2023,9,4
O101449,2023-09-04,P0051,C00868,S011,1,32.14,0.05,30.53,16.02,14.51,2023,9,4
O110825,2023-09-04,P0007,C00702,S010,1,99.07,0.0,99.07,74.71,24.36,2023,9,4
O107507,2023-09-04,P0066,C00647,S010,2,105.53,0.05,200.51,117.54,82.97,2023,9,4
O109816,2023-09-04,P0097,C00961,S003,1,8.15,0.0,8.15,5.49,2.66,2023,9,4
O103935,2023-09-04,P0010,C00807,S005,2,14.81,0.05,28.14,24.3,3.84,2023,9,4
O110672,2023-09-04,P0037,C00127,S011,3,61.48,0.15,156.77,144.3,12.47,2023,9,4
O101640,2023-09-04,P0014,C00163,S001,2,13.14,0.0,26.28,12.26,14.02,2023,9,4
O103444,2023-09-04,P0089,C00744,S006,5,39.28,0.05,186.58,90.75,95.83,2023,9,4
O104553,2023-09-04,P0044,C00834,S005,3,136.64,0.05,389.42,347.04,42.38,2023,9,4
O109212,2023-09-04,P0039,C01028,S007,5,47.6,0.1,214.2,162.65,51.55,2023,9,4
O110526,2023-09-04,P0034,C00203,S004,1,84.19,0.0,84.19,69.04,15.15,2023,9,4
O110474,2023-09-04,P0063,C00599,S011,1,112.94,0.0,112.94,90.69,22.25,2023,9,4
O111359,2023-09-04,P0009,C00624,S008,2,8.02,0.0,16.04,12.18,3.86,2023,9,4
O108740,2023-09-05,P0094,C00973,S011,1,21.21,0.1,19.09,12.17,6.92,2023,9,5
O104145,2023-09-05,P0048,C00835,S004,2,113.33,0.0,226.66,165.1,61.56,2023,9,5
O111169,2023-09-05,P0017,C01118,S009,1,25.27,0.0,25.27,17.77,7.5,2023,9,5
O103070,2023-09-05,P0034,C00561,S005,3,84.19,0.1,227.31,207.12,20.19,2023,9,5
O106960,2023-09-05,P0060,C00562,S007,1,80.71,0.05,76.67,51.25,25.42,2023,9,5
O109430,2023-09-05,P0077,C00442,S005,4,130.07,0.0,520.28,430.6,89.68,2023,9,5
O110940,2023-09-05,P0066,C00937,S006,1,105.53,0.1,94.98,58.77,36.21,2023,9,5
O109245,2023-09-05,P0077,C00120,S011,1,130.07,0.0,130.07,107.65,22.42,2023,9,5
O110678,2023-09-05,P0055,C00158,S008,2,24.74,0.1,44.53,34.96,9.57,2023,9,5
O107597,2023-09-05,P0022,C00939,S005,1,42.03,0.0,42.03,30.14,11.89,2023,9,5
O108818,2023-09-05,P0064,C01144,S011,3,12.06,0.0,36.18,16.44,19.74,2023,9,5
O109032,2023-09-05,P0063,C00233,S012,1,112.94,0.0,112.94,90.69,22.25,2023,9,5
O103085,2023-09-05,P0020,C00955,S004,1,30.45,0.0,30.45,20.59,9.86,2023,9,5
O110422,2023-09-05,P0096,C00027,S007,3,63.84,0.15,162.79,105.15,57.64,2023,9,5
O106003,2023-09-05,P0025,C00588,S002,2,18.6,0.0,37.2,28.18,9.02,2023,9,5
O104622,2023-09-05,P0047,C00402,S011,1,125.46,0.0,125.46,59.9,65.56,2023,9,5
O101104,2023-09-06,P0089,C00513,S003,2,39.28,0.0,78.56,36.3,42.26,2023,9,6
O110349,2023-09-06,P0091,C00209,S010,1,35.24,0.0,35.24,18.67,16.57,2023,9,6
O110890,2023-09-06,P0052,C00017,S012,1,97.55,0.05,92.67,61.47,31.2,2023,9,6
O103840,2023-09-06,P0038,C00549,S008,1,42.19,0.0,42.19,29.31,12.88,2023,9,6
O104546,2023-09-06,P0074,C00552,S002,10,106.15,0.2,849.2,692.4,156.8,2023,9,6
O110869,2023-09-06,P0032,C00073,S003,1,62.15,0.0,62.15,45.29,16.86,2023,9,6
O109690,2023-09-06,P0002,C00554,S012,1,130.95,0.0,130.95,100.06,30.89,2023,9,6
O106893,2023-09-06,P0077,C00528,S005,1,130.07,0.0,130.07,107.65,22.42,2023,9,6
O106984,2023-09-06,P0037,C00354,S005,1,61.48,0.0,61.48,48.1,13.38,2023,9,6
O107979,2023-09-06,P0057,C00492,S002,4,157.4,0.0,629.6,526.44,103.16,2023,9,6
O101233,2023-09-06,P0042,C00546,S012,2,9.86,0.0,19.72,12.46,7.26,2023,9,6
O105581,2023-09-06,P0034,C01163,S007,4,84.19,0.1,303.08,276.16,26.92,2023,9,6
O103460,2023-09-06,P0081,C00184,S005,1,143.09,0.1,128.78,110.0,18.78,2023,9,6
O106057,2023-09-06,P0080,C00887,S010,3,20.59,0.0,61.77,41.82,19.95,2023,9,6
O100415,2023-09-06,P0025,C01033,S003,1,18.6,0.0,18.6,14.09,4.51,2023,9,6
O106378,2023-09-06,P0040,C00941,S004,1,25.25,0.0,25.25,16.53,8.72,2023,9,6
O111575,2023-09-06,P0047,C00369,S001,1,125.46,0.0,125.46,59.9,65.56,2023,9,6
O102573,2023-09-06,P0022,C00490,S007,1,42.03,0.1,37.83,30.14,7.69,2023,9,6
O100918,2023-09-06,P0098,C00156,S012,1,37.83,0.05,35.94,29.0,6.94,2023,9,6
O104544,2023-09-07,P0021,C00671,S006,2,25.8,0.0,51.6,25.14,26.46,2023,9,7
O105750,2023-09-07,P0045,C00396,S002,1,131.19,0.0,131.19,106.88,24.31,2023,9,7
O108928,2023-09-07,P0002,C00736,S001,1,130.95,0.0,130.95,100.06,30.89,2023,9,7
O109317,2023-09-07,P0022,C00893,S002,1,42.03,0.05,39.93,30.14,9.79,2023,9,7
O108975,2023-09-07,P0053,C00271,S012,2,51.37,0.0,102.74,64.54,38.2,2023,9,7
O105785,2023-09-07,P0069,C01053,S007,1,85.27,0.15,72.48,65.86,6.62,2023,9,7
O101450,2023-09-07,P0093,C00470,S004,3,13.08,0.0,39.24,27.48,11.76,2023,9,7
O107156,2023-09-07,P0063,C00738,S002,10,112.94,0.0,1129.4,906.9,222.5,2023,9,7
O105505,2023-09-07,P0038,C00862,S002,1,42.19,0.0,42.19,29.31,12.88,2023,9,7
O101073,2023-09-07,P0036,C01052,S003,1,15.34,0.0,15.34,8.29,7.05,2023,9,7
O102430,2023-09-07,P0046,C00345,S002,1,69.45,0.0,69.45,42.58,26.87,2023,9,7
O111299,2023-09-07,P0023,C00188,S011,1,818.22,0.0,818.22,630.15,188.07,2023,9,7
O109719,2023-09-07,P0084,C00411,S008,3,17.53,0.0,52.59,42.33,10.26,2023,9,7
O106212,2023-09-07,P0073,C00991,S002,3,36.7,0.05,104.6,54.66,49.94,2023,9,7
O104259,2023-09-08,P0074,C01137,S005,1,106.15,0.0,106.15,69.24,36.91,2023,9,8
O106188,2023-09-08,P0038,C00972,S002,1,42.19,0.0,42.19,29.31,12.88,2023,9,8
O102832,2023-09-08,P0048,C00467,S001,1,113.33,0.0,113.33,82.55,30.78,2023,9,8
O100559,2023-09-08,P0059,C00292,S003,1,10.64,0.05,10.11,7.7,2.41,2023,9,8
O109503,2023-09-08,P0019,C00755,S012,1,138.62,0.05,131.69,68.15,63.54,2023,9,8
O106069,2023-09-08,P0012,C00105,S002,1,88.36,0.1,79.52,62.9,16.62,2023,9,8
O101637,2023-09-08,P0040,C00376,S002,3,25.25,0.1,68.18,49.59,18.59,2023,9,8
O101143,2023-09-08,P0091,C00590,S002,1,35.24,0.1,31.72,18.67,13.05,2023,9,8
O105560,2023-09-08,P0066,C00253,S003,1,105.53,0.0,105.53,58.77,46.76,2023,9,8
O110425,2023-09-08,P0022,C00932,S002,1,42.03,0.0,42.03,30.14,11.89,2023,9,8
O105999,2023-09-08,P0066,C00096,S008,1,105.53,0.0,105.53,58.77,46.76,2023,9,8
O103683,2023-09-08,P0001,C00909,S002,1,132.87,0.05,126.23,107.4,18.83,2023,9,8
O104996,2023-09-08,P0039,C01127,S004,1,47.6,0.0,47.6,32.53,15.07,2023,9,8
O106012,2023-09-08,P0006,C00233,S003,1,74.01,0.0,74.01,43.08,30.93,2023,9,8
O111035,2023-09-08,P0036,C00541,S012,1,15.34,0.15,13.04,8.29,4.75,2023,9,8
O102601,2023-09-08,P0087,C00276,S003,2,463.9,0.0,927.8,507.3,420.5,2023,9,8
O110468,2023-09-08,P0065,C00932,S001,1,776.21,0.0,776.21,385.54,390.67,2023,9,8
O101947,2023-09-08,P0041,C00861,S004,1,246.7,0.0,246.7,134.73,111.97,2023,9,8
O104284,2023-09-08,P0024,C00920,S005,2,722.65,0.1,1300.77,847.16,453.61,2023,9,8
O106193,2023-09-08,P0082,C00902,S007,1,28.43,0.0,28.43,21.73,6.7,2023,9,8
O104573,2023-09-08,P0081,C01000,S007,4,143.09,0.0,572.36,440.0,132.36,2023,9,8
O109142,2023-09-09,P0019,C00122,S004,1,138.62,0.0,138.62,68.15,70.47,2023,9,9
O106420,2023-09-09,P0044,C00372,S012,2,136.64,0.0,273.28,231.36,41.92,2023,9,9
O100015,2023-09-09,P0087,C00299,S010,4,463.9,0.0,1855.6,1014.6,841.0,2023,9,9
O110138,2023-09-09,P0073,C00257,S011,1,36.7,0.1,33.03,18.22,14.81,2023,9,9
O102389,2023-09-09,P0063,C00937,S004,1,112.94,0.0,112.94,90.69,22.25,2023,9,9
O100519,2023-09-09,P0006,C00159,S009,2,74.01,0.0,148.02,86.16,61.86,2023,9,9
O107148,2023-09-09,P0036,C00830,S003,1,15.34,0.0,15.34,8.29,7.05,2023,9,9
O108812,2023-09-09,P0074,C00307,S010,1,106.15,0.0,106.15,69.24,36.91,2023,9,9
O100165,2023-09-09,P0079,C00718,S011,2,120.53,0.0,241.06,186.2,54.86,2023,9,9
O103297,2023-09-09,P0074,C00963,S010,1,106.15,0.0,106.15,69.24,36.91,2023,9,9
O107639,2023-09-09,P0005,C01016,S001,1,15.5,0.0,15.5,12.07,3.43,2023,9,9
O107800,2023-09-09,P0019,C00797,S006,1,138.62,0.0,138.62,68.15,70.47,2023,9,9
O110007,2023-09-09,P0100,C00156,S008,2,142.46,0.0,284.92,182.28,102.64,2023,9,9
O109520,2023-09-09,P0081,C00634,S012,1,143.09,0.05,135.94,110.0,25.94,2023,9,9
O102533,2023-09-09,P0006,C00462,S002,2,74.01,0.0,148.02,86.16,61.86,2023,9,9
O109436,2023-09-09,P0047,C00298,S001,1,125.46,0.05,119.19,59.9,59.29,2023,9,9
O107138,2023-09-09,P0078,C00604,S007,1,18.31,0.0,18.31,12.84,5.47,2023,9,9
O103147,2023-09-09,P0036,C00903,S002,1,15.34,0.0,15.34,8.29,7.05,2023,9,9
O110787,2023-09-09,P0055,C00491,S011,4,24.74,0.0,98.96,69.92,29.04,2023,9,9
O109413,2023-09-09,P0077,C00617,S011,2,130.07,0.0,260.14,215.3,44.84,2023,9,9
O109655,2023-09-09,P0031,C00869,S010,1,104.43,0.15,88.77,64.18,24.59,2023,9,9
O107743,2023-09-09,P0077,C01178,S008,1,130.07,0.0,130.07,107.65,22.42,2023,9,9
O104775,2023-09-09,P0007,C00208,S002,3,99.07,0.0,297.21,224.13,73.08,2023,9,9
O100114,2023-09-09,P0013,C00508,S002,1,45.23,0.0,45.23,24.82,20.41,2023,9,9
O111799,2023-09-10,P0003,C00434,S010,2,44.76,0.0,89.52,66.28,23.24,2023,9,10
O109242,2023-09-10,P0022,C00775,S010,2,42.03,0.0,84.06,60.28,23.78,2023,9,10
O101232,2023-09-10,P0003,C00047,S008,2,44.76,0.0,89.52,66.28,23.24,2023,9,10
O108216,2023-09-10,P0050,C01060,S008,1,9.87,0.0,9.87,4.74,5.13,2023,9,10
O108268,2023-09-10,P0016,C00538,S003,5,547.4,0.0,2737.0,1987.05,749.95,2023,9,10
O100830,2023-09-10,P0044,C00577,S001,1,136.64,0.0,136.64,115.68,20.96,2023,9,10
O107190,2023-09-10,P0060,C01035,S006,1,80.71,0.0,80.71,51.25,29.46,2023,9,10
O102161,2023-09-10,P0036,C00532,S002,2,15.34,0.1,27.61,16.58,11.03,2023,9,10
O100098,2023-09-10,P0090,C00863,S009,5,575.16,0.05,2732.01,1878.65,853.36,2023,9,10
O107519,2023-09-10,P0013,C01145,S009,1,45.23,0.0,45.23,24.82,20.41,2023,9,10
O109003,2023-09-10,P0089,C00769,S001,2,39.28,0.1,70.7,36.3,34.4,2023,9,10
O105393,2023-09-10,P0057,C00854,S005,1,157.4,0.0,157.4,131.61,25.79,2023,9,10
O107397,2023-09-10,P0092,C01048,S001,2,41.48,0.0,82.96,50.82,32.14,2023,9,10
O109133,2023-09-10,P0094,C00452,S002,1,21.21,0.0,21.21,12.17,9.04,2023,9,10
O104944,2023-09-11,P0096,C00388,S005,1,63.84,0.0,63.84,35.05,28.79,2023,9,11
O103633,2023-09-11,P0041,C00905,S001,1,246.7,0.05,234.36,134.73,99.63,2023,9,11
O110231,2023-09-11,P0060,C00907,S006,2,80.71,0.0,161.42,102.5,58.92,2023,9,11
O101251,2023-09-11,P0100,C00735,S002,1,142.46,0.2,113.97,91.14,22.83,2023,9,11
O100568,2023-09-11,P0065,C00605,S002,1,776.21,0.0,776.21,385.54,390.67,2023,9,11
O103905,2023-09-11,P0015,C00277,S001,1,36.03,0.0,36.03,18.61,17.42,2023,9,11
O106187,2023-09-11,P0096,C00485,S002,1,63.84,0.1,57.46,35.05,22.41,2023,9,11
O100330,2023-09-11,P0031,C00064,S010,1,104.43,0.0,104.43,64.18,40.25,2023,9,11
O104839,2023-09-11,P0049,C01002,S004,5,366.28,0.0,1831.4,863.55,967.85,2023,9,11
O101819,2023-09-11,P0093,C00786,S012,1,13.08,0.1,11.77,9.16,2.61,2023,9,11
O102107,2023-09-11,P0096,C00147,S011,1,63.84,0.0,63.84,35.05,28.79,2023,9,11
O102097,2023-09-11,P0077,C00923,S010,1,130.07,0.0,130.07,107.65,22.42,2023,9,11
O102308,2023-09-12,P0099,C00313,S004,2,5.01,0.0,10.02,5.54,4.48,2023,9,12
O111246,2023-09-12,P0054,C00637,S011,1,42.97,0.0,42.97,29.12,13.85,2023,9,12
O106266,2023-09-12,P0012,C01166,S007,1,88.36,0.1,79.52,62.9,16.62,2023,9,12
O110300,2023-09-12,P0052,C00006,S004,2,97.55,0.1,175.59,122.94,52.65,2023,9,12
O106632,2023-09-12,P0056,C00230,S010,1,20.73,0.0,20.73,16.75,3.98,2023,9,12
O108531,2023-09-12,P0012,C00427,S011,1,88.36,0.0,88.36,62.9,25.46,2023,9,12
O101109,2023-09-12,P0032,C00957,S001,1,62.15,0.0,62.15,45.29,16.86,2023,9,12
O103779,2023-09-12,P0013,C01183,S006,2,45.23,0.1,81.41,49.64,31.77,2023,9,12
O101393,2023-09-12,P0022,C00229,S007,1,42.03,0.1,37.83,30.14,7.69,2023,9,12
O104927,2023-09-12,P0093,C00146,S005,2,13.08,0.0,26.16,18.32,7.84,2023,9,12
O108296,2023-09-12,P0090,C00911,S012,1,575.16,0.0,575.16,375.73,199.43,2023,9,12
O106901,2023-09-12,P0009,C00307,S007,4,8.02,0.15,27.27,24.36,2.91,2023,9,12
O109308,2023-09-12,P0095,C00712,S002,1,118.84,0.0,118.84,78.17,40.67,2023,9,12
O107277,2023-09-12,P0065,C00206,S005,1,776.21,0.1,698.59,385.54,313.05,2023,9,12
O103563,2023-09-12,P0057,C00876,S005,1,157.4,0.0,157.4,131.61,25.79,2023,9,12
O101147,2023-09-12,P0069,C00444,S003,5,85.27,0.0,426.35,329.3,97.05,2023,9,12
O101742,2023-09-12,P0054,C00312,S008,2,42.97,0.0,85.94,58.24,27.7,2023,9,12
O109442,2023-09-12,P0019,C00355,S006,1,138.62,0.0,138.62,68.15,70.47,2023,9,12
O107049,2023-09-12,P0070,C00946,S009,1,27.07,0.1,24.36,14.25,10.11,2023,9,12
O105735,2023-09-12,P0034,C00739,S002,3,84.19,0.1,227.31,207.12,20.19,2023,9,12
O102407,2023-09-12,P0033,C00266,S010,3,47.81,0.0,143.43,93.63,49.8,2023,9,12
O110859,2023-09-12,P0022,C01136,S006,1,42.03,0.0,42.03,30.14,11.89,2023,9,12
O109675,2023-09-12,P0037,C00507,S001,1,61.48,0.0,61.48,48.1,13.38,2023,9,12
O101974,2023-09-13,P0044,C00337,S003,1,136.64,0.0,136.64,115.68,20.96,2023,9,13
O108872,2023-09-13,P0070,C00419,S001,1,27.07,0.0,27.07,14.25,12.82,2023,9,13
O100851,2023-09-13,P0028,C01061,S011,1,453.33,0.0,453.33,253.96,199.37,2023,9,13
O107854,2023-09-13,P0059,C01035,S009,1,10.64,0.0,10.64,7.7,2.94,2023,9,13
O104383,2023-09-13,P0064,C00422,S010,2,12.06,0.0,24.12,10.96,13.16,2023,9,13
O100313,2023-09-13,P0065,C00576,S007,10,776.21,0.15,6597.78,3855.4,2742.38,2023,9,13
O110277,2023-09-13,P0068,C00425,S003,2,100.31,0.0,200.62,162.76,37.86,2023,9,13
O106390,2023-09-13,P0040,C00116,S010,1,25.25,0.0,25.25,16.53,8.72,2023,9,13
O108240,2023-09-13,P0069,C00140,S011,1,85.27,0.1,76.74,65.86,10.88,2023,9,13
O102102,2023-09-13,P0022,C00262,S009,1,42.03,0.05,39.93,30.14,9.79,2023,9,13
O106733,2023-09-13,P0088,C00277,S011,1,5.57,0.15,4.73,4.31,0.42,2023,9,13
O101890,2023-09-13,P0094,C00337,S002,2,21.21,0.0,42.42,24.34,18.08,2023,9,13
O105967,2023-09-13,P0008,C00319,S009,3,22.28,0.1,60.16,33.42,26.74,2023,9,13
O100968,2023-09-13,P0085,C00473,S003,2,34.17,0.2,54.67,55.0,-0.33,2023,9,13
O110305,2023-09-13,P0078,C00144,S006,1,18.31,0.0,18.31,12.84,5.47,2023,9,13
O104246,2023-09-13,P0032,C00532,S004,2,62.15,0.0,124.3,90.58,33.72,2023,9,13
O105027,2023-09-13,P0011,C00828,S004,1,713.82,0.1,642.44,451.83,190.61,2023,9,13
O103799,2023-09-14,P0036,C00795,S006,1,15.34,0.15,13.04,8.29,4.75,2023,9,14
O100131,2023-09-14,P0085,C00365,S010,2,34.17,0.05,64.92,55.0,9.92,2023,9,14
O109882,2023-09-14,P0077,C00163,S007,1,130.07,0.05,123.57,107.65,15.92,2023,9,14
O111535,2023-09-14,P0038,C00383,S006,1,42.19,0.0,42.19,29.31,12.88,2023,9,14
O100329,2023-09-14,P0024,C00234,S008,1,722.65,0.0,722.65,423.58,299.07,2023,9,14
O109365,2023-09-14,P0079,C00656,S003,1,120.53,0.0,120.53,93.1,27.43,2023,9,14
O111678,2023-09-14,P0028,C00510,S008,1,453.33,0.0,453.33,253.96,199.37,2023,9,14
O103247,2023-09-14,P0006,C00746,S011,2,74.01,0.1,133.22,86.16,47.06,2023,9,14
O108068,2023-09-14,P0018,C00367,S009,1,34.43,0.0,34.43,26.49,7.94,2023,9,14
O110522,2023-09-14,P0037,C00142,S006,1,61.48,0.0,61.48,48.1,13.38,2023,9,14
O105243,2023-09-14,P0088,C00260,S002,1,5.57,0.05,5.29,4.31,0.98,2023,9,14
O100674,2023-09-14,P0026,C00661,S007,1,325.3,0.1,292.77,181.38,111.39,2023,9,14
O100905,2023-09-14,P0023,C01049,S004,1,818.22,0.0,818.22,630.15,188.07,2023,9,14
O104395,2023-09-14,P0053,C00916,S007,2,51.37,0.0,102.74,64.54,38.2,2023,9,14
O104050,2023-09-14,P0081,C00861,S009,2,143.09,0.0,286.18,220.0,66.18,2023,9,14
O106735,2023-09-14,P0025,C00421,S006,1,18.6,0.1,16.74,14.09,2.65,2023,9,14
O104270,2023-09-14,P0075,C00149,S003,2,10.1,0.0,20.2,14.98,5.22,2023,9,14
O110061,2023-09-14,P0047,C01071,S001,1,125.46,0.0,125.46,59.9,65.56,2023,9,14
O107616,2023-09-14,P0054,C00949,S001,1,42.97,0.1,38.67,29.12,9.55,2023,9,14
O102024,2023-09-14,P0099,C01135,S001,1,5.01,0.0,5.01,2.77,2.24,2023,9,14
O107694,2023-09-14,P0016,C00796,S009,2,547.4,0.0,1094.8,794.82,299.98,2023,9,14
O103758,2023-09-15,P0058,C01092,S007,1,123.22,0.0,123.22,59.47,63.75,2023,9,15
O101035,2023-09-15,P0094,C00214,S009,1,21.21,0.15,18.03,12.17,5.86,2023,9,15
O106977,2023-09-15,P0040,C00990,S006,3,25.25,0.0,75.75,49.59,26.16,2023,9,15
O106878,2023-09-15,P0099,C00519,S012,1,5.01,0.0,5.01,2.77,2.24,2023,9,15
O104135,2023-09-15,P0004,C00908,S006,2,29.55,0.2,47.28,28.96,18.32,2023,9,15
O106971,2023-09-15,P0079,C01152,S006,1,120.53,0.1,108.48,93.1,15.38,2023,9,15
O109086,2023-09-15,P0075,C01147,S009,2,10.1,0.0,20.2,14.98,5.22,2023,9,15
O111353,2023-09-15,P0080,C00587,S011,3,20.59,0.1,55.59,41.82,13.77,2023,9,15
O109468,2023-09-15,P0059,C01121,S007,1,10.64,0.05,10.11,7.7,2.41,2023,9,15
O105115,2023-09-15,P0095,C00714,S005,1,118.84,0.0,118.84,78.17,40.67,2023,9,15
O111785,2023-09-15,P0011,C00413,S009,1,713.82,0.0,713.82,451.83,261.99,2023,9,15
O108075,2023-09-15,P0005,C01060,S006,1,15.5,0.1,13.95,12.07,1.88,2023,9,15
O110451,2023-09-15,P0029,C00558,S005,2,93.75,0.0,187.5,137.52,49.98,2023,9,15
O110899,2023-09-15,P0051,C00237,S005,1,32.14,0.1,28.93,16.02,12.91,2023,9,15
O106250,2023-09-15,P0073,C00303,S010,2,36.7,0.15,62.39,36.44,25.95,2023,9,15
O109508,2023-09-16,P0041,C00345,S006,2,246.7,0.0,493.4,269.46,223.94,2023,9,16
O110424,2023-09-16,P0078,C00083,S008,1,18.31,0.1,16.48,12.84,3.64,2023,9,16
O107306,2023-09-16,P0034,C00726,S009,1,84.19,0.0,84.19,69.04,15.15,2023,9,16
O102232,2023-09-16,P0025,C00263,S009,2,18.6,0.0,37.2,28.18,9.02,2023,9,16
O107909,2023-09-16,P0050,C00152,S003,4,9.87,0.0,39.48,18.96,20.52,2023,9,16
O107236,2023-09-16,P0086,C00399,S006,2,310.61,0.05,590.16,319.38,270.78,2023,9,16
O110845,2023-09-16,P0092,C00316,S012,1,41.48,0.0,41.48,25.41,16.07,2023,9,16
O105711,2023-09-16,P0072,C00252,S012,3,149.26,0.0,447.78,208.53,239.25,2023,9,16
O105038,2023-09-16,P0099,C00086,S010,3,5.01,0.05,14.28,8.31,5.97,2023,9,16
O108508,2023-09-16,P0042,C00913,S001,1,9.86,0.15,8.38,6.23,2.15,2023,9,16
O108808,2023-09-16,P0012,C00719,S007,2,88.36,0.0,176.72,125.8,50.92,2023,9,16
O100273,2023-09-16,P0043,C00891,S008,2,11.09,0.0,22.18,11.62,10.56,2023,9,16
O109154,2023-09-16,P0016,C01055,S002,1,547.4,0.0,547.4,397.41,149.99,2023,9,16
O109861,2023-09-16,P0080,C00158,S003,2,20.59,0.0,41.18,27.88,13.3,2023,9,16
O101271,2023-09-16,P0089,C00397,S007,2,39.28,0.0,78.56,36.3,42.26,2023,9,16
O105506,2023-09-16,P0028,C00123,S012,1,453.33,0.0,453.33,253.96,199.37,2023,9,16
O104071,2023-09-16,P0025,C00791,S011,1,18.6,0.1,16.74,14.09,2.65,2023,9,16
O100887,2023-09-16,P0049,C01087,S002,1,366.28,0.1,329.65,172.71,156.94,2023,9,16
O102898,2023-09-16,P0049,C00922,S007,1,366.28,0.0,366.28,172.71,193.57,2023,9,16
O110355,2023-09-16,P0062,C00379,S005,3,39.06,0.1,105.46,53.55,51.91,2023,9,16
O102178,2023-09-16,P0036,C00738,S006,1,15.34,0.05,14.57,8.29,6.28,2023,9,16
O105290,2023-09-17,P0027,C00277,S009,1,55.97,0.15,47.57,29.57,18.0,2023,9,17
O103281,2023-09-17,P0091,C00890,S011,2,35.24,0.0,70.48,37.34,33.14,2023,9,17
O108667,2023-09-17,P0058,C00665,S006,2,123.22,0.0,246.44,118.94,127.5,2023,9,17
O105276,2023-09-17,P0057,C00960,S007,5,157.4,0.1,708.3,658.05,50.25,2023,9,17
O108758,2023-09-17,P0092,C00367,S012,1,41.48,0.0,41.48,25.41,16.07,2023,9,17
O110291,2023-09-17,P0065,C00112,S012,1,776.21,0.0,776.21,385.54,390.67,2023,9,17
O107044,2023-09-17,P0043,C00680,S003,3,11.09,0.0,33.27,17.43,15.84,2023,9,17
O107541,2023-09-17,P0016,C00756,S008,1,547.4,0.0,547.4,397.41,149.99,2023,9,17
O108850,2023-09-17,P0012,C01137,S005,1,88.36,0.0,88.36,62.9,25.46,2023,9,17
O103657,2023-09-17,P0084,C01079,S005,2,17.53,0.0,35.06,28.22,6.84,2023,9,17
O108702,2023-09-18,P0096,C00755,S007,2,63.84,0.0,127.68,70.1,57.58,2023,9,18
O105164,2023-09-18,P0080,C00047,S009,1,20.59,0.0,20.59,13.94,6.65,2023,9,18
O109162,2023-09-18,P0034,C01026,S012,1,84.19,0.0,84.19,69.04,15.15,2023,9,18
O100620,2023-09-18,P0003,C00021,S010,1,44.76,0.0,44.76,33.14,11.62,2023,9,18
O103210,2023-09-18,P0030,C00147,S012,1,41.4,0.15,35.19,25.21,9.98,2023,9,18
O101791,2023-09-18,P0023,C00802,S011,2,818.22,0.0,1636.44,1260.3,376.14,2023,9,18
O101250,2023-09-18,P0004,C00909,S002,2,29.55,0.05,56.14,28.96,27.18,2023,9,18
O111144,2023-09-18,P0034,C00110,S011,5,84.19,0.15,357.81,345.2,12.61,2023,9,18
O109151,2023-09-18,P0079,C00628,S005,1,120.53,0.0,120.53,93.1,27.43,2023,9,18
O109959,2023-09-18,P0036,C01087,S005,4,15.34,0.0,61.36,33.16,28.2,2023,9,18
O110410,2023-09-18,P0052,C00759,S002,2,97.55,0.05,185.34,122.94,62.4,2023,9,18
O109336,2023-09-19,P0003,C01176,S011,3,44.76,0.05,127.57,99.42,28.15,2023,9,19
O101783,2023-09-19,P0069,C00860,S007,2,85.27,0.1,153.49,131.72,21.77,2023,9,19
O106792,2023-09-19,P0021,C00665,S011,1,25.8,0.05,24.51,12.57,11.94,2023,9,19
O106602,2023-09-19,P0041,C00017,S001,1,246.7,0.0,246.7,134.73,111.97,2023,9,19
O106942,2023-09-19,P0009,C01154,S011,1,8.02,0.1,7.22,6.09,1.13,2023,9,19
O111097,2023-09-19,P0048,C00585,S002,1,113.33,0.0,113.33,82.55,30.78,2023,9,19
O109616,2023-09-19,P0090,C00271,S001,1,575.16,0.05,546.4,375.73,170.67,2023,9,19
O108789,2023-09-19,P0100,C00795,S002,1,142.46,0.0,142.46,91.14,51.32,2023,9,19
O105856,2023-09-19,P0080,C00265,S007,1,20.59,0.15,17.5,13.94,3.56,2023,9,19
O100045,2023-09-19,P0011,C00147,S001,1,713.82,0.05,678.13,451.83,226.3,2023,9,19
O101219,2023-09-19,P0053,C00973,S009,1,51.37,0.1,46.23,32.27,13.96,2023,9,19
O111214,2023-09-19,P0072,C00749,S010,10,149.26,0.0,1492.6,695.1,797.5,2023,9,19
O106450,2023-09-19,P0028,C00306,S012,1,453.33,0.0,453.33,253.96,199.37,2023,9,19
O110282,2023-09-19,P0018,C00840,S009,3,34.43,0.0,103.29,79.47,23.82,2023,9,19
O109368,2023-09-19,P0048,C00246,S008,1,113.33,0.05,107.66,82.55,25.11,2023,9,19
O107565,2023-09-20,P0082,C00136,S007,2,28.43,0.0,56.86,43.46,13.4,2023,9,20
O102335,2023-09-20,P0077,C01183,S001,2,130.07,0.0,260.14,215.3,44.84,2023,9,20
O108469,2023-09-20,P0077,C00653,S003,2,130.07,0.1,234.13,215.3,18.83,2023,9,20
O110506,2023-09-20,P0047,C00819,S004,1,125.46,0.05,119.19,59.9,59.29,2023,9,20
O106189,2023-09-20,P0066,C00412,S004,1,105.53,0.0,105.53,58.77,46.76,2023,9,20
O101730,2023-09-20,P0008,C00950,S007,1,22.28,0.0,22.28,11.14,11.14,2023,9,20
O106360,2023-09-20,P0034,C00193,S007,1,84.19,0.0,84.19,69.04,15.15,2023,9,20
O100408,2023-09-20,P0038,C00455,S006,5,42.19,0.15,179.31,146.55,32.76,2023,9,20
O102800,2023-09-20,P0095,C00323,S002,1,118.84,0.0,118.84,78.17,40.67,2023,9,20
O106111,2023-09-21,P0055,C00277,S003,1,24.74,0.0,24.74,17.48,7.26,2023,9,21
O104456,2023-09-21,P0052,C00653,S011,1,97.55,0.15,82.92,61.47,21.45,2023,9,21
O106707,2023-09-21,P0011,C00453,S012,2,713.82,0.0,1427.64,903.66,523.98,2023,9,21
O105773,2023-09-21,P0053,C00132,S008,1,51.37,0.0,51.37,32.27,19.1,2023,9,21
O110969,2023-09-21,P0095,C00787,S012,1,118.84,0.0,118.84,78.17,40.67,2023,9,21
O101179,2023-09-21,P0035,C00305,S002,10,21.89,0.1,197.01,122.5,74.51,2023,9,21
O107322,2023-09-21,P0055,C00684,S007,2,24.74,0.0,49.48,34.96,14.52,2023,9,21
O103654,2023-09-21,P0042,C00374,S005,4,9.86,0.0,39.44,24.92,14.52,2023,9,21
O107709,2023-09-21,P0060,C00546,S011,2,80.71,0.1,145.28,102.5,42.78,2023,9,21
O100036,2023-09-21,P0031,C00241,S008,3,104.43,0.0,313.29,192.54,120.75,2023,9,21
O101464,2023-09-21,P0067,C00243,S009,2,5.57,0.0,11.14,6.5,4.64,2023,9,21
O109669,2023-09-21,P0082,C00742,S006,1,28.43,0.1,25.59,21.73,3.86,2023,9,21
O102344,2023-09-21,P0047,C00357,S011,2,125.46,0.15,213.28,119.8,93.48,2023,9,21
O110017,2023-09-21,P0066,C00822,S006,1,105.53,0.0,105.53,58.77,46.76,2023,9,21
O102798,2023-09-22,P0026,C00810,S009,1,325.3,0.0,325.3,181.38,143.92,2023,9,22
O107522,2023-09-22,P0053,C01028,S012,4,51.37,0.1,184.93,129.08,55.85,2023,9,22
O100066,2023-09-22,P0048,C01077,S012,1,113.33,0.0,113.33,82.55,30.78,2023,9,22
O105693,2023-09-22,P0098,C00341,S011,1,37.83,0.0,37.83,29.0,8.83,2023,9,22
O105669,2023-09-22,P0088,C00551,S008,1,5.57,0.05,5.29,4.31,0.98,2023,9,22
O110012,2023-09-22,P0011,C00521,S011,1,713.82,0.0,713.82,451.83,261.99,2023,9,22
O106078,2023-09-22,P0027,C00537,S007,2,55.97,0.0,111.94,59.14,52.8,2023,9,22
O105454,2023-09-22,P0012,C00824,S008,1,88.36,0.2,70.69,62.9,7.79,2023,9,22
O110853,2023-09-22,P0019,C00335,S003,1,138.62,0.0,138.62,68.15,70.47,2023,9,22
O109638,2023-09-22,P0012,C00381,S007,1,88.36,0.1,79.52,62.9,16.62,2023,9,22
O104429,2023-09-22,P0007,C00544,S011,2,99.07,0.1,178.33,149.42,28.91,2023,9,22
O110150,2023-09-22,P0006,C00939,S009,1,74.01,0.15,62.91,43.08,19.83,2023,9,22
O102637,2023-09-22,P0028,C00711,S007,2,453.33,0.0,906.66,507.92,398.74,2023,9,22
O101491,2023-09-23,P0061,C00928,S007,2,86.94,0.0,173.88,92.8,81.08,2023,9,23
O104701,2023-09-23,P0089,C00491,S006,3,39.28,0.15,100.16,54.45,45.71,2023,9,23
O104455,2023-09-23,P0023,C00154,S005,1,818.22,0.0,818.22,630.15,188.07,2023,9,23
O106523,2023-09-23,P0098,C00685,S007,1,37.83,0.0,37.83,29.0,8.83,2023,9,23
O104431,2023-09-23,P0012,C00108,S007,1,88.36,0.1,79.52,62.9,16.62,2023,9,23
O106449,2023-09-23,P0036,C00908,S002,3,15.34,0.0,46.02,24.87,21.15,2023,9,23
O110686,2023-09-23,P0093,C01174,S011,1,13.08,0.1,11.77,9.16,2.61,2023,9,23
O103415,2023-09-23,P0032,C01152,S010,1,62.15,0.0,62.15,45.29,16.86,2023,9,23
O101324,2023-09-23,P0076,C00144,S009,1,301.81,0.2,241.45,247.89,-6.44,2023,9,23
O100261,2023-09-23,P0031,C00141,S011,1,104.43,0.0,104.43,64.18,40.25,2023,9,23
O106121,2023-09-23,P0017,C01185,S010,1,25.27,0.0,25.27,17.77,7.5,2023,9,23
O101874,2023-09-23,P0009,C00383,S005,2,8.02,0.1,14.44,12.18,2.26,2023,9,23
O104019,2023-09-23,P0049,C00521,S001,1,366.28,0.0,366.28,172.71,193.57,2023,9,23
O102914,2023-09-23,P0044,C00222,S007,4,136.64,0.0,546.56,462.72,83.84,2023,9,23
O102286,2023-09-23,P0093,C00704,S006,2,13.08,0.0,26.16,18.32,7.84,2023,9,23
O105416,2023-09-23,P0025,C00218,S003,2,18.6,0.05,35.34,28.18,7.16,2023,9,23
O106425,2023-09-24,P0002,C00290,S011,2,130.95,0.0,261.9,200.12,61.78,2023,9,24
O103114,2023-09-24,P0055,C00185,S006,4,24.74,0.15,84.12,69.92,14.2,2023,9,24
O104876,2023-09-24,P0039,C00475,S003,1,47.6,0.0,47.6,32.53,15.07,2023,9,24
O111815,2023-09-24,P0033,C00734,S009,4,47.81,0.1,172.12,124.84,47.28,2023,9,24
O103149,2023-09-24,P0030,C00017,S005,2,41.4,0.0,82.8,50.42,32.38,2023,9,24
O107310,2023-09-24,P0062,C00322,S003,2,39.06,0.0,78.12,35.7,42.42,2023,9,24
O110639,2023-09-24,P0024,C00307,S012,2,722.65,0.0,1445.3,847.16,598.14,2023,9,24
O109341,2023-09-24,P0023,C00447,S001,1,818.22,0.15,695.49,630.15,65.34,2023,9,24
O101784,2023-09-24,P0019,C00728,S008,3,138.62,0.0,415.86,204.45,211.41,2023,9,24
O109784,2023-09-24,P0017,C00222,S007,1,25.27,0.1,22.74,17.77,4.97,2023,9,24
O106025,2023-09-24,P0049,C00999,S007,2,366.28,0.0,732.56,345.42,387.14,2023,9,24
O103921,2023-09-24,P0005,C00540,S003,1,15.5,0.0,15.5,12.07,3.43,2023,9,24
O106070,2023-09-24,P0079,C00126,S006,1,120.53,0.05,114.5,93.1,21.4,2023,9,24
O104580,2023-09-24,P0046,C00757,S002,1,69.45,0.0,69.45,42.58,26.87,2023,9,24
O108473,2023-09-24,P0011,C00828,S003,2,713.82,0.0,1427.64,903.66,523.98,2023,9,24
O104372,2023-09-24,P0082,C00667,S006,1,28.43,0.0,28.43,21.73,6.7,2023,9,24
O108302,2023-09-25,P0038,C00602,S007,1,42.19,0.1,37.97,29.31,8.66,2023,9,25
O110786,2023-09-25,P0065,C00442,S005,1,776.21,0.0,776.21,385.54,390.67,2023,9,25
O104164,2023-09-25,P0049,C00635,S010,10,366.28,0.0,3662.8,1727.1,1935.7,2023,9,25
O110753,2023-09-25,P0009,C00002,S008,1,8.02,0.0,8.02,6.09,1.93,2023,9,25
O100161,2023-09-25,P0085,C00484,S010,2,34.17,0.15,58.09,55.0,3.09,2023,9,25
O104868,2023-09-25,P0056,C00934,S012,1,20.73,0.0,20.73,16.75,3.98,2023,9,25
O111560,2023-09-25,P0063,C00286,S012,1,112.94,0.05,107.29,90.69,16.6,2023,9,25
O100683,2023-09-25,P0088,C00139,S010,2,5.57,0.15,9.47,8.62,0.85,2023,9,25
O108401,2023-09-25,P0094,C00011,S003,1,21.21,0.0,21.21,12.17,9.04,2023,9,25
O107962,2023-09-25,P0073,C00592,S009,1,36.7,0.0,36.7,18.22,18.48,2023,9,25
O111863,2023-09-25,P0095,C00356,S007,1,118.84,0.0,118.84,78.17,40.67,2023,9,25
O107574,2023-09-25,P0038,C00240,S011,2,42.19,0.0,84.38,58.62,25.76,2023,9,25
O105780,2023-09-25,P0044,C00784,S005,1,136.64,0.0,136.64,115.68,20.96,2023,9,25
O101245,2023-09-25,P0016,C00858,S008,1,547.4,0.1,492.66,397.41,95.25,2023,9,25
O110851,2023-09-25,P0078,C00557,S004,2,18.31,0.1,32.96,25.68,7.28,2023,9,25
O107174,2023-09-25,P0012,C00352,S009,4,88.36,0.05,335.77,251.6,84.17,2023,9,25
O105457,2023-09-25,P0081,C00739,S010,1,143.09,0.0,143.09,110.0,33.09,2023,9,25
O103786,2023-09-25,P0077,C00712,S001,1,130.07,0.0,130.07,107.65,22.42,2023,9,25
O110687,2023-09-25,P0065,C01123,S012,1,776.21,0.1,698.59,385.54,313.05,2023,9,25
O105636,2023-09-25,P0034,C00611,S008,1,84.19,0.1,75.77,69.04,6.73,2023,9,25
O106048,2023-09-26,P0062,C00620,S009,1,39.06,0.0,39.06,17.85,21.21,2023,9,26
O100524,2023-09-26,P0079,C00011,S003,1,120.53,0.1,108.48,93.1,15.38,2023,9,26
O103167,2023-09-26,P0079,C00453,S001,2,120.53,0.0,241.06,186.2,54.86,2023,9,26
O108101,2023-09-26,P0036,C00515,S009,1,15.34,0.0,15.34,8.29,7.05,2023,9,26
O104352,2023-09-26,P0056,C00765,S005,1,20.73,0.0,20.73,16.75,3.98,2023,9,26
O100515,2023-09-26,P0024,C00824,S006,1,722.65,0.0,722.65,423.58,299.07,2023,9,26
O109009,2023-09-26,P0069,C00135,S004,1,85.27,0.0,85.27,65.86,19.41,2023,9,26
O106782,2023-09-27,P0009,C00547,S001,2,8.02,0.0,16.04,12.18,3.86,2023,9,27
O107923,2023-09-27,P0082,C00827,S007,1,28.43,0.1,25.59,21.73,3.86,2023,9,27
O102957,2023-09-27,P0001,C00619,S010,2,132.87,0.0,265.74,214.8,50.94,2023,9,27
O106331,2023-09-27,P0060,C00588,S006,1,80.71,0.15,68.6,51.25,17.35,2023,9,27
O111853,2023-09-27,P0073,C00575,S002,1,36.7,0.1,33.03,18.22,14.81,2023,9,27
O106802,2023-09-27,P0078,C00163,S011,1,18.31,0.0,18.31,12.84,5.47,2023,9,27
O108922,2023-09-27,P0042,C00541,S004,1,9.86,0.15,8.38,6.23,2.15,2023,9,27
O102826,2023-09-27,P0019,C00904,S004,2,138.62,0.0,277.24,136.3,140.94,2023,9,27
O108943,2023-09-27,P0088,C00197,S011,1,5.57,0.0,5.57,4.31,1.26,2023,9,27
O111461,2023-09-27,P0008,C00138,S008,3,22.28,0.0,66.84,33.42,33.42,2023,9,27
O102105,2023-09-27,P0100,C00376,S003,10,142.46,0.0,1424.6,911.4,513.2,2023,9,27
O104600,2023-09-27,P0032,C00124,S008,1,62.15,0.0,62.15,45.29,16.86,2023,9,27
O111455,2023-09-27,P0056,C01152,S010,1,20.73,0.0,20.73,16.75,3.98,2023,9,27
O104158,2023-09-27,P0090,C00320,S012,1,575.16,0.0,575.16,375.73,199.43,2023,9,27
O107057,2023-09-27,P0009,C01074,S012,2,8.02,0.0,16.04,12.18,3.86,2023,9,27
O107121,2023-09-27,P0041,C00257,S005,2,246.7,0.05,468.73,269.46,199.27,2023,9,27
O105177,2023-09-27,P0088,C00139,S011,2,5.57,0.1,10.03,8.62,1.41,2023,9,27
O104738,2023-09-27,P0097,C00117,S007,1,8.15,0.0,8.15,5.49,2.66,2023,9,27
O108043,2023-09-27,P0074,C00956,S005,1,106.15,0.05,100.84,69.24,31.6,2023,9,27
O107177,2023-09-27,P0033,C00248,S007,1,47.81,0.0,47.81,31.21,16.6,2023,9,27
O108565,2023-09-27,P0061,C00674,S007,1,86.94,0.05,82.59,46.4,36.19,2023,9,27
O104807,2023-09-27,P0089,C00923,S006,1,39.28,0.1,35.35,18.15,17.2,2023,9,27
O111165,2023-09-28,P0060,C00318,S002,1,80.71,0.1,72.64,51.25,21.39,2023,9,28
O103454,2023-09-28,P0061,C00854,S010,5,86.94,0.0,434.7,232.0,202.7,2023,9,28
O109107,2023-09-28,P0046,C00992,S005,1,69.45,0.1,62.5,42.58,19.92,2023,9,28
O102322,2023-09-28,P0038,C00395,S010,1,42.19,0.1,37.97,29.31,8.66,2023,9,28
O104979,2023-09-28,P0083,C00240,S005,3,85.03,0.0,255.09,134.37,120.72,2023,9,28
O103421,2023-09-28,P0042,C00310,S010,1,9.86,0.0,9.86,6.23,3.63,2023,9,28
O111043,2023-09-28,P0056,C00207,S005,1,20.73,0.0,20.73,16.75,3.98,2023,9,28
O110227,2023-09-28,P0062,C00833,S001,1,39.06,0.0,39.06,17.85,21.21,2023,9,28
O105419,2023-09-28,P0067,C00712,S010,2,5.57,0.0,11.14,6.5,4.64,2023,9,28
O111514,2023-09-28,P0079,C00838,S009,10,120.53,0.0,1205.3,931.0,274.3,2023,9,28
O106060,2023-09-28,P0079,C00521,S012,1,120.53,0.0,120.53,93.1,27.43,2023,9,28
O103066,2023-09-28,P0100,C00240,S005,1,142.46,0.0,142.46,91.14,51.32,2023,9,28
O104404,2023-09-28,P0053,C00813,S007,1,51.37,0.1,46.23,32.27,13.96,2023,9,28
O103622,2023-09-28,P0047,C00955,S002,2,125.46,0.0,250.92,119.8,131.12,2023,9,28
O106264,2023-09-28,P0097,C00549,S011,1,8.15,0.0,8.15,5.49,2.66,2023,9,28
O110179,2023-09-28,P0058,C00619,S004,2,123.22,0.0,246.44,118.94,127.5,2023,9,28
O107087,2023-09-29,P0089,C00802,S012,3,39.28,0.0,117.84,54.45,63.39,2023,9,29
O106669,2023-09-29,P0002,C00566,S008,1,130.95,0.05,124.4,100.06,24.34,2023,9,29
O100650,2023-09-29,P0015,C00451,S008,2,36.03,0.0,72.06,37.22,34.84,2023,9,29
O101981,2023-09-29,P0072,C00419,S003,3,149.26,0.0,447.78,208.53,239.25,2023,9,29
O102498,2023-09-29,P0083,C01096,S007,1,85.03,0.0,85.03,44.79,40.24,2023,9,29
O103525,2023-09-29,P0049,C00428,S008,2,366.28,0.1,659.3,345.42,313.88,2023,9,29
O109622,2023-09-29,P0042,C00008,S012,1,9.86,0.05,9.37,6.23,3.14,2023,9,29
O103701,2023-09-29,P0021,C00272,S006,1,25.8,0.2,20.64,12.57,8.07,2023,9,29
O104782,2023-09-29,P0031,C01151,S012,5,104.43,0.05,496.04,320.9,175.14,2023,9,29
O111635,2023-09-29,P0015,C00895,S010,2,36.03,0.0,72.06,37.22,34.84,2023,9,29
O109961,2023-09-29,P0091,C01147,S001,2,35.24,0.0,70.48,37.34,33.14,2023,9,29
O109952,2023-09-29,P0032,C00013,S009,1,62.15,0.1,55.94,45.29,10.65,2023,9,29
O102061,2023-09-30,P0062,C01165,S002,1,39.06,0.0,39.06,17.85,21.21,2023,9,30
O106200,2023-09-30,P0087,C00253,S008,1,463.9,0.0,463.9,253.65,210.25,2023,9,30
O106991,2023-09-30,P0094,C00662,S009,2,21.21,0.0,42.42,24.34,18.08,2023,9,30
O101349,2023-09-30,P0015,C00270,S002,1,36.03,0.0,36.03,18.61,17.42,2023,9,30
O110615,2023-09-30,P0061,C00716,S008,1,86.94,0.05,82.59,46.4,36.19,2023,9,30
O111919,2023-09-30,P0082,C00597,S001,1,28.43,0.0,28.43,21.73,6.7,2023,9,30
O108968,2023-09-30,P0068,C00192,S008,1,100.31,0.0,100.31,81.38,18.93,2023,9,30
O108461,2023-09-30,P0020,C00159,S001,1,30.45,0.1,27.4,20.59,6.81,2023,9,30
O111328,2023-09-30,P0044,C01098,S010,1,136.64,0.0,136.64,115.68,20.96,2023,9,30
O101361,2023-09-30,P0079,C00912,S001,2,120.53,0.0,241.06,186.2,54.86,2023,9,30
O103570,2023-09-30,P0027,C00172,S009,1,55.97,0.05,53.17,29.57,23.6,2023,9,30
O109172,2023-09-30,P0008,C00587,S001,1,22.28,0.0,22.28,11.14,11.14,2023,9,30
O108257,2023-09-30,P0033,C01087,S002,1,47.81,0.05,45.42,31.21,14.21,2023,9,30
O103518,2023-10-01,P0005,C00442,S002,1,15.5,0.0,15.5,12.07,3.43,2023,10,1
O109592,2023-10-01,P0030,C00341,S010,2,41.4,0.0,82.8,50.42,32.38,2023,10,1
O109218,2023-10-01,P0085,C00341,S010,2,34.17,0.0,68.34,55.0,13.34,2023,10,1
O109772,2023-10-01,P0091,C00303,S001,1,35.24,0.0,35.24,18.67,16.57,2023,10,1
O104286,2023-10-01,P0034,C00404,S005,3,84.19,0.0,252.57,207.12,45.45,2023,10,1
O107967,2023-10-01,P0051,C00844,S001,1,32.14,0.0,32.14,16.02,16.12,2023,10,1
O105814,2023-10-01,P0016,C00941,S001,1,547.4,0.0,547.4,397.41,149.99,2023,10,1
O102434,2023-10-01,P0055,C00982,S006,1,24.74,0.1,22.27,17.48,4.79,2023,10,1
O111355,2023-10-01,P0024,C00849,S012,1,722.65,0.05,686.52,423.58,262.94,2023,10,1
O108613,2023-10-01,P0002,C00547,S004,1,130.95,0.0,130.95,100.06,30.89,2023,10,1
O101885,2023-10-01,P0057,C01043,S001,4,157.4,0.0,629.6,526.44,103.16,2023,10,1
O106747,2023-10-01,P0065,C00679,S001,2,776.21,0.1,1397.18,771.08,626.1,2023,10,1
O105718,2023-10-01,P0046,C00782,S007,1,69.45,0.0,69.45,42.58,26.87,2023,10,1
O105350,2023-10-01,P0049,C01190,S011,2,366.28,0.0,732.56,345.42,387.14,2023,10,1
O100600,2023-10-02,P0056,C01139,S004,3,20.73,0.05,59.08,50.25,8.83,2023,10,2
O102409,2023-10-02,P0098,C00628,S011,1,37.83,0.1,34.05,29.0,5.05,2023,10,2
O104878,2023-10-02,P0080,C00339,S002,2,20.59,0.05,39.12,27.88,11.24,2023,10,2
O102291,2023-10-02,P0074,C00746,S005,1,106.15,0.1,95.54,69.24,26.3,2023,10,2
O103231,2023-10-02,P0077,C00938,S008,2,130.07,0.1,234.13,215.3,18.83,2023,10,2
O109195,2023-10-02,P0073,C00336,S007,1,36.7,0.0,36.7,18.22,18.48,2023,10,2
O110841,2023-10-02,P0017,C00717,S011,4,25.27,0.05,96.03,71.08,24.95,2023,10,2
O111656,2023-10-02,P0077,C00604,S009,1,130.07,0.2,104.06,107.65,-3.59,2023,10,2
O104861,2023-10-02,P0066,C00660,S002,4,105.53,0.0,422.12,235.08,187.04,2023,10,2
O110868,2023-10-02,P0084,C01043,S012,4,17.53,0.0,70.12,56.44,13.68,2023,10,2
O105050,2023-10-02,P0085,C00863,S005,2,34.17,0.0,68.34,55.0,13.34,2023,10,2
O109088,2023-10-02,P0095,C00566,S006,4,118.84,0.0,475.36,312.68,162.68,2023,10,2
O111784,2023-10-02,P0036,C00562,S012,1,15.34,0.0,15.34,8.29,7.05,2023,10,2
O103064,2023-10-02,P0001,C00614,S001,1,132.87,0.0,132.87,107.4,25.47,2023,10,2
O110407,2023-10-02,P0034,C00299,S008,3,84.19,0.0,252.57,207.12,45.45,2023,10,2
O103585,2023-10-02,P0034,C01136,S006,1,84.19,0.0,84.19,69.04,15.15,2023,10,2
O102353,2023-10-03,P0008,C00286,S004,2,22.28,0.0,44.56,22.28,22.28,2023,10,3
O100093,2023-10-03,P0048,C00887,S010,5,113.33,0.05,538.32,412.75,125.57,2023,10,3
O105520,2023-10-03,P0006,C00649,S006,2,74.01,0.0,148.02,86.16,61.86,2023,10,3
O102034,2023-10-03,P0097,C00025,S011,1,8.15,0.05,7.74,5.49,2.25,2023,10,3
O110805,2023-10-03,P0063,C00616,S002,3,112.94,0.1,304.94,272.07,32.87,2023,10,3
O111887,2023-10-03,P0067,C00554,S005,1,5.57,0.0,5.57,3.25,2.32,2023,10,3
O109339,2023-10-03,P0099,C00219,S001,1,5.01,0.2,4.01,2.77,1.24,2023,10,3
O109402,2023-10-03,P0051,C01178,S005,1,32.14,0.0,32.14,16.02,16.12,2023,10,3
O102155,2023-10-03,P0016,C00159,S001,1,547.4,0.2,437.92,397.41,40.51,2023,10,3
O111763,2023-10-03,P0092,C01176,S009,1,41.48,0.0,41.48,25.41,16.07,2023,10,3
O107209,2023-10-03,P0083,C00123,S008,3,85.03,0.0,255.09,134.37,120.72,2023,10,3
O105450,2023-10-03,P0044,C00712,S011,5,136.64,0.0,683.2,578.4,104.8,2023,10,3
O110212,2023-10-03,P0056,C01032,S007,1,20.73,0.0,20.73,16.75,3.98,2023,10,3
O101800,2023-10-03,P0020,C01126,S009,2,30.45,0.1,54.81,41.18,13.63,2023,10,3
O100080,2023-10-03,P0033,C01119,S011,1,47.81,0.0,47.81,31.21,16.6,2023,10,3
O102698,2023-10-03,P0038,C00882,S012,2,42.19,0.05,80.16,58.62,21.54,2023,10,3
O110276,2023-10-03,P0008,C00591,S002,1,22.28,0.15,18.94,11.14,7.8,2023,10,3
O101287,2023-10-03,P0025,C00613,S011,1,18.6,0.1,16.74,14.09,2.65,2023,10,3
O111805,2023-10-03,P0049,C00011,S003,1,366.28,0.0,366.28,172.71,193.57,2023,10,3
O104540,2023-10-03,P0009,C01076,S003,1,8.02,0.2,6.42,6.09,0.33,2023,10,3
O106329,2023-10-03,P0067,C00018,S011,2,5.57,0.0,11.14,6.5,4.64,2023,10,3
O104393,2023-10-03,P0081,C00679,S012,1,143.09,0.0,143.09,110.0,33.09,2023,10,3
O107950,2023-10-04,P0045,C00342,S004,1,131.19,0.1,118.07,106.88,11.19,2023,10,4
O108583,2023-10-04,P0075,C00158,S004,4,10.1,0.0,40.4,29.96,10.44,2023,10,4
O101821,2023-10-04,P0024,C00643,S010,4,722.65,0.0,2890.6,1694.32,1196.28,2023,10,4
O103861,2023-10-04,P0013,C00649,S004,1,45.23,0.1,40.71,24.82,15.89,2023,10,4
O103670,2023-10-04,P0050,C00443,S011,1,9.87,0.0,9.87,4.74,5.13,2023,10,4
O102897,2023-10-04,P0055,C00329,S001,1,24.74,0.0,24.74,17.48,7.26,2023,10,4
O104320,2023-10-04,P0001,C00961,S012,5,132.87,0.05,631.13,537.0,94.13,2023,10,4
O104952,2023-10-04,P0098,C01096,S005,1,37.83,0.05,35.94,29.0,6.94,2023,10,4
O110390,2023-10-04,P0093,C00184,S006,1,13.08,0.0,13.08,9.16,3.92,2023,10,4
O102305,2023-10-04,P0018,C00548,S009,3,34.43,0.05,98.13,79.47,18.66,2023,10,4
O111423,2023-10-04,P0022,C01126,S002,4,42.03,0.0,168.12,120.56,47.56,2023,10,4
O103426,2023-10-04,P0100,C00697,S003,1,142.46,0.1,128.21,91.14,37.07,2023,10,4
O102674,2023-10-04,P0038,C00794,S005,1,42.19,0.05,40.08,29.31,10.77,2023,10,4
O110038,2023-10-04,P0011,C01046,S001,1,713.82,0.05,678.13,451.83,226.3,2023,10,4
O109553,2023-10-04,P0074,C00963,S011,1,106.15,0.0,106.15,69.24,36.91,2023,10,4
O109238,2023-10-04,P0092,C00003,S004,1,41.48,0.0,41.48,25.41,16.07,2023,10,4
O102494,2023-10-05,P0081,C00689,S003,2,143.09,0.0,286.18,220.0,66.18,2023,10,5
O104190,2023-10-05,P0046,C01145,S008,10,69.45,0.0,694.5,425.8,268.7,2023,10,5
O106178,2023-10-05,P0060,C01038,S005,2,80.71,0.0,161.42,102.5,58.92,2023,10,5
O103768,2023-10-05,P0090,C01180,S005,1,575.16,0.0,575.16,375.73,199.43,2023,10,5
O109089,2023-10-05,P0094,C01128,S011,1,21.21,0.05,20.15,12.17,7.98,2023,10,5
O109145,2023-10-05,P0093,C00080,S002,3,13.08,0.0,39.24,27.48,11.76,2023,10,5
O106253,2023-10-05,P0074,C00502,S004,1,106.15,0.0,106.15,69.24,36.91,2023,10,5
O101857,2023-10-05,P0029,C00481,S012,1,93.75,0.15,79.69,68.76,10.93,2023,10,5
O105098,2023-10-05,P0017,C00748,S004,1,25.27,0.0,25.27,17.77,7.5,2023,10,5
O108152,2023-10-05,P0050,C00525,S003,4,9.87,0.0,39.48,18.96,20.52,2023,10,5
O106560,2023-10-05,P0005,C00529,S011,2,15.5,0.15,26.35,24.14,2.21,2023,10,5
O106939,2023-10-06,P0093,C00944,S010,2,13.08,0.0,26.16,18.32,7.84,2023,10,6
O102645,2023-10-06,P0019,C00088,S002,1,138.62,0.0,138.62,68.15,70.47,2023,10,6
O111944,2023-10-06,P0016,C00274,S001,5,547.4,0.1,2463.3,1987.05,476.25,2023,10,6
O103264,2023-10-06,P0039,C00234,S010,3,47.6,0.05,135.66,97.59,38.07,2023,10,6
O110453,2023-10-06,P0060,C00388,S004,2,80.71,0.05,153.35,102.5,50.85,2023,10,6
O111363,2023-10-06,P0024,C00169,S012,1,722.65,0.05,686.52,423.58,262.94,2023,10,6
O109417,2023-10-06,P0010,C00683,S008,1,14.81,0.05,14.07,12.15,1.92,2023,10,6
O109660,2023-10-06,P0039,C00538,S007,1,47.6,0.05,45.22,32.53,12.69,2023,10,6
O102271,2023-10-06,P0080,C00084,S004,1,20.59,0.1,18.53,13.94,4.59,2023,10,6
O109276,2023-10-06,P0035,C00730,S002,1,21.89,0.1,19.7,12.25,7.45,2023,10,6
O101154,2023-10-06,P0035,C00076,S006,1,21.89,0.05,20.8,12.25,8.55,2023,10,6
O108616,2023-10-06,P0083,C01153,S009,1,85.03,0.0,85.03,44.79,40.24,2023,10,6
O110413,2023-10-06,P0018,C00094,S010,1,34.43,0.0,34.43,26.49,7.94,2023,10,6
O104946,2023-10-06,P0095,C00828,S010,1,118.84,0.0,118.84,78.17,40.67,2023,10,6
O100129,2023-10-07,P0023,C00005,S006,1,818.22,0.0,818.22,630.15,188.07,2023,10,7
O105280,2023-10-07,P0014,C00240,S004,1,13.14,0.1,11.83,6.13,5.7,2023,10,7
O100164,2023-10-07,P0033,C01026,S002,4,47.81,0.0,191.24,124.84,66.4,2023,10,7
O100644,2023-10-07,P0068,C00568,S006,1,100.31,0.0,100.31,81.38,18.93,2023,10,7
O103540,2023-10-07,P0030,C00460,S008,1,41.4,0.05,39.33,25.21,14.12,2023,10,7
O107788,2023-10-07,P0022,C01121,S006,4,42.03,0.1,151.31,120.56,30.75,2023,10,7
O101834,2023-10-07,P0019,C00801,S001,5,138.62,0.0,693.1,340.75,352.35,2023,10,7
O105412,2023-10-07,P0055,C00453,S006,1,24.74,0.0,24.74,17.48,7.26,2023,10,7
O110254,2023-10-07,P0099,C00337,S005,5,5.01,0.0,25.05,13.85,11.2,2023,10,7
O108582,2023-10-07,P0029,C00095,S003,1,93.75,0.0,93.75,68.76,24.99,2023,10,7
O100939,2023-10-07,P0002,C00586,S009,1,130.95,0.0,130.95,100.06,30.89,2023,10,7
O107531,2023-10-07,P0005,C00511,S011,1,15.5,0.0,15.5,12.07,3.43,2023,10,7
O108278,2023-10-07,P0035,C00237,S009,2,21.89,0.15,37.21,24.5,12.71,2023,10,7
O107928,2023-10-07,P0006,C00713,S011,1,74.01,0.05,70.31,43.08,27.23,2023,10,7
O105805,2023-10-07,P0091,C00012,S008,1,35.24,0.0,35.24,18.67,16.57,2023,10,7
O105291,2023-10-08,P0064,C00215,S005,4,12.06,0.0,48.24,21.92,26.32,2023,10,8
O104975,2023-10-08,P0001,C00894,S002,1,132.87,0.0,132.87,107.4,25.47,2023,10,8
O104391,2023-10-08,P0076,C00433,S009,1,301.81,0.0,301.81,247.89,53.92,2023,10,8
O109307,2023-10-08,P0084,C01087,S011,2,17.53,0.0,35.06,28.22,6.84,2023,10,8
O110352,2023-10-08,P0017,C00527,S009,1,25.27,0.1,22.74,17.77,4.97,2023,10,8
O102248,2023-10-08,P0071,C00813,S010,1,9.68,0.0,9.68,7.38,2.3,2023,10,8
O101676,2023-10-08,P0071,C00993,S009,1,9.68,0.0,9.68,7.38,2.3,2023,10,8
O105365,2023-10-08,P0036,C00271,S011,1,15.34,0.0,15.34,8.29,7.05,2023,10,8
O109974,2023-10-08,P0010,C00758,S011,1,14.81,0.0,14.81,12.15,2.66,2023,10,8
O108540,2023-10-08,P0096,C00007,S001,4,63.84,0.05,242.59,140.2,102.39,2023,10,8
O106375,2023-10-08,P0095,C00679,S012,1,118.84,0.0,118.84,78.17,40.67,2023,10,8
O109918,2023-10-08,P0026,C00863,S006,2,325.3,0.0,650.6,362.76,287.84,2023,10,8
O104381,2023-10-08,P0096,C00949,S010,1,63.84,0.1,57.46,35.05,22.41,2023,10,8
O107142,2023-10-08,P0080,C00518,S012,1,20.59,0.0,20.59,13.94,6.65,2023,10,8
O103232,2023-10-08,P0067,C00831,S008,3,5.57,0.05,15.87,9.75,6.12,2023,10,8
O103694,2023-10-08,P0048,C00832,S001,1,113.33,0.0,113.33,82.55,30.78,2023,10,8
O108324,2023-10-08,P0032,C00262,S010,4,62.15,0.0,248.6,181.16,67.44,2023,10,8
O101837,2023-10-08,P0019,C01168,S003,1,138.62,0.1,124.76,68.15,56.61,2023,10,8
O104695,2023-10-08,P0052,C00724,S001,2,97.55,0.05,185.34,122.94,62.4,2023,10,8
O101549,2023-10-08,P0002,C00518,S002,3,130.95,0.05,373.21,300.18,73.03,2023,10,8
O100286,2023-10-08,P0100,C00923,S001,1,142.46,0.0,142.46,91.14,51.32,2023,10,8
O106354,2023-10-08,P0077,C00528,S001,2,130.07,0.0,260.14,215.3,44.84,2023,10,8
O100265,2023-10-08,P0012,C00114,S006,2,88.36,0.2,141.38,125.8,15.58,2023,10,8
O102128,2023-10-08,P0029,C01101,S004,1,93.75,0.05,89.06,68.76,20.3,2023,10,8
O100867,2023-10-08,P0058,C01158,S005,2,123.22,0.1,221.8,118.94,102.86,2023,10,8
O102904,2023-10-08,P0061,C00507,S008,1,86.94,0.05,82.59,46.4,36.19,2023,10,8
O105283,2023-10-09,P0037,C01195,S011,2,61.48,0.15,104.52,96.2,8.32,2023,10,9
O103951,2023-10-09,P0092,C00590,S008,1,41.48,0.0,41.48,25.41,16.07,2023,10,9
O110337,2023-10-09,P0068,C00902,S008,1,100.31,0.0,100.31,81.38,18.93,2023,10,9
O101656,2023-10-09,P0064,C00201,S001,2,12.06,0.2,19.3,10.96,8.34,2023,10,9
O106627,2023-10-09,P0006,C00952,S006,1,74.01,0.0,74.01,43.08,30.93,2023,10,9
O105745,2023-10-09,P0059,C00340,S008,1,10.64,0.0,10.64,7.7,2.94,2023,10,9
O103377,2023-10-09,P0015,C00529,S002,1,36.03,0.2,28.82,18.61,10.21,2023,10,9
O105793,2023-10-09,P0059,C01154,S001,1,10.64,0.0,10.64,7.7,2.94,2023,10,9
O100677,2023-10-09,P0041,C00638,S002,1,246.7,0.0,246.7,134.73,111.97,2023,10,9
O100013,2023-10-09,P0071,C00207,S010,1,9.68,0.1,8.71,7.38,1.33,2023,10,9
O110795,2023-10-09,P0009,C00488,S008,1,8.02,0.15,6.82,6.09,0.73,2023,10,9
O105156,2023-10-09,P0072,C00219,S007,1,149.26,0.0,149.26,69.51,79.75,2023,10,9
O110562,2023-10-09,P0006,C00325,S010,1,74.01,0.05,70.31,43.08,27.23,2023,10,9
O111720,2023-10-09,P0002,C00371,S008,2,130.95,0.05,248.8,200.12,48.68,2023,10,9
O106080,2023-10-09,P0031,C00152,S001,2,104.43,0.1,187.97,128.36,59.61,2023,10,9
O108843,2023-10-09,P0007,C01198,S005,1,99.07,0.0,99.07,74.71,24.36,2023,10,9
O106268,2023-10-09,P0010,C00955,S011,1,14.81,0.0,14.81,12.15,2.66,2023,10,9
O105813,2023-10-09,P0088,C00359,S001,4,5.57,0.0,22.28,17.24,5.04,2023,10,9
O103343,2023-10-09,P0057,C00739,S002,1,157.4,0.0,157.4,131.61,25.79,2023,10,9
O111091,2023-10-09,P0078,C01155,S007,2,18.31,0.0,36.62,25.68,10.94,2023,10,9
O103152,2023-10-09,P0026,C00088,S001,1,325.3,0.0,325.3,181.38,143.92,2023,10,9
O108326,2023-10-10,P0037,C00089,S001,1,61.48,0.0,61.48,48.1,13.38,2023,10,10
O106970,2023-10-10,P0042,C00833,S011,3,9.86,0.0,29.58,18.69,10.89,2023,10,10
O108262,2023-10-10,P0031,C00849,S006,3,104.43,0.0,313.29,192.54,120.75,2023,10,10
O103708,2023-10-10,P0034,C00534,S007,2,84.19,0.0,168.38,138.08,30.3,2023,10,10
O101902,2023-10-10,P0011,C00551,S008,1,713.82,0.0,713.82,451.83,261.99,2023,10,10
O110946,2023-10-10,P0005,C00101,S002,3,15.5,0.15,39.52,36.21,3.31,2023,10,10
O103575,2023-10-10,P0088,C01025,S009,1,5.57,0.0,5.57,4.31,1.26,2023,10,10
O103553,2023-10-10,P0094,C00538,S009,1,21.21,0.05,20.15,12.17,7.98,2023,10,10
O107234,2023-10-10,P0021,C00781,S009,1,25.8,0.05,24.51,12.57,11.94,2023,10,10
O100822,2023-10-10,P0081,C00458,S009,1,143.09,0.05,135.94,110.0,25.94,2023,10,10
O104752,2023-10-10,P0079,C00731,S011,2,120.53,0.1,216.95,186.2,30.75,2023,10,10
O102199,2023-10-10,P0059,C00258,S007,2,10.64,0.0,21.28,15.4,5.88,2023,10,10
O104430,2023-10-10,P0068,C00280,S002,3,100.31,0.0,300.93,244.14,56.79,2023,10,10
O105355,2023-10-10,P0100,C00232,S012,1,142.46,0.15,121.09,91.14,29.95,2023,10,10
O106400,2023-10-10,P0050,C00627,S002,3,9.87,0.05,28.13,14.22,13.91,2023,10,10
O106905,2023-10-10,P0018,C00248,S007,1,34.43,0.0,34.43,26.49,7.94,2023,10,10
O110387,2023-10-10,P0027,C01064,S007,1,55.97,0.0,55.97,29.57,26.4,2023,10,10
O110714,2023-10-10,P0026,C00139,S008,1,325.3,0.0,325.3,181.38,143.92,2023,10,10
O106916,2023-10-10,P0037,C00680,S011,1,61.48,0.05,58.41,48.1,10.31,2023,10,10
O109599,2023-10-10,P0044,C00448,S001,2,136.64,0.05,259.62,231.36,28.26,2023,10,10
O111528,2023-10-10,P0002,C00824,S006,1,130.95,0.05,124.4,100.06,24.34,2023,10,10
O109209,2023-10-11,P0070,C01191,S008,1,27.07,0.0,27.07,14.25,12.82,2023,10,11
O104422,2023-10-11,P0080,C00946,S003,1,20.59,0.15,17.5,13.94,3.56,2023,10,11
O110312,2023-10-11,P0009,C00398,S005,3,8.02,0.2,19.25,18.27,0.98,2023,10,11
O105189,2023-10-11,P0053,C00909,S006,1,51.37,0.15,43.66,32.27,11.39,2023,10,11
O100661,2023-10-11,P0019,C00228,S006,1,138.62,0.0,138.62,68.15,70.47,2023,10,11
O101337,2023-10-11,P0069,C01093,S002,1,85.27,0.0,85.27,65.86,19.41,2023,10,11
O110190,2023-10-11,P0005,C00107,S006,1,15.5,0.2,12.4,12.07,0.33,2023,10,11
O110530,2023-10-11,P0082,C00889,S008,1,28.43,0.1,25.59,21.73,3.86,2023,10,11
O106495,2023-10-11,P0030,C00430,S003,1,41.4,0.0,41.4,25.21,16.19,2023,10,11
O109167,2023-10-11,P0095,C00975,S010,3,118.84,0.1,320.87,234.51,86.36,2023,10,11
O103980,2023-10-11,P0090,C00969,S001,2,575.16,0.05,1092.8,751.46,341.34,2023,10,11
O107050,2023-10-11,P0050,C01171,S011,2,9.87,0.0,19.74,9.48,10.26,2023,10,11
O105796,2023-10-11,P0068,C00394,S002,1,100.31,0.1,90.28,81.38,8.9,2023,10,11
O101092,2023-10-12,P0043,C01090,S011,1,11.09,0.0,11.09,5.81,5.28,2023,10,12
O106155,2023-10-12,P0082,C00901,S011,1,28.43,0.0,28.43,21.73,6.7,2023,10,12
O103326,2023-10-12,P0015,C00273,S005,1,36.03,0.15,30.63,18.61,12.02,2023,10,12
O107538,2023-10-12,P0012,C00537,S007,2,88.36,0.0,176.72,125.8,50.92,2023,10,12
O102303,2023-10-12,P0073,C00585,S007,1,36.7,0.0,36.7,18.22,18.48,2023,10,12
O108161,2023-10-12,P0005,C00369,S010,1,15.5,0.0,15.5,12.07,3.43,2023,10,12
O104321,2023-10-12,P0032,C01141,S009,2,62.15,0.1,111.87,90.58,21.29,2023,10,12
O103502,2023-10-12,P0067,C00331,S004,1,5.57,0.0,5.57,3.25,2.32,2023,10,12
O100297,2023-10-12,P0034,C01073,S002,1,84.19,0.0,84.19,69.04,15.15,2023,10,12
O105326,2023-10-12,P0008,C00621,S011,1,22.28,0.0,22.28,11.14,11.14,2023,10,12
O109050,2023-10-12,P0033,C00301,S007,1,47.81,0.0,47.81,31.21,16.6,2023,10,12
O110546,2023-10-12,P0098,C01057,S006,2,37.83,0.0,75.66,58.0,17.66,2023,10,12
O105235,2023-10-12,P0078,C00787,S011,2,18.31,0.1,32.96,25.68,7.28,2023,10,12
O104685,2023-10-12,P0007,C00370,S002,1,99.07,0.15,84.21,74.71,9.5,2023,10,12
O110052,2023-10-12,P0089,C00231,S006,1,39.28,0.15,33.39,18.15,15.24,2023,10,12
O100242,2023-10-12,P0099,C00344,S004,1,5.01,0.1,4.51,2.77,1.74,2023,10,12
O106202,2023-10-12,P0041,C00710,S009,1,246.7,0.0,246.7,134.73,111.97,2023,10,12
O109894,2023-10-12,P0087,C00043,S011,1,463.9,0.0,463.9,253.65,210.25,2023,10,12
O101777,2023-10-12,P0098,C00362,S003,1,37.83,0.0,37.83,29.0,8.83,2023,10,12
O109191,2023-10-12,P0052,C00402,S002,1,97.55,0.0,97.55,61.47,36.08,2023,10,12
O105405,2023-10-13,P0065,C01157,S006,1,776.21,0.0,776.21,385.54,390.67,2023,10,13
O108914,2023-10-13,P0095,C01035,S005,1,118.84,0.0,118.84,78.17,40.67,2023,10,13
O100923,2023-10-13,P0011,C00193,S008,2,713.82,0.15,1213.49,903.66,309.83,2023,10,13
O104741,2023-10-13,P0086,C01185,S009,10,310.61,0.1,2795.49,1596.9,1198.59,2023,10,13
O106864,2023-10-13,P0035,C00113,S001,2,21.89,0.05,41.59,24.5,17.09,2023,10,13
O110637,2023-10-13,P0075,C00211,S001,2,10.1,0.0,20.2,14.98,5.22,2023,10,13
O109106,2023-10-13,P0062,C00487,S005,2,39.06,0.0,78.12,35.7,42.42,2023,10,13
O102514,2023-10-13,P0076,C00306,S002,1,301.81,0.0,301.81,247.89,53.92,2023,10,13
O104327,2023-10-13,P0020,C00817,S009,1,30.45,0.0,30.45,20.59,9.86,2023,10,13
O102873,2023-10-13,P0091,C00878,S001,2,35.24,0.05,66.96,37.34,29.62,2023,10,13
O109434,2023-10-13,P0062,C00111,S002,2,39.06,0.15,66.4,35.7,30.7,2023,10,13
O104002,2023-10-13,P0028,C00490,S008,1,453.33,0.0,453.33,253.96,199.37,2023,10,13
O104990,2023-10-13,P0039,C00476,S004,1,47.6,0.15,40.46,32.53,7.93,2023,10,13
O101019,2023-10-13,P0078,C00952,S007,2,18.31,0.0,36.62,25.68,10.94,2023,10,13
O111398,2023-10-13,P0070,C00073,S005,2,27.07,0.05,51.43,28.5,22.93,2023,10,13
O109374,2023-10-13,P0029,C00554,S011,3,93.75,0.0,281.25,206.28,74.97,2023,10,13
O105913,2023-10-13,P0058,C00653,S006,1,123.22,0.0,123.22,59.47,63.75,2023,10,13
O109653,2023-10-13,P0053,C01085,S010,1,51.37,0.05,48.8,32.27,16.53,2023,10,13
O104706,2023-10-13,P0021,C00538,S008,1,25.8,0.0,25.8,12.57,13.23,2023,10,13
O111422,2023-10-14,P0055,C01074,S007,2,24.74,0.15,42.06,34.96,7.1,2023,10,14
O102333,2023-10-14,P0040,C00333,S009,1,25.25,0.0,25.25,16.53,8.72,2023,10,14
O104662,2023-10-14,P0077,C00259,S006,4,130.07,0.1,468.25,430.6,37.65,2023,10,14
O109251,2023-10-14,P0042,C00233,S005,1,9.86,0.0,9.86,6.23,3.63,2023,10,14
O100571,2023-10-14,P0020,C00871,S009,3,30.45,0.0,91.35,61.77,29.58,2023,10,14
O111967,2023-10-14,P0004,C00805,S002,2,29.55,0.0,59.1,28.96,30.14,2023,10,14
O107912,2023-10-14,P0001,C00057,S002,1,132.87,0.05,126.23,107.4,18.83,2023,10,14
O102173,2023-10-14,P0026,C00423,S007,1,325.3,0.05,309.03,181.38,127.65,2023,10,14
O101391,2023-10-14,P0037,C01063,S003,1,61.48,0.0,61.48,48.1,13.38,2023,10,14
O102789,2023-10-14,P0085,C00103,S011,1,34.17,0.1,30.75,27.5,3.25,2023,10,14
O110371,2023-10-14,P0043,C00762,S005,1,11.09,0.0,11.09,5.81,5.28,2023,10,14
O100152,2023-10-14,P0097,C01029,S003,2,8.15,0.0,16.3,10.98,5.32,2023,10,14
O106969,2023-10-14,P0043,C00230,S003,2,11.09,0.05,21.07,11.62,9.45,2023,10,14
O106391,2023-10-14,P0060,C00412,S009,2,80.71,0.0,161.42,102.5,58.92,2023,10,14
O111977,2023-10-14,P0097,C00465,S005,1,8.15,0.0,8.15,5.49,2.66,2023,10,14
O108556,2023-10-14,P0098,C00738,S005,1,37.83,0.0,37.83,29.0,8.83,2023,10,14
O104298,2023-10-14,P0072,C01196,S004,1,149.26,0.05,141.8,69.51,72.29,2023,10,14
O111779,2023-10-14,P0028,C00632,S001,1,453.33,0.0,453.33,253.96,199.37,2023,10,14
O105175,2023-10-14,P0033,C00934,S003,1,47.81,0.1,43.03,31.21,11.82,2023,10,14
O106786,2023-10-14,P0038,C00381,S008,2,42.19,0.0,84.38,58.62,25.76,2023,10,14
O110930,2023-10-14,P0053,C00551,S001,1,51.37,0.15,43.66,32.27,11.39,2023,10,14
O100231,2023-10-15,P0050,C01083,S001,3,9.87,0.0,29.61,14.22,15.39,2023,10,15
O109052,2023-10-15,P0016,C00197,S001,1,547.4,0.0,547.4,397.41,149.99,2023,10,15
O102157,2023-10-15,P0004,C00555,S011,1,29.55,0.1,26.6,14.48,12.12,2023,10,15
O110511,2023-10-15,P0067,C00725,S002,1,5.57,0.15,4.73,3.25,1.48,2023,10,15
O100217,2023-10-15,P0078,C01038,S003,1,18.31,0.0,18.31,12.84,5.47,2023,10,15
O102103,2023-10-15,P0052,C00577,S007,1,97.55,0.15,82.92,61.47,21.45,2023,10,15
O103251,2023-10-15,P0082,C00778,S008,3,28.43,0.2,68.23,65.19,3.04,2023,10,15
O110153,2023-10-15,P0054,C00598,S004,1,42.97,0.0,42.97,29.12,13.85,2023,10,15
O108608,2023-10-15,P0074,C00139,S004,1,106.15,0.0,106.15,69.24,36.91,2023,10,15
O103449,2023-10-15,P0073,C00653,S002,4,36.7,0.0,146.8,72.88,73.92,2023,10,15
O107852,2023-10-15,P0069,C00773,S012,1,85.27,0.15,72.48,65.86,6.62,2023,10,15
O101462,2023-10-15,P0034,C00702,S008,1,84.19,0.15,71.56,69.04,2.52,2023,10,15
O104379,2023-10-15,P0020,C00177,S005,3,30.45,0.2,73.08,61.77,11.31,2023,10,15
O108224,2023-10-15,P0076,C00044,S008,2,301.81,0.2,482.9,495.78,-12.88,2023,10,15
O108076,2023-10-16,P0051,C00905,S009,1,32.14,0.0,32.14,16.02,16.12,2023,10,16
O105701,2023-10-16,P0005,C00320,S012,1,15.5,0.0,15.5,12.07,3.43,2023,10,16
O107966,2023-10-16,P0041,C00204,S009,1,246.7,0.15,209.7,134.73,74.97,2023,10,16
O111429,2023-10-16,P0005,C00317,S010,2,15.5,0.0,31.0,24.14,6.86,2023,10,16
O108460,2023-10-16,P0022,C00593,S006,10,42.03,0.0,420.3,301.4,118.9,2023,10,16
O100139,2023-10-16,P0073,C00168,S010,1,36.7,0.0,36.7,18.22,18.48,2023,10,16
O108203,2023-10-16,P0025,C00741,S008,10,18.6,0.0,186.0,140.9,45.1,2023,10,16
O108610,2023-10-16,P0017,C00482,S010,3,25.27,0.0,75.81,53.31,22.5,2023,10,16
O102376,2023-10-16,P0013,C01163,S008,1,45.23,0.0,45.23,24.82,20.41,2023,10,16
O102467,2023-10-16,P0027,C00282,S002,3,55.97,0.0,167.91,88.71,79.2,2023,10,16
O102093,2023-10-16,P0089,C00525,S003,1,39.28,0.0,39.28,18.15,21.13,2023,10,16
O104724,2023-10-16,P0060,C00424,S010,1,80.71,0.1,72.64,51.25,21.39,2023,10,16
O100686,2023-10-16,P0097,C01022,S008,1,8.15,0.05,7.74,5.49,2.25,2023,10,16
O101855,2023-10-16,P0015,C00897,S012,1,36.03,0.05,34.23,18.61,15.62,2023,10,16
O102683,2023-10-16,P0039,C00558,S005,2,47.6,0.1,85.68,65.06,20.62,2023,10,16
O101585,2023-10-17,P0033,C00963,S011,2,47.81,0.1,86.06,62.42,23.64,2023,10,17
O104788,2023-10-17,P0065,C00190,S003,2,776.21,0.1,1397.18,771.08,626.1,2023,10,17
O103166,2023-10-17,P0053,C00366,S005,4,51.37,0.05,195.21,129.08,66.13,2023,10,17
O110423,2023-10-17,P0003,C00591,S010,1,44.76,0.0,44.76,33.14,11.62,2023,10,17
O102712,2023-10-17,P0014,C00354,S010,1,13.14,0.1,11.83,6.13,5.7,2023,10,17
O105589,2023-10-17,P0073,C00191,S005,1,36.7,0.05,34.86,18.22,16.64,2023,10,17
O104482,2023-10-17,P0013,C01009,S002,2,45.23,0.0,90.46,49.64,40.82,2023,10,17
O109832,2023-10-17,P0075,C00615,S001,4,10.1,0.1,36.36,29.96,6.4,2023,10,17
O106730,2023-10-17,P0060,C00919,S003,3,80.71,0.0,242.13,153.75,88.38,2023,10,17
O104253,2023-10-17,P0008,C00533,S007,1,22.28,0.0,22.28,11.14,11.14,2023,10,17
O104938,2023-10-17,P0039,C00718,S012,1,47.6,0.0,47.6,32.53,15.07,2023,10,17
O107685,2023-10-17,P0097,C00157,S010,1,8.15,0.15,6.93,5.49,1.44,2023,10,17
O108358,2023-10-17,P0083,C00320,S002,2,85.03,0.0,170.06,89.58,80.48,2023,10,17
O107427,2023-10-17,P0091,C00927,S012,2,35.24,0.1,63.43,37.34,26.09,2023,10,17
O101584,2023-10-17,P0015,C00791,S012,2,36.03,0.05,68.46,37.22,31.24,2023,10,17
O103746,2023-10-17,P0083,C00812,S012,4,85.03,0.0,340.12,179.16,160.96,2023,10,17
O106473,2023-10-17,P0079,C01008,S001,1,120.53,0.0,120.53,93.1,27.43,2023,10,17
O108295,2023-10-17,P0085,C00465,S003,1,34.17,0.1,30.75,27.5,3.25,2023,10,17
O103063,2023-10-18,P0075,C00348,S001,1,10.1,0.05,9.59,7.49,2.1,2023,10,18
O106261,2023-10-18,P0052,C01010,S010,1,97.55,0.0,97.55,61.47,36.08,2023,10,18
O111044,2023-10-18,P0079,C00569,S012,5,120.53,0.0,602.65,465.5,137.15,2023,10,18
O109794,2023-10-18,P0008,C00780,S001,1,22.28,0.05,21.17,11.14,10.03,2023,10,18
O111693,2023-10-18,P0090,C00266,S009,1,575.16,0.1,517.64,375.73,141.91,2023,10,18
O111924,2023-10-18,P0026,C00517,S012,1,325.3,0.05,309.03,181.38,127.65,2023,10,18
O110370,2023-10-18,P0059,C00898,S004,1,10.64,0.05,10.11,7.7,2.41,2023,10,18
O101538,2023-10-18,P0008,C00586,S003,3,22.28,0.05,63.5,33.42,30.08,2023,10,18
O101184,2023-10-18,P0026,C00239,S001,5,325.3,0.1,1463.85,906.9,556.95,2023,10,18
O105887,2023-10-18,P0065,C00960,S005,4,776.21,0.05,2949.6,1542.16,1407.44,2023,10,18
O103319,2023-10-18,P0039,C00686,S008,4,47.6,0.05,180.88,130.12,50.76,2023,10,18
O103961,2023-10-18,P0004,C01144,S001,1,29.55,0.05,28.07,14.48,13.59,2023,10,18
O103761,2023-10-18,P0043,C00552,S003,2,11.09,0.0,22.18,11.62,10.56,2023,10,18
O100781,2023-10-18,P0095,C01128,S006,1,118.84,0.05,112.9,78.17,34.73,2023,10,18
O100512,2023-10-18,P0037,C00955,S010,1,61.48,0.0,61.48,48.1,13.38,2023,10,18
O103020,2023-10-18,P0078,C01035,S007,2,18.31,0.0,36.62,25.68,10.94,2023,10,18
O103014,2023-10-19,P0014,C00996,S008,1,13.14,0.1,11.83,6.13,5.7,2023,10,19
O111529,2023-10-19,P0054,C00120,S008,1,42.97,0.1,38.67,29.12,9.55,2023,10,19
O109779,2023-10-19,P0087,C01122,S006,2,463.9,0.0,927.8,507.3,420.5,2023,10,19
O104691,2023-10-19,P0013,C01117,S009,1,45.23,0.0,45.23,24.82,20.41,2023,10,19
O102049,2023-10-19,P0014,C01128,S003,1,13.14,0.0,13.14,6.13,7.01,2023,10,19
O103362,2023-10-19,P0059,C00486,S007,1,10.64,0.0,10.64,7.7,2.94,2023,10,19
O103356,2023-10-19,P0084,C00950,S003,1,17.53,0.0,17.53,14.11,3.42,2023,10,19
O109570,2023-10-19,P0034,C00700,S009,4,84.19,0.05,319.92,276.16,43.76,2023,10,19
O106404,2023-10-19,P0081,C01185,S004,4,143.09,0.0,572.36,440.0,132.36,2023,10,19
O109935,2023-10-19,P0092,C00074,S011,1,41.48,0.0,41.48,25.41,16.07,2023,10,19
O105157,2023-10-19,P0079,C00203,S009,2,120.53,0.0,241.06,186.2,54.86,2023,10,19
O108331,2023-10-19,P0075,C00575,S004,1,10.1,0.05,9.59,7.49,2.1,2023,10,19
O109210,2023-10-19,P0074,C00987,S011,1,106.15,0.0,106.15,69.24,36.91,2023,10,19
O104992,2023-10-19,P0095,C00523,S004,2,118.84,0.0,237.68,156.34,81.34,2023,10,19
O105804,2023-10-19,P0026,C01014,S003,1,325.3,0.05,309.03,181.38,127.65,2023,10,19
O105630,2023-10-19,P0012,C00407,S006,1,88.36,0.2,70.69,62.9,7.79,2023,10,19
O111305,2023-10-19,P0089,C00284,S001,2,39.28,0.0,78.56,36.3,42.26,2023,10,19
O107569,2023-10-19,P0016,C01050,S003,4,547.4,0.0,2189.6,1589.64,599.96,2023,10,19
O110166,2023-10-19,P0075,C00326,S003,1,10.1,0.0,10.1,7.49,2.61,2023,10,19
O107572,2023-10-19,P0014,C00616,S010,1,13.14,0.05,12.48,6.13,6.35,2023,10,19
O100042,2023-10-20,P0050,C00891,S011,1,9.87,0.1,8.88,4.74,4.14,2023,10,20
O108065,2023-10-20,P0045,C01150,S002,2,131.19,0.1,236.14,213.76,22.38,2023,10,20
O104675,2023-10-20,P0031,C00631,S011,1,104.43,0.0,104.43,64.18,40.25,2023,10,20
O101149,2023-10-20,P0065,C01150,S005,2,776.21,0.05,1474.8,771.08,703.72,2023,10,20
O104075,2023-10-20,P0047,C00816,S009,5,125.46,0.0,627.3,299.5,327.8,2023,10,20
O108477,2023-10-20,P0059,C00146,S002,3,10.64,0.0,31.92,23.1,8.82,2023,10,20
O111209,2023-10-20,P0065,C00310,S001,1,776.21,0.0,776.21,385.54,390.67,2023,10,20
O108529,2023-10-20,P0023,C01046,S012,1,818.22,0.0,818.22,630.15,188.07,2023,10,20
O101922,2023-10-20,P0063,C00610,S005,3,112.94,0.0,338.82,272.07,66.75,2023,10,20
O102171,2023-10-20,P0006,C00499,S005,1,74.01,0.0,74.01,43.08,30.93,2023,10,20
O102491,2023-10-21,P0008,C00290,S002,3,22.28,0.2,53.47,33.42,20.05,2023,10,21
O109718,2023-10-21,P0065,C01117,S006,10,776.21,0.05,7374.0,3855.4,3518.6,2023,10,21
O101901,2023-10-21,P0027,C00758,S007,1,55.97,0.0,55.97,29.57,26.4,2023,10,21
O102809,2023-10-21,P0032,C00143,S004,1,62.15,0.1,55.94,45.29,10.65,2023,10,21
O105403,2023-10-21,P0090,C00116,S004,1,575.16,0.0,575.16,375.73,199.43,2023,10,21
O111066,2023-10-21,P0032,C00473,S006,2,62.15,0.1,111.87,90.58,21.29,2023,10,21
O102620,2023-10-21,P0076,C00318,S007,2,301.81,0.0,603.62,495.78,107.84,2023,10,21
O108631,2023-10-21,P0066,C00592,S001,10,105.53,0.0,1055.3,587.7,467.6,2023,10,21
O104581,2023-10-21,P0077,C00488,S007,2,130.07,0.0,260.14,215.3,44.84,2023,10,21
O107571,2023-10-21,P0083,C00293,S004,3,85.03,0.1,229.58,134.37,95.21,2023,10,21
O102456,2023-10-21,P0043,C00988,S001,2,11.09,0.0,22.18,11.62,10.56,2023,10,21
O107705,2023-10-21,P0053,C00655,S010,1,51.37,0.0,51.37,32.27,19.1,2023,10,21
O105931,2023-10-21,P0005,C00490,S010,3,15.5,0.0,46.5,36.21,10.29,2023,10,21
O110275,2023-10-22,P0043,C00186,S011,1,11.09,0.0,11.09,5.81,5.28,2023,10,22
O100840,2023-10-22,P0050,C01031,S001,2,9.87,0.0,19.74,9.48,10.26,2023,10,22
O107450,2023-10-22,P0027,C00066,S009,1,55.97,0.0,55.97,29.57,26.4,2023,10,22
O110368,2023-10-22,P0072,C00460,S002,5,149.26,0.0,746.3,347.55,398.75,2023,10,22
O104141,2023-10-22,P0097,C00635,S009,1,8.15,0.0,8.15,5.49,2.66,2023,10,22
O105828,2023-10-22,P0011,C00266,S003,2,713.82,0.0,1427.64,903.66,523.98,2023,10,22
O109991,2023-10-22,P0033,C00031,S008,1,47.81,0.1,43.03,31.21,11.82,2023,10,22
O103592,2023-10-22,P0085,C00867,S008,2,34.17,0.0,68.34,55.0,13.34,2023,10,22
O104835,2023-10-22,P0064,C00928,S005,2,12.06,0.0,24.12,10.96,13.16,2023,10,22
O109035,2023-10-22,P0094,C01033,S009,1,21.21,0.05,20.15,12.17,7.98,2023,10,22
O104365,2023-10-22,P0018,C00705,S005,1,34.43,0.0,34.43,26.49,7.94,2023,10,22
O107642,2023-10-22,P0041,C00805,S002,1,246.7,0.2,197.36,134.73,62.63,2023,10,22
O109451,2023-10-22,P0090,C00213,S005,1,575.16,0.1,517.64,375.73,141.91,2023,10,22
O111987,2023-10-22,P0053,C00964,S007,1,51.37,0.0,51.37,32.27,19.1,2023,10,22
O111862,2023-10-22,P0081,C00845,S005,1,143.09,0.05,135.94,110.0,25.94,2023,10,22
O110763,2023-10-22,P0071,C00239,S010,1,9.68,0.05,9.2,7.38,1.82,2023,10,22
O108032,2023-10-22,P0096,C01163,S003,1,63.84,0.15,54.26,35.05,19.21,2023,10,22
O103595,2023-10-22,P0012,C01144,S002,1,88.36,0.0,88.36,62.9,25.46,2023,10,22
O104694,2023-10-22,P0089,C00845,S009,1,39.28,0.05,37.32,18.15,19.17,2023,10,22
O101099,2023-10-23,P0063,C00186,S002,2,112.94,0.0,225.88,181.38,44.5,2023,10,23
O105936,2023-10-23,P0074,C00436,S003,2,106.15,0.0,212.3,138.48,73.82,2023,10,23
O109090,2023-10-23,P0011,C00131,S004,1,713.82,0.05,678.13,451.83,226.3,2023,10,23
O109389,2023-10-23,P0018,C01131,S007,1,34.43,0.15,29.27,26.49,2.78,2023,10,23
O101303,2023-10-23,P0065,C00934,S011,1,776.21,0.0,776.21,385.54,390.67,2023,10,23
O106086,2023-10-23,P0001,C00124,S001,1,132.87,0.0,132.87,107.4,25.47,2023,10,23
O111662,2023-10-23,P0098,C00028,S001,3,37.83,0.05,107.82,87.0,20.82,2023,10,23
O103722,2023-10-23,P0058,C00763,S009,1,123.22,0.15,104.74,59.47,45.27,2023,10,23
O104700,2023-10-23,P0019,C01102,S008,2,138.62,0.0,277.24,136.3,140.94,2023,10,23
O110769,2023-10-23,P0067,C01166,S004,2,5.57,0.05,10.58,6.5,4.08,2023,10,23
O110025,2023-10-23,P0012,C00858,S006,1,88.36,0.05,83.94,62.9,21.04,2023,10,23
O105444,2023-10-23,P0021,C00357,S002,1,25.8,0.15,21.93,12.57,9.36,2023,10,23
O103739,2023-10-23,P0053,C01107,S002,2,51.37,0.0,102.74,64.54,38.2,2023,10,23
O110957,2023-10-24,P0070,C00666,S003,2,27.07,0.1,48.73,28.5,20.23,2023,10,24
O105903,2023-10-24,P0017,C00659,S008,1,25.27,0.1,22.74,17.77,4.97,2023,10,24
O104134,2023-10-24,P0060,C00093,S006,1,80.71,0.05,76.67,51.25,25.42,2023,10,24
O111208,2023-10-24,P0001,C00171,S003,1,132.87,0.0,132.87,107.4,25.47,2023,10,24
O103943,2023-10-24,P0099,C00639,S012,10,5.01,0.05,47.59,27.7,19.89,2023,10,24
O108180,2023-10-24,P0030,C00209,S008,1,41.4,0.1,37.26,25.21,12.05,2023,10,24
O110751,2023-10-24,P0085,C01048,S006,2,34.17,0.05,64.92,55.0,9.92,2023,10,24
O103732,2023-10-24,P0031,C01020,S010,3,104.43,0.1,281.96,192.54,89.42,2023,10,24
O100123,2023-10-24,P0035,C00882,S009,2,21.89,0.0,43.78,24.5,19.28,2023,10,24
O108429,2023-10-24,P0097,C00632,S012,1,8.15,0.0,8.15,5.49,2.66,2023,10,24
O110364,2023-10-24,P0010,C00214,S008,1,14.81,0.0,14.81,12.15,2.66,2023,10,24
O102092,2023-10-24,P0043,C01150,S003,1,11.09,0.0,11.09,5.81,5.28,2023,10,24
O104640,2023-10-24,P0023,C00735,S012,1,818.22,0.0,818.22,630.15,188.07,2023,10,24
O102251,2023-10-24,P0080,C00841,S012,1,20.59,0.0,20.59,13.94,6.65,2023,10,24
O107834,2023-10-24,P0099,C00563,S001,1,5.01,0.15,4.26,2.77,1.49,2023,10,24
O103944,2023-10-24,P0010,C00897,S011,1,14.81,0.0,14.81,12.15,2.66,2023,10,24
O103042,2023-10-24,P0039,C00204,S009,1,47.6,0.0,47.6,32.53,15.07,2023,10,24
O105107,2023-10-25,P0019,C00875,S011,4,138.62,0.0,554.48,272.6,281.88,2023,10,25
O104499,2023-10-25,P0036,C00032,S007,1,15.34,0.1,13.81,8.29,5.52,2023,10,25
O103867,2023-10-25,P0020,C00043,S012,1,30.45,0.15,25.88,20.59,5.29,2023,10,25
O102838,2023-10-25,P0083,C00592,S006,2,85.03,0.05,161.56,89.58,71.98,2023,10,25
O109931,2023-10-25,P0011,C00066,S006,1,713.82,0.0,713.82,451.83,261.99,2023,10,25
O102758,2023-10-25,P0021,C00949,S001,2,25.8,0.0,51.6,25.14,26.46,2023,10,25
O102735,2023-10-25,P0060,C00095,S009,1,80.71,0.0,80.71,51.25,29.46,2023,10,25
O108861,2023-10-25,P0023,C00052,S004,1,818.22,0.0,818.22,630.15,188.07,2023,10,25
O103774,2023-10-25,P0077,C00604,S004,4,130.07,0.0,520.28,430.6,89.68,2023,10,25
O107505,2023-10-25,P0062,C00930,S011,1,39.06,0.0,39.06,17.85,21.21,2023,10,25
O111166,2023-10-25,P0044,C00525,S004,2,136.64,0.0,273.28,231.36,41.92,2023,10,25
O110910,2023-10-25,P0082,C00584,S009,10,28.43,0.0,284.3,217.3,67.0,2023,10,25
O104920,2023-10-25,P0064,C00062,S001,2,12.06,0.1,21.71,10.96,10.75,2023,10,25
O104860,2023-10-25,P0033,C00521,S010,1,47.81,0.0,47.81,31.21,16.6,2023,10,25
O101493,2023-10-25,P0024,C00335,S002,2,722.65,0.0,1445.3,847.16,598.14,2023,10,25
O100502,2023-10-25,P0098,C01074,S004,1,37.83,0.0,37.83,29.0,8.83,2023,10,25
O110931,2023-10-25,P0013,C00964,S002,1,45.23,0.0,45.23,24.82,20.41,2023,10,25
O103640,2023-10-25,P0066,C00995,S001,1,105.53,0.0,105.53,58.77,46.76,2023,10,25
O101977,2023-10-25,P0083,C00237,S010,2,85.03,0.2,136.05,89.58,46.47,2023,10,25
O109309,2023-10-25,P0099,C01014,S004,1,5.01,0.05,4.76,2.77,1.99,2023,10,25
O110904,2023-10-26,P0065,C00442,S003,2,776.21,0.0,1552.42,771.08,781.34,2023,10,26
O109131,2023-10-26,P0090,C00251,S010,1,575.16,0.05,546.4,375.73,170.67,2023,10,26
O109774,2023-10-26,P0080,C00996,S001,1,20.59,0.0,20.59,13.94,6.65,2023,10,26
O109747,2023-10-26,P0063,C00032,S005,1,112.94,0.0,112.94,90.69,22.25,2023,10,26
O107626,2023-10-26,P0051,C00976,S007,1,32.14,0.15,27.32,16.02,11.3,2023,10,26
O104984,2023-10-26,P0043,C00376,S001,2,11.09,0.0,22.18,11.62,10.56,2023,10,26
O110961,2023-10-26,P0099,C00776,S008,1,5.01,0.1,4.51,2.77,1.74,2023,10,26
O101606,2023-10-26,P0068,C00642,S009,2,100.31,0.0,200.62,162.76,37.86,2023,10,26
O106428,2023-10-26,P0055,C01138,S012,1,24.74,0.0,24.74,17.48,7.26,2023,10,26
O102299,2023-10-26,P0045,C00296,S003,1,131.19,0.0,131.19,106.88,24.31,2023,10,26
O100870,2023-10-26,P0011,C00097,S006,1,713.82,0.0,713.82,451.83,261.99,2023,10,26
O106093,2023-10-26,P0073,C00897,S009,2,36.7,0.1,66.06,36.44,29.62,2023,10,26
O111680,2023-10-26,P0032,C00464,S010,1,62.15,0.15,52.83,45.29,7.54,2023,10,26
O107372,2023-10-26,P0036,C00947,S004,2,15.34,0.0,30.68,16.58,14.1,2023,10,26
O100435,2023-10-26,P0089,C00251,S005,1,39.28,0.0,39.28,18.15,21.13,2023,10,26
O106952,2023-10-26,P0050,C00624,S004,1,9.87,0.0,9.87,4.74,5.13,2023,10,26
O105871,2023-10-26,P0075,C00428,S009,4,10.1,0.2,32.32,29.96,2.36,2023,10,26
O101556,2023-10-26,P0024,C01199,S003,2,722.65,0.0,1445.3,847.16,598.14,2023,10,26
O100784,2023-10-26,P0072,C01138,S003,1,149.26,0.0,149.26,69.51,79.75,2023,10,26
O110015,2023-10-27,P0080,C00149,S007,1,20.59,0.1,18.53,13.94,4.59,2023,10,27
O108656,2023-10-27,P0070,C00402,S007,1,27.07,0.1,24.36,14.25,10.11,2023,10,27
O111069,2023-10-27,P0081,C00775,S005,2,143.09,0.0,286.18,220.0,66.18,2023,10,27
O106109,2023-10-27,P0016,C01107,S009,4,547.4,0.0,2189.6,1589.64,599.96,2023,10,27
O107897,2023-10-27,P0093,C01129,S005,1,13.08,0.0,13.08,9.16,3.92,2023,10,27
O104821,2023-10-27,P0037,C00578,S011,1,61.48,0.1,55.33,48.1,7.23,2023,10,27
O104260,2023-10-27,P0025,C01046,S008,1,18.6,0.0,18.6,14.09,4.51,2023,10,27
O107040,2023-10-27,P0047,C01140,S008,1,125.46,0.0,125.46,59.9,65.56,2023,10,27
O107432,2023-10-27,P0052,C00275,S012,2,97.55,0.0,195.1,122.94,72.16,2023,10,27
O110268,2023-10-27,P0067,C00865,S002,1,5.57,0.0,5.57,3.25,2.32,2023,10,27
O110752,2023-10-27,P0073,C00944,S010,1,36.7,0.0,36.7,18.22,18.48,2023,10,27
O104282,2023-10-27,P0074,C00331,S001,1,106.15,0.1,95.54,69.24,26.3,2023,10,27
O106035,2023-10-27,P0024,C01150,S003,2,722.65,0.0,1445.3,847.16,598.14,2023,10,27
O104624,2023-10-28,P0021,C00143,S011,3,25.8,0.0,77.4,37.71,39.69,2023,10,28
O110921,2023-10-28,P0020,C00431,S002,1,30.45,0.0,30.45,20.59,9.86,2023,10,28
O105992,2023-10-28,P0065,C00395,S005,1,776.21,0.1,698.59,385.54,313.05,2023,10,28
O107130,2023-10-28,P0026,C00252,S010,1,325.3,0.0,325.3,181.38,143.92,2023,10,28
O101427,2023-10-28,P0079,C00589,S005,1,120.53,0.2,96.42,93.1,3.32,2023,10,28
O103848,2023-10-28,P0096,C00588,S007,2,63.84,0.0,127.68,70.1,57.58,2023,10,28
O111400,2023-10-28,P0032,C00980,S005,1,62.15,0.1,55.94,45.29,10.65,2023,10,28
O103284,2023-10-28,P0078,C00198,S011,1,18.31,0.0,18.31,12.84,5.47,2023,10,28
O111896,2023-10-28,P0087,C00839,S006,1,463.9,0.0,463.9,253.65,210.25,2023,10,28
O101333,2023-10-28,P0058,C00134,S003,1,123.22,0.1,110.9,59.47,51.43,2023,10,28
O110142,2023-10-28,P0088,C00227,S004,2,5.57,0.05,10.58,8.62,1.96,2023,10,28
O101980,2023-10-28,P0077,C00591,S011,3,130.07,0.0,390.21,322.95,67.26,2023,10,28
O101746,2023-10-28,P0017,C01131,S007,3,25.27,0.05,72.02,53.31,18.71,2023,10,28
O104543,2023-10-28,P0002,C00314,S009,1,130.95,0.0,130.95,100.06,30.89,2023,10,28
O105720,2023-10-28,P0020,C00693,S012,1,30.45,0.05,28.93,20.59,8.34,2023,10,28
O106513,2023-10-28,P0001,C00352,S002,1,132.87,0.0,132.87,107.4,25.47,2023,10,28
O106647,2023-10-28,P0023,C00125,S001,1,818.22,0.0,818.22,630.15,188.07,2023,10,28
O109806,2023-10-28,P0002,C00323,S009,1,130.95,0.0,130.95,100.06,30.89,2023,10,28
O108858,2023-10-28,P0026,C00965,S008,1,325.3,0.1,292.77,181.38,111.39,2023,10,28
O109371,2023-10-28,P0018,C00926,S010,1,34.43,0.0,34.43,26.49,7.94,2023,10,28
O111263,2023-10-29,P0050,C00524,S011,1,9.87,0.1,8.88,4.74,4.14,2023,10,29
O103548,2023-10-29,P0073,C00818,S005,1,36.7,0.0,36.7,18.22,18.48,2023,10,29
O106103,2023-10-29,P0089,C00102,S010,2,39.28,0.0,78.56,36.3,42.26,2023,10,29
O100655,2023-10-29,P0029,C01153,S002,1,93.75,0.0,93.75,68.76,24.99,2023,10,29
O100565,2023-10-29,P0013,C00695,S009,1,45.23,0.1,40.71,24.82,15.89,2023,10,29
O111796,2023-10-29,P0088,C00531,S001,1,5.57,0.0,5.57,4.31,1.26,2023,10,29
O111251,2023-10-29,P0083,C00581,S001,3,85.03,0.0,255.09,134.37,120.72,2023,10,29
O109534,2023-10-29,P0045,C00419,S006,1,131.19,0.05,124.63,106.88,17.75,2023,10,29
O111523,2023-10-29,P0037,C00906,S012,1,61.48,0.0,61.48,48.1,13.38,2023,10,29
O105096,2023-10-29,P0029,C00687,S001,2,93.75,0.0,187.5,137.52,49.98,2023,10,29
O111100,2023-10-29,P0052,C00842,S008,3,97.55,0.0,292.65,184.41,108.24,2023,10,29
O104493,2023-10-29,P0097,C00548,S004,3,8.15,0.0,24.45,16.47,7.98,2023,10,29
O106361,2023-10-29,P0052,C00329,S012,1,97.55,0.0,97.55,61.47,36.08,2023,10,29
O103741,2023-10-29,P0079,C01159,S003,4,120.53,0.0,482.12,372.4,109.72,2023,10,29
O100369,2023-10-29,P0028,C00667,S002,3,453.33,0.05,1291.99,761.88,530.11,2023,10,29
O100930,2023-10-29,P0083,C00630,S003,1,85.03,0.0,85.03,44.79,40.24,2023,10,29
O102568,2023-10-29,P0027,C01055,S011,3,55.97,0.0,167.91,88.71,79.2,2023,10,29
O102326,2023-10-29,P0046,C00793,S002,1,69.45,0.1,62.5,42.58,19.92,2023,10,29
O103240,2023-10-29,P0027,C00237,S005,1,55.97,0.05,53.17,29.57,23.6,2023,10,29
O109524,2023-10-30,P0095,C00939,S006,1,118.84,0.0,118.84,78.17,40.67,2023,10,30
O105415,2023-10-30,P0056,C00935,S003,1,20.73,0.1,18.66,16.75,1.91,2023,10,30
O110573,2023-10-30,P0013,C00080,S004,1,45.23,0.1,40.71,24.82,15.89,2023,10,30
O104385,2023-10-30,P0059,C00253,S010,1,10.64,0.0,10.64,7.7,2.94,2023,10,30
O104831,2023-10-30,P0040,C00483,S011,1,25.25,0.0,25.25,16.53,8.72,2023,10,30
O106072,2023-10-30,P0059,C00773,S008,10,10.64,0.0,106.4,77.0,29.4,2023,10,30
O111238,2023-10-30,P0070,C00750,S003,1,27.07,0.0,27.07,14.25,12.82,2023,10,30
O104731,2023-10-30,P0038,C00630,S008,1,42.19,0.05,40.08,29.31,10.77,2023,10,30
O102786,2023-10-30,P0094,C00697,S008,5,21.21,0.0,106.05,60.85,45.2,2023,10,30
O110878,2023-10-30,P0023,C00277,S001,4,818.22,0.1,2945.59,2520.6,424.99,2023,10,30
O100625,2023-10-30,P0083,C00219,S010,2,85.03,0.1,153.05,89.58,63.47,2023,10,30
O106817,2023-10-30,P0082,C00284,S003,2,28.43,0.0,56.86,43.46,13.4,2023,10,30
O110645,2023-10-30,P0092,C01035,S010,3,41.48,0.1,112.0,76.23,35.77,2023,10,30
O108290,2023-10-30,P0034,C00171,S012,2,84.19,0.0,168.38,138.08,30.3,2023,10,30
O109116,2023-10-30,P0012,C00033,S003,1,88.36,0.0,88.36,62.9,25.46,2023,10,30
O108751,2023-10-30,P0087,C00316,S011,2,463.9,0.1,835.02,507.3,327.72,2023,10,30
O103455,2023-10-31,P0090,C00708,S005,2,575.16,0.0,1150.32,751.46,398.86,2023,10,31
O106867,2023-10-31,P0036,C00489,S007,2,15.34,0.0,30.68,16.58,14.1,2023,10,31
O107155,2023-10-31,P0091,C01142,S004,1,35.24,0.0,35.24,18.67,16.57,2023,10,31
O102442,2023-10-31,P0019,C00842,S011,2,138.62,0.0,277.24,136.3,140.94,2023,10,31
O101080,2023-10-31,P0056,C00198,S009,1,20.73,0.0,20.73,16.75,3.98,2023,10,31
O111228,2023-10-31,P0099,C00341,S006,2,5.01,0.0,10.02,5.54,4.48,2023,10,31
O111512,2023-10-31,P0098,C00040,S004,5,37.83,0.0,189.15,145.0,44.15,2023,10,31
O108060,2023-10-31,P0044,C01009,S006,2,136.64,0.0,273.28,231.36,41.92,2023,10,31
O108305,2023-10-31,P0010,C00999,S006,1,14.81,0.0,14.81,12.15,2.66,2023,10,31
O105715,2023-10-31,P0035,C00692,S012,1,21.89,0.0,21.89,12.25,9.64,2023,10,31
O105093,2023-10-31,P0076,C00941,S004,2,301.81,0.0,603.62,495.78,107.84,2023,10,31
O102289,2023-10-31,P0003,C00028,S010,1,44.76,0.0,44.76,33.14,11.62,2023,10,31
O107106,2023-10-31,P0093,C00147,S007,5,13.08,0.0,65.4,45.8,19.6,2023,10,31
O101531,2023-10-31,P0075,C00622,S003,3,10.1,0.0,30.3,22.47,7.83,2023,10,31
O100846,2023-11-01,P0015,C00110,S002,1,36.03,0.0,36.03,18.61,17.42,2023,11,1
O104665,2023-11-01,P0082,C00469,S001,1,28.43,0.0,28.43,21.73,6.7,2023,11,1
O110200,2023-11-01,P0057,C00459,S008,1,157.4,0.0,157.4,131.61,25.79,2023,11,1
O102920,2023-11-01,P0081,C00262,S007,1,143.09,0.05,135.94,110.0,25.94,2023,11,1
O110203,2023-11-01,P0062,C00588,S004,1,39.06,0.15,33.2,17.85,15.35,2023,11,1
O110887,2023-11-01,P0043,C00490,S009,1,11.09,0.15,9.43,5.81,3.62,2023,11,1
O103807,2023-11-01,P0021,C00226,S002,1,25.8,0.0,25.8,12.57,13.23,2023,11,1
O105726,2023-11-01,P0015,C00733,S005,1,36.03,0.0,36.03,18.61,17.42,2023,11,1
O103144,2023-11-01,P0052,C00743,S011,4,97.55,0.15,331.67,245.88,85.79,2023,11,1
O108560,2023-11-01,P0027,C00871,S006,1,55.97,0.1,50.37,29.57,20.8,2023,11,1
O111177,2023-11-02,P0056,C00021,S012,1,20.73,0.0,20.73,16.75,3.98,2023,11,2
O106931,2023-11-02,P0091,C00039,S004,5,35.24,0.0,176.2,93.35,82.85,2023,11,2
O101686,2023-11-02,P0018,C01185,S008,1,34.43,0.0,34.43,26.49,7.94,2023,11,2
O108301,2023-11-02,P0067,C00764,S006,2,5.57,0.0,11.14,6.5,4.64,2023,11,2
O101735,2023-11-02,P0071,C00026,S005,2,9.68,0.0,19.36,14.76,4.6,2023,11,2
O108495,2023-11-02,P0074,C00937,S011,2,106.15,0.05,201.68,138.48,63.2,2023,11,2
O103388,2023-11-02,P0065,C00647,S011,2,776.21,0.0,1552.42,771.08,781.34,2023,11,2
O111683,2023-11-02,P0059,C00551,S009,1,10.64,0.1,9.58,7.7,1.88,2023,11,2
O102907,2023-11-02,P0099,C00605,S008,1,5.01,0.1,4.51,2.77,1.74,2023,11,2
O103192,2023-11-02,P0019,C00620,S007,1,138.62,0.0,138.62,68.15,70.47,2023,11,2
O104123,2023-11-02,P0049,C00120,S005,2,366.28,0.0,732.56,345.42,387.14,2023,11,2
O102001,2023-11-02,P0027,C00219,S002,10,55.97,0.2,447.76,295.7,152.06,2023,11,2
O109480,2023-11-02,P0040,C00304,S006,4,25.25,0.15,85.85,66.12,19.73,2023,11,2
O100059,2023-11-02,P0031,C00279,S002,2,104.43,0.0,208.86,128.36,80.5,2023,11,2
O111968,2023-11-02,P0082,C00568,S001,2,28.43,0.0,56.86,43.46,13.4,2023,11,2
O100469,2023-11-03,P0031,C01107,S006,4,104.43,0.2,334.18,256.72,77.46,2023,11,3
O100737,2023-11-03,P0085,C00528,S007,1,34.17,0.0,34.17,27.5,6.67,2023,11,3
O109486,2023-11-03,P0067,C00243,S001,2,5.57,0.05,10.58,6.5,4.08,2023,11,3
O102029,2023-11-03,P0019,C00074,S006,5,138.62,0.0,693.1,340.75,352.35,2023,11,3
O101769,2023-11-03,P0042,C00315,S007,2,9.86,0.0,19.72,12.46,7.26,2023,11,3
O102612,2023-11-03,P0046,C01013,S001,1,69.45,0.0,69.45,42.58,26.87,2023,11,3
O110586,2023-11-03,P0029,C00821,S007,1,93.75,0.05,89.06,68.76,20.3,2023,11,3
O101569,2023-11-03,P0006,C00632,S011,1,74.01,0.15,62.91,43.08,19.83,2023,11,3
O100685,2023-11-03,P0029,C00024,S007,5,93.75,0.0,468.75,343.8,124.95,2023,11,3
O101978,2023-11-03,P0055,C00150,S004,1,24.74,0.1,22.27,17.48,4.79,2023,11,3
O106414,2023-11-03,P0037,C01197,S002,1,61.48,0.05,58.41,48.1,10.31,2023,11,3
O109688,2023-11-03,P0005,C00945,S006,2,15.5,0.0,31.0,24.14,6.86,2023,11,3
O106263,2023-11-03,P0091,C00043,S006,1,35.24,0.1,31.72,18.67,13.05,2023,11,3
O106618,2023-11-04,P0060,C00103,S012,2,80.71,0.1,145.28,102.5,42.78,2023,11,4
O101743,2023-11-04,P0020,C01191,S011,1,30.45,0.0,30.45,20.59,9.86,2023,11,4
O110146,2023-11-04,P0095,C00417,S010,5,118.84,0.0,594.2,390.85,203.35,2023,11,4
O110162,2023-11-04,P0070,C00968,S011,1,27.07,0.0,27.07,14.25,12.82,2023,11,4
O109668,2023-11-04,P0096,C00156,S001,1,63.84,0.0,63.84,35.05,28.79,2023,11,4
O105528,2023-11-04,P0098,C00843,S004,2,37.83,0.0,75.66,58.0,17.66,2023,11,4
O106236,2023-11-04,P0095,C00940,S002,10,118.84,0.15,1010.14,781.7,228.44,2023,11,4
O108108,2023-11-04,P0019,C00144,S005,2,138.62,0.0,277.24,136.3,140.94,2023,11,4
O104324,2023-11-04,P0091,C00093,S005,2,35.24,0.1,63.43,37.34,26.09,2023,11,4
O107888,2023-11-04,P0059,C00739,S006,3,10.64,0.05,30.32,23.1,7.22,2023,11,4
O101173,2023-11-04,P0033,C00692,S001,1,47.81,0.05,45.42,31.21,14.21,2023,11,4
O109953,2023-11-04,P0014,C01119,S007,1,13.14,0.0,13.14,6.13,7.01,2023,11,4
O106875,2023-11-04,P0033,C00236,S001,1,47.81,0.15,40.64,31.21,9.43,2023,11,4
O106308,2023-11-04,P0021,C00363,S003,1,25.8,0.0,25.8,12.57,13.23,2023,11,4
O103915,2023-11-04,P0078,C00448,S002,4,18.31,0.0,73.24,51.36,21.88,2023,11,4
O105513,2023-11-04,P0067,C00813,S012,1,5.57,0.0,5.57,3.25,2.32,2023,11,4
O108768,2023-11-04,P0087,C01065,S012,1,463.9,0.0,463.9,253.65,210.25,2023,11,4
O104819,2023-11-04,P0061,C00178,S008,1,86.94,0.05,82.59,46.4,36.19,2023,11,4
O108956,2023-11-04,P0070,C00716,S002,1,27.07,0.0,27.07,14.25,12.82,2023,11,4
O100145,2023-11-04,P0068,C00577,S009,1,100.31,0.1,90.28,81.38,8.9,2023,11,4
O107766,2023-11-04,P0056,C00319,S009,1,20.73,0.0,20.73,16.75,3.98,2023,11,4
O107714,2023-11-04,P0036,C01183,S002,1,15.34,0.05,14.57,8.29,6.28,2023,11,4
O109663,2023-11-04,P0007,C01033,S008,1,99.07,0.15,84.21,74.71,9.5,2023,11,4
O101027,2023-11-05,P0089,C00760,S005,2,39.28,0.0,78.56,36.3,42.26,2023,11,5
O103804,2023-11-05,P0018,C00793,S011,1,34.43,0.1,30.99,26.49,4.5,2023,11,5
O102489,2023-11-05,P0075,C00759,S009,1,10.1,0.0,10.1,7.49,2.61,2023,11,5
O103889,2023-11-05,P0051,C00588,S011,2,32.14,0.0,64.28,32.04,32.24,2023,11,5
O102221,2023-11-05,P0028,C00970,S001,3,453.33,0.05,1291.99,761.88,530.11,2023,11,5
O105552,2023-11-05,P0063,C00828,S008,2,112.94,0.1,203.29,181.38,21.91,2023,11,5
O104939,2023-11-05,P0048,C00238,S008,1,113.33,0.05,107.66,82.55,25.11,2023,11,5
O101439,2023-11-05,P0008,C00737,S001,1,22.28,0.0,22.28,11.14,11.14,2023,11,5
O103376,2023-11-05,P0045,C00667,S001,1,131.19,0.0,131.19,106.88,24.31,2023,11,5
O106738,2023-11-05,P0032,C00320,S010,2,62.15,0.0,124.3,90.58,33.72,2023,11,5
O100359,2023-11-05,P0049,C00950,S003,5,366.28,0.0,1831.4,863.55,967.85,2023,11,5
O103662,2023-11-05,P0088,C01120,S004,3,5.57,0.1,15.04,12.93,2.11,2023,11,5
O108563,2023-11-06,P0097,C01076,S005,1,8.15,0.1,7.34,5.49,1.85,2023,11,6
O105621,2023-11-06,P0026,C01017,S006,1,325.3,0.1,292.77,181.38,111.39,2023,11,6
O105768,2023-11-06,P0001,C00386,S011,1,132.87,0.0,132.87,107.4,25.47,2023,11,6
O103839,2023-11-06,P0040,C00265,S001,1,25.25,0.15,21.46,16.53,4.93,2023,11,6
O107941,2023-11-06,P0006,C00996,S009,1,74.01,0.0,74.01,43.08,30.93,2023,11,6
O103787,2023-11-06,P0078,C00704,S002,1,18.31,0.0,18.31,12.84,5.47,2023,11,6
O101643,2023-11-06,P0047,C01079,S008,1,125.46,0.0,125.46,59.9,65.56,2023,11,6
O102986,2023-11-06,P0096,C00604,S011,2,63.84,0.0,127.68,70.1,57.58,2023,11,6
O100675,2023-11-06,P0046,C00292,S006,1,69.45,0.0,69.45,42.58,26.87,2023,11,6
O104279,2023-11-06,P0091,C00321,S010,2,35.24,0.1,63.43,37.34,26.09,2023,11,6
O105215,2023-11-06,P0044,C00624,S001,3,136.64,0.0,409.92,347.04,62.88,2023,11,6
O108879,2023-11-06,P0087,C00692,S004,1,463.9,0.0,463.9,253.65,210.25,2023,11,6
O109847,2023-11-06,P0073,C01076,S002,4,36.7,0.05,139.46,72.88,66.58,2023,11,6
O109501,2023-11-06,P0059,C00763,S005,1,10.64,0.0,10.64,7.7,2.94,2023,11,6
O101273,2023-11-06,P0037,C00661,S007,2,61.48,0.1,110.66,96.2,14.46,2023,11,6
O104974,2023-11-06,P0095,C00390,S010,2,118.84,0.0,237.68,156.34,81.34,2023,11,6
O106208,2023-11-07,P0082,C00485,S003,10,28.43,0.0,284.3,217.3,67.0,2023,11,7
O104201,2023-11-07,P0063,C00652,S010,3,112.94,0.1,304.94,272.07,32.87,2023,11,7
O108159,2023-11-07,P0022,C00570,S012,1,42.03,0.0,42.03,30.14,11.89,2023,11,7
O109604,2023-11-07,P0078,C00558,S001,1,18.31,0.0,18.31,12.84,5.47,2023,11,7
O109056,2023-11-07,P0093,C00480,S005,3,13.08,0.0,39.24,27.48,11.76,2023,11,7
O103737,2023-11-07,P0020,C00962,S009,1,30.45,0.05,28.93,20.59,8.34,2023,11,7
O101148,2023-11-07,P0012,C00317,S005,2,88.36,0.1,159.05,125.8,33.25,2023,11,7
O108742,2023-11-07,P0082,C00456,S009,2,28.43,0.0,56.86,43.46,13.4,2023,11,7
O108972,2023-11-07,P0082,C00189,S007,2,28.43,0.1,51.17,43.46,7.71,2023,11,7
O106117,2023-11-07,P0045,C01132,S002,5,131.19,0.1,590.36,534.4,55.96,2023,11,7
O107469,2023-11-07,P0026,C00997,S004,1,325.3,0.0,325.3,181.38,143.92,2023,11,7
O104004,2023-11-07,P0084,C00882,S008,1,17.53,0.0,17.53,14.11,3.42,2023,11,7
O108500,2023-11-07,P0096,C00941,S009,1,63.84,0.0,63.84,35.05,28.79,2023,11,7
O103968,2023-11-07,P0033,C00810,S003,1,47.81,0.0,47.81,31.21,16.6,2023,11,7
O105667,2023-11-07,P0033,C00104,S005,5,47.81,0.0,239.05,156.05,83.0,2023,11,7
O100225,2023-11-07,P0025,C00967,S001,2,18.6,0.0,37.2,28.18,9.02,2023,11,7
O107835,2023-11-07,P0078,C00166,S007,1,18.31,0.0,18.31,12.84,5.47,2023,11,7
O106557,2023-11-07,P0065,C00313,S004,2,776.21,0.1,1397.18,771.08,626.1,2023,11,7
O110381,2023-11-07,P0001,C01008,S011,1,132.87,0.0,132.87,107.4,25.47,2023,11,7
O105781,2023-11-07,P0076,C00065,S007,3,301.81,0.0,905.43,743.67,161.76,2023,11,7
O106333,2023-11-07,P0046,C00469,S004,10,69.45,0.0,694.5,425.8,268.7,2023,11,7
O102287,2023-11-07,P0009,C00504,S009,1,8.02,0.0,8.02,6.09,1.93,2023,11,7
O108542,2023-11-07,P0030,C00283,S005,4,41.4,0.1,149.04,100.84,48.2,2023,11,7
O111170,2023-11-08,P0004,C01043,S011,1,29.55,0.0,29.55,14.48,15.07,2023,11,8
O105870,2023-11-08,P0042,C00097,S012,1,9.86,0.05,9.37,6.23,3.14,2023,11,8
O102182,2023-11-08,P0082,C00037,S011,4,28.43,0.0,113.72,86.92,26.8,2023,11,8
O111991,2023-11-08,P0040,C00976,S003,4,25.25,0.0,101.0,66.12,34.88,2023,11,8
O100102,2023-11-08,P0094,C00189,S011,2,21.21,0.0,42.42,24.34,18.08,2023,11,8
O103648,2023-11-08,P0077,C00711,S004,1,130.07,0.05,123.57,107.65,15.92,2023,11,8
O107252,2023-11-08,P0047,C00034,S002,2,125.46,0.05,238.37,119.8,118.57,2023,11,8
O100765,2023-11-08,P0031,C00004,S004,3,104.43,0.0,313.29,192.54,120.75,2023,11,8
O103419,2023-11-08,P0039,C00625,S003,1,47.6,0.05,45.22,32.53,12.69,2023,11,8
O106288,2023-11-08,P0003,C00849,S010,1,44.76,0.0,44.76,33.14,11.62,2023,11,8
O108773,2023-11-08,P0041,C00811,S010,1,246.7,0.15,209.7,134.73,74.97,2023,11,8
O101597,2023-11-08,P0090,C00099,S006,3,575.16,0.0,1725.48,1127.19,598.29,2023,11,8
O102153,2023-11-08,P0058,C00064,S007,4,123.22,0.0,492.88,237.88,255.0,2023,11,8
O103603,2023-11-09,P0040,C00024,S003,3,25.25,0.2,60.6,49.59,11.01,2023,11,9
O100724,2023-11-09,P0023,C00638,S003,1,818.22,0.05,777.31,630.15,147.16,2023,11,9
O101906,2023-11-09,P0029,C00279,S002,3,93.75,0.05,267.19,206.28,60.91,2023,11,9
O100534,2023-11-09,P0100,C00848,S003,1,142.46,0.0,142.46,91.14,51.32,2023,11,9
O101909,2023-11-09,P0052,C00671,S002,1,97.55,0.1,87.8,61.47,26.33,2023,11,9
O106302,2023-11-09,P0007,C01071,S003,2,99.07,0.05,188.23,149.42,38.81,2023,11,9
O103805,2023-11-09,P0067,C00319,S003,1,5.57,0.15,4.73,3.25,1.48,2023,11,9
O104345,2023-11-09,P0072,C00924,S011,5,149.26,0.0,746.3,347.55,398.75,2023,11,9
O104304,2023-11-09,P0033,C00279,S011,1,47.81,0.0,47.81,31.21,16.6,2023,11,9
O101988,2023-11-09,P0057,C00900,S003,10,157.4,0.2,1259.2,1316.1,-56.9,2023,11,9
O106098,2023-11-09,P0052,C00909,S008,5,97.55,0.0,487.75,307.35,180.4,2023,11,9
O109100,2023-11-10,P0064,C01161,S011,1,12.06,0.0,12.06,5.48,6.58,2023,11,10
O108739,2023-11-10,P0061,C01088,S009,1,86.94,0.0,86.94,46.4,40.54,2023,11,10
O109805,2023-11-10,P0052,C00041,S012,1,97.55,0.0,97.55,61.47,36.08,2023,11,10
O102640,2023-11-10,P0090,C00116,S009,5,575.16,0.0,2875.8,1878.65,997.15,2023,11,10
O107075,2023-11-10,P0087,C00074,S001,1,463.9,0.1,417.51,253.65,163.86,2023,11,10
O101182,2023-11-10,P0049,C00620,S011,1,366.28,0.05,347.97,172.71,175.26,2023,11,10
O100614,2023-11-10,P0045,C00046,S003,3,131.19,0.0,393.57,320.64,72.93,2023,11,10
O101847,2023-11-10,P0014,C00911,S001,2,13.14,0.0,26.28,12.26,14.02,2023,11,10
O107448,2023-11-10,P0072,C01021,S005,1,149.26,0.15,126.87,69.51,57.36,2023,11,10
O107338,2023-11-10,P0096,C01155,S007,1,63.84,0.05,60.65,35.05,25.6,2023,11,10
O106665,2023-11-10,P0094,C00545,S012,2,21.21,0.15,36.06,24.34,11.72,2023,11,10
O107922,2023-11-10,P0025,C00916,S005,1,18.6,0.1,16.74,14.09,2.65,2023,11,10
O106336,2023-11-10,P0037,C00998,S004,1,61.48,0.05,58.41,48.1,10.31,2023,11,10
O102140,2023-11-10,P0044,C00308,S012,1,136.64,0.0,136.64,115.68,20.96,2023,11,10
O103751,2023-11-10,P0044,C00230,S001,4,136.64,0.0,546.56,462.72,83.84,2023,11,10
O105490,2023-11-10,P0092,C00267,S012,3,41.48,0.0,124.44,76.23,48.21,2023,11,10
O105160,2023-11-10,P0082,C00861,S010,1,28.43,0.15,24.17,21.73,2.44,2023,11,10
O110449,2023-11-10,P0060,C00504,S001,5,80.71,0.0,403.55,256.25,147.3,2023,11,10
O109981,2023-11-10,P0047,C00007,S001,1,125.46,0.15,106.64,59.9,46.74,2023,11,10
O111867,2023-11-10,P0035,C01057,S001,2,21.89,0.0,43.78,24.5,19.28,2023,11,10
O111893,2023-11-11,P0098,C00897,S003,2,37.83,0.1,68.09,58.0,10.09,2023,11,11
O106820,2023-11-11,P0039,C00848,S010,1,47.6,0.05,45.22,32.53,12.69,2023,11,11
O103067,2023-11-11,P0072,C00621,S001,1,149.26,0.0,149.26,69.51,79.75,2023,11,11
O110885,2023-11-11,P0077,C00003,S006,1,130.07,0.2,104.06,107.65,-3.59,2023,11,11
O105553,2023-11-11,P0001,C00771,S005,10,132.87,0.05,1262.26,1074.0,188.26,2023,11,11
O106094,2023-11-11,P0057,C01160,S003,1,157.4,0.0,157.4,131.61,25.79,2023,11,11
O107458,2023-11-11,P0013,C01020,S007,1,45.23,0.2,36.18,24.82,11.36,2023,11,11
O102987,2023-11-11,P0100,C00445,S009,1,142.46,0.0,142.46,91.14,51.32,2023,11,11
O103506,2023-11-11,P0017,C00626,S007,2,25.27,0.0,50.54,35.54,15.0,2023,11,11
O111513,2023-11-11,P0077,C00231,S011,1,130.07,0.0,130.07,107.65,22.42,2023,11,11
O107823,2023-11-11,P0031,C01177,S010,1,104.43,0.0,104.43,64.18,40.25,2023,11,11
O107757,2023-11-11,P0064,C00678,S004,1,12.06,0.1,10.85,5.48,5.37,2023,11,11
O106300,2023-11-11,P0041,C01119,S010,1,246.7,0.05,234.36,134.73,99.63,2023,11,11
O102426,2023-11-11,P0020,C00308,S005,2,30.45,0.05,57.86,41.18,16.68,2023,11,11
O100048,2023-11-11,P0065,C00459,S011,2,776.21,0.1,1397.18,771.08,626.1,2023,11,11
O104400,2023-11-11,P0054,C00332,S012,1,42.97,0.0,42.97,29.12,13.85,2023,11,11
O110161,2023-11-12,P0002,C00012,S008,2,130.95,0.0,261.9,200.12,61.78,2023,11,12
O106540,2023-11-12,P0008,C00885,S008,2,22.28,0.0,44.56,22.28,22.28,2023,11,12
O109708,2023-11-12,P0016,C00786,S003,2,547.4,0.1,985.32,794.82,190.5,2023,11,12
O101279,2023-11-12,P0056,C01026,S002,2,20.73,0.0,41.46,33.5,7.96,2023,11,12
O101291,2023-11-12,P0064,C00682,S005,2,12.06,0.05,22.91,10.96,11.95,2023,11,12
O101207,2023-11-12,P0052,C00642,S003,3,97.55,0.15,248.75,184.41,64.34,2023,11,12
O109060,2023-11-12,P0055,C00290,S010,1,24.74,0.0,24.74,17.48,7.26,2023,11,12
O109256,2023-11-12,P0077,C01177,S012,1,130.07,0.1,117.06,107.65,9.41,2023,11,12
O106341,2023-11-12,P0047,C00578,S002,1,125.46,0.0,125.46,59.9,65.56,2023,11,12
O110928,2023-11-12,P0085,C00532,S010,1,34.17,0.0,34.17,27.5,6.67,2023,11,12
O100960,2023-11-12,P0037,C00981,S002,2,61.48,0.05,116.81,96.2,20.61,2023,11,12
O104884,2023-11-12,P0040,C00981,S003,10,25.25,0.0,252.5,165.3,87.2,2023,11,12
O105394,2023-11-12,P0057,C01104,S008,3,157.4,0.1,424.98,394.83,30.15,2023,11,12
O108189,2023-11-12,P0015,C00773,S005,1,36.03,0.0,36.03,18.61,17.42,2023,11,12
O101070,2023-11-13,P0099,C00580,S009,4,5.01,0.0,20.04,11.08,8.96,2023,11,13
O100432,2023-11-13,P0010,C00334,S003,1,14.81,0.15,12.59,12.15,0.44,2023,11,13
O111287,2023-11-13,P0009,C00355,S008,1,8.02,0.0,8.02,6.09,1.93,2023,11,13
O106272,2023-11-13,P0008,C00533,S010,1,22.28,0.2,17.82,11.14,6.68,2023,11,13
O110026,2023-11-13,P0008,C00868,S012,5,22.28,0.1,100.26,55.7,44.56,2023,11,13
O102691,2023-11-13,P0087,C00028,S012,1,463.9,0.05,440.7,253.65,187.05,2023,11,13
O103709,2023-11-13,P0029,C00358,S008,3,93.75,0.0,281.25,206.28,74.97,2023,11,13
O106151,2023-11-13,P0030,C00141,S004,1,41.4,0.15,35.19,25.21,9.98,2023,11,13
O102709,2023-11-13,P0085,C00981,S012,1,34.17,0.1,30.75,27.5,3.25,2023,11,13
O102778,2023-11-13,P0048,C00391,S002,2,113.33,0.15,192.66,165.1,27.56,2023,11,13
O105540,2023-11-13,P0033,C00562,S007,2,47.81,0.1,86.06,62.42,23.64,2023,11,13
O109812,2023-11-13,P0060,C00548,S005,2,80.71,0.0,161.42,102.5,58.92,2023,11,13
O101545,2023-11-13,P0016,C00837,S008,3,547.4,0.05,1560.09,1192.23,367.86,2023,11,13
O106614,2023-11-14,P0085,C00922,S009,1,34.17,0.0,34.17,27.5,6.67,2023,11,14
O110898,2023-11-14,P0035,C00963,S008,3,21.89,0.15,55.82,36.75,19.07,2023,11,14
O107528,2023-11-14,P0036,C01110,S011,1,15.34,0.0,15.34,8.29,7.05,2023,11,14
O109758,2023-11-14,P0078,C00922,S003,1,18.31,0.0,18.31,12.84,5.47,2023,11,14
O100816,2023-11-14,P0051,C00154,S011,1,32.14,0.0,32.14,16.02,16.12,2023,11,14
O100808,2023-11-14,P0032,C00294,S011,2,62.15,0.0,124.3,90.58,33.72,2023,11,14
O107101,2023-11-14,P0093,C00229,S007,1,13.08,0.0,13.08,9.16,3.92,2023,11,14
O105272,2023-11-14,P0030,C00236,S007,1,41.4,0.0,41.4,25.21,16.19,2023,11,14
O110416,2023-11-14,P0079,C00422,S008,1,120.53,0.0,120.53,93.1,27.43,2023,11,14
O107248,2023-11-14,P0068,C00228,S005,2,100.31,0.15,170.53,162.76,7.77,2023,11,14
O102378,2023-11-14,P0068,C00733,S003,1,100.31,0.1,90.28,81.38,8.9,2023,11,14
O108512,2023-11-14,P0039,C00858,S002,1,47.6,0.1,42.84,32.53,10.31,2023,11,14
O108823,2023-11-14,P0023,C00498,S010,1,818.22,0.0,818.22,630.15,188.07,2023,11,14
O110813,2023-11-14,P0067,C00392,S005,1,5.57,0.0,5.57,3.25,2.32,2023,11,14
O109545,2023-11-14,P0073,C00226,S004,1,36.7,0.0,36.7,18.22,18.48,2023,11,14
O105399,2023-11-14,P0088,C00750,S009,4,5.57,0.05,21.17,17.24,3.93,2023,11,14
O111254,2023-11-14,P0094,C00792,S009,1,21.21,0.2,16.97,12.17,4.8,2023,11,14
O105040,2023-11-15,P0014,C00056,S005,1,13.14,0.05,12.48,6.13,6.35,2023,11,15
O100317,2023-11-15,P0042,C01139,S010,2,9.86,0.0,19.72,12.46,7.26,2023,11,15
O106922,2023-11-15,P0042,C01051,S009,2,9.86,0.0,19.72,12.46,7.26,2023,11,15
O103891,2023-11-15,P0096,C00172,S002,2,63.84,0.0,127.68,70.1,57.58,2023,11,15
O111361,2023-11-15,P0037,C00150,S002,4,61.48,0.0,245.92,192.4,53.52,2023,11,15
O101508,2023-11-15,P0072,C00633,S001,2,149.26,0.0,298.52,139.02,159.5,2023,11,15
O101140,2023-11-15,P0066,C00944,S012,1,105.53,0.0,105.53,58.77,46.76,2023,11,15
O111059,2023-11-15,P0100,C00570,S008,1,142.46,0.0,142.46,91.14,51.32,2023,11,15
O108194,2023-11-15,P0017,C01185,S001,1,25.27,0.0,25.27,17.77,7.5,2023,11,15
O105631,2023-11-15,P0088,C00177,S001,2,5.57,0.1,10.03,8.62,1.41,2023,11,15
O103789,2023-11-15,P0033,C01032,S004,1,47.81,0.0,47.81,31.21,16.6,2023,11,15
O105016,2023-11-15,P0052,C00924,S012,1,97.55,0.0,97.55,61.47,36.08,2023,11,15
O110191,2023-11-15,P0066,C00633,S010,2,105.53,0.1,189.95,117.54,72.41,2023,11,15
O100426,2023-11-15,P0084,C01002,S004,2,17.53,0.0,35.06,28.22,6.84,2023,11,15
O106704,2023-11-15,P0002,C01088,S003,1,130.95,0.0,130.95,100.06,30.89,2023,11,15
O105364,2023-11-15,P0093,C00230,S009,1,13.08,0.0,13.08,9.16,3.92,2023,11,15
O107301,2023-11-15,P0088,C01176,S003,2,5.57,0.15,9.47,8.62,0.85,2023,11,15
O110207,2023-11-16,P0057,C00424,S002,2,157.4,0.05,299.06,263.22,35.84,2023,11,16
O103256,2023-11-16,P0026,C00376,S002,1,325.3,0.1,292.77,181.38,111.39,2023,11,16
O104149,2023-11-16,P0010,C00964,S011,1,14.81,0.1,13.33,12.15,1.18,2023,11,16
O105132,2023-11-16,P0100,C00227,S010,2,142.46,0.0,284.92,182.28,102.64,2023,11,16
O109378,2023-11-16,P0063,C00286,S004,1,112.94,0.1,101.65,90.69,10.96,2023,11,16
O104969,2023-11-16,P0003,C00571,S004,1,44.76,0.0,44.76,33.14,11.62,2023,11,16
O107371,2023-11-16,P0086,C00938,S004,1,310.61,0.2,248.49,159.69,88.8,2023,11,16
O103484,2023-11-16,P0092,C00570,S010,1,41.48,0.1,37.33,25.41,11.92,2023,11,16
O100420,2023-11-16,P0039,C01141,S003,1,47.6,0.0,47.6,32.53,15.07,2023,11,16
O106882,2023-11-16,P0011,C00387,S006,2,713.82,0.05,1356.26,903.66,452.6,2023,11,16
O110139,2023-11-16,P0053,C01006,S006,2,51.37,0.0,102.74,64.54,38.2,2023,11,16
O105226,2023-11-16,P0048,C00020,S001,1,113.33,0.1,102.0,82.55,19.45,2023,11,16
O105057,2023-11-17,P0087,C00988,S002,1,463.9,0.0,463.9,253.65,210.25,2023,11,17
O103383,2023-11-17,P0010,C00221,S003,2,14.81,0.1,26.66,24.3,2.36,2023,11,17
O107818,2023-11-17,P0100,C00650,S009,2,142.46,0.0,284.92,182.28,102.64,2023,11,17
O101754,2023-11-17,P0084,C00228,S007,3,17.53,0.05,49.96,42.33,7.63,2023,11,17
O110745,2023-11-17,P0057,C01031,S011,2,157.4,0.0,314.8,263.22,51.58,2023,11,17
O108221,2023-11-17,P0061,C00895,S002,3,86.94,0.0,260.82,139.2,121.62,2023,11,17
O108245,2023-11-17,P0009,C01089,S011,2,8.02,0.0,16.04,12.18,3.86,2023,11,17
O103820,2023-11-17,P0077,C00624,S009,3,130.07,0.0,390.21,322.95,67.26,2023,11,17
O100352,2023-11-17,P0090,C00939,S005,1,575.16,0.0,575.16,375.73,199.43,2023,11,17
O109094,2023-11-17,P0021,C00823,S002,1,25.8,0.1,23.22,12.57,10.65,2023,11,17
O102663,2023-11-17,P0047,C00724,S001,1,125.46,0.05,119.19,59.9,59.29,2023,11,17
O100710,2023-11-17,P0009,C00784,S006,2,8.02,0.0,16.04,12.18,3.86,2023,11,17
O104506,2023-11-17,P0056,C00864,S005,1,20.73,0.0,20.73,16.75,3.98,2023,11,17
O107080,2023-11-17,P0026,C00950,S011,2,325.3,0.0,650.6,362.76,287.84,2023,11,17
O109182,2023-11-17,P0090,C00257,S008,1,575.16,0.0,575.16,375.73,199.43,2023,11,17
O101911,2023-11-17,P0074,C00394,S006,1,106.15,0.05,100.84,69.24,31.6,2023,11,17
O103483,2023-11-17,P0095,C01079,S010,1,118.84,0.0,118.84,78.17,40.67,2023,11,17
O101504,2023-11-17,P0069,C01067,S010,3,85.27,0.1,230.23,197.58,32.65,2023,11,17
O108110,2023-11-17,P0059,C01039,S008,1,10.64,0.05,10.11,7.7,2.41,2023,11,17
O111349,2023-11-18,P0014,C00444,S007,1,13.14,0.0,13.14,6.13,7.01,2023,11,18
O104425,2023-11-18,P0009,C00809,S006,2,8.02,0.1,14.44,12.18,2.26,2023,11,18
O104583,2023-11-18,P0003,C00246,S007,2,44.76,0.0,89.52,66.28,23.24,2023,11,18
O105323,2023-11-18,P0035,C00602,S007,1,21.89,0.1,19.7,12.25,7.45,2023,11,18
O104688,2023-11-18,P0049,C00225,S011,2,366.28,0.0,732.56,345.42,387.14,2023,11,18
O106134,2023-11-18,P0067,C00343,S011,1,5.57,0.05,5.29,3.25,2.04,2023,11,18
O103304,2023-11-18,P0003,C00557,S012,1,44.76,0.05,42.52,33.14,9.38,2023,11,18
O111470,2023-11-18,P0043,C00206,S003,1,11.09,0.0,11.09,5.81,5.28,2023,11,18
O108281,2023-11-18,P0057,C00938,S012,1,157.4,0.05,149.53,131.61,17.92,2023,11,18
O104255,2023-11-18,P0070,C01059,S005,4,27.07,0.0,108.28,57.0,51.28,2023,11,18
O109696,2023-11-18,P0050,C00385,S012,1,9.87,0.0,9.87,4.74,5.13,2023,11,18
O108322,2023-11-18,P0040,C00269,S007,5,25.25,0.0,126.25,82.65,43.6,2023,11,18
O109304,2023-11-18,P0073,C01017,S008,2,36.7,0.0,73.4,36.44,36.96,2023,11,18
O107464,2023-11-18,P0046,C00703,S007,3,69.45,0.0,208.35,127.74,80.61,2023,11,18
O103187,2023-11-18,P0011,C00780,S008,4,713.82,0.0,2855.28,1807.32,1047.96,2023,11,18
O110773,2023-11-18,P0007,C00275,S012,1,99.07,0.0,99.07,74.71,24.36,2023,11,18
O102819,2023-11-18,P0054,C00146,S001,1,42.97,0.0,42.97,29.12,13.85,2023,11,18
O106435,2023-11-18,P0089,C00306,S008,1,39.28,0.05,37.32,18.15,19.17,2023,11,18
O101720,2023-11-18,P0085,C00393,S007,1,34.17,0.0,34.17,27.5,6.67,2023,11,18
O102784,2023-11-18,P0027,C00169,S006,1,55.97,0.0,55.97,29.57,26.4,2023,11,18
O107199,2023-11-18,P0050,C00460,S011,2,9.87,0.05,18.75,9.48,9.27,2023,11,18
O105872,2023-11-19,P0031,C00378,S009,4,104.43,0.0,417.72,256.72,161.0,2023,11,19
O101371,2023-11-19,P0073,C01008,S002,1,36.7,0.0,36.7,18.22,18.48,2023,11,19
O108344,2023-11-19,P0019,C00659,S012,1,138.62,0.0,138.62,68.15,70.47,2023,11,19
O106339,2023-11-19,P0072,C00656,S008,1,149.26,0.0,149.26,69.51,79.75,2023,11,19
O106552,2023-11-19,P0005,C00567,S011,1,15.5,0.0,15.5,12.07,3.43,2023,11,19
O102707,2023-11-19,P0008,C00084,S003,1,22.28,0.0,22.28,11.14,11.14,2023,11,19
O104550,2023-11-19,P0048,C00751,S003,1,113.33,0.1,102.0,82.55,19.45,2023,11,19
O102716,2023-11-19,P0096,C00755,S001,1,63.84,0.15,54.26,35.05,19.21,2023,11,19
O110971,2023-11-19,P0023,C00592,S003,2,818.22,0.1,1472.8,1260.3,212.5,2023,11,19
O109876,2023-11-19,P0051,C00185,S011,5,32.14,0.15,136.6,80.1,56.5,2023,11,19
O103607,2023-11-19,P0090,C00269,S012,1,575.16,0.0,575.16,375.73,199.43,2023,11,19
O109489,2023-11-19,P0046,C00073,S009,2,69.45,0.0,138.9,85.16,53.74,2023,11,19
O110117,2023-11-19,P0022,C00811,S001,3,42.03,0.0,126.09,90.42,35.67,2023,11,19
O109948,2023-11-19,P0031,C00126,S006,1,104.43,0.0,104.43,64.18,40.25,2023,11,19
O107262,2023-11-19,P0078,C00115,S003,2,18.31,0.0,36.62,25.68,10.94,2023,11,19
O104760,2023-11-19,P0057,C00151,S010,1,157.4,0.05,149.53,131.61,17.92,2023,11,19
O107827,2023-11-20,P0091,C00517,S008,2,35.24,0.15,59.91,37.34,22.57,2023,11,20
O101814,2023-11-20,P0032,C00006,S010,3,62.15,0.05,177.13,135.87,41.26,2023,11,20
O107803,2023-11-20,P0053,C00539,S003,3,51.37,0.0,154.11,96.81,57.3,2023,11,20
O105408,2023-11-20,P0014,C01006,S001,1,13.14,0.0,13.14,6.13,7.01,2023,11,20
O100301,2023-11-20,P0043,C00576,S002,1,11.09,0.05,10.54,5.81,4.73,2023,11,20
O110638,2023-11-20,P0022,C01135,S003,1,42.03,0.0,42.03,30.14,11.89,2023,11,20
O101529,2023-11-20,P0069,C00609,S012,1,85.27,0.0,85.27,65.86,19.41,2023,11,20
O101011,2023-11-20,P0041,C00853,S006,5,246.7,0.1,1110.15,673.65,436.5,2023,11,20
O103378,2023-11-21,P0087,C00685,S006,1,463.9,0.0,463.9,253.65,210.25,2023,11,21
O102947,2023-11-21,P0055,C00410,S006,1,24.74,0.0,24.74,17.48,7.26,2023,11,21
O105333,2023-11-21,P0069,C00297,S006,1,85.27,0.0,85.27,65.86,19.41,2023,11,21
O100643,2023-11-21,P0039,C00741,S002,5,47.6,0.05,226.1,162.65,63.45,2023,11,21
O106594,2023-11-21,P0074,C00169,S001,1,106.15,0.1,95.54,69.24,26.3,2023,11,21
O107798,2023-11-21,P0078,C00836,S002,2,18.31,0.0,36.62,25.68,10.94,2023,11,21
O111984,2023-11-21,P0086,C00023,S002,1,310.61,0.1,279.55,159.69,119.86,2023,11,21
O110137,2023-11-21,P0013,C00504,S006,1,45.23,0.0,45.23,24.82,20.41,2023,11,21
O105228,2023-11-21,P0015,C00246,S008,2,36.03,0.05,68.46,37.22,31.24,2023,11,21
O104539,2023-11-21,P0036,C00293,S003,1,15.34,0.0,15.34,8.29,7.05,2023,11,21
O111915,2023-11-21,P0064,C00237,S006,1,12.06,0.1,10.85,5.48,5.37,2023,11,21
O104450,2023-11-21,P0073,C00949,S008,1,36.7,0.0,36.7,18.22,18.48,2023,11,21
O109226,2023-11-21,P0012,C00671,S007,1,88.36,0.05,83.94,62.9,21.04,2023,11,21
O102953,2023-11-21,P0017,C01054,S006,3,25.27,0.0,75.81,53.31,22.5,2023,11,21
O107074,2023-11-21,P0073,C00612,S001,1,36.7,0.1,33.03,18.22,14.81,2023,11,21
O102865,2023-11-21,P0003,C00227,S001,1,44.76,0.0,44.76,33.14,11.62,2023,11,21
O100034,2023-11-21,P0015,C00114,S003,4,36.03,0.05,136.91,74.44,62.47,2023,11,21
O108133,2023-11-21,P0077,C00191,S011,4,130.07,0.0,520.28,430.6,89.68,2023,11,21
O100555,2023-11-22,P0072,C01154,S006,2,149.26,0.05,283.59,139.02,144.57,2023,11,22
O100082,2023-11-22,P0042,C00778,S005,1,9.86,0.0,9.86,6.23,3.63,2023,11,22
O105125,2023-11-22,P0058,C00287,S006,1,123.22,0.0,123.22,59.47,63.75,2023,11,22
O105922,2023-11-22,P0011,C00582,S009,1,713.82,0.0,713.82,451.83,261.99,2023,11,22
O103335,2023-11-22,P0100,C00155,S011,1,142.46,0.0,142.46,91.14,51.32,2023,11,22
O105818,2023-11-22,P0044,C00081,S002,2,136.64,0.1,245.95,231.36,14.59,2023,11,22
O104766,2023-11-22,P0039,C00026,S001,1,47.6,0.0,47.6,32.53,15.07,2023,11,22
O105585,2023-11-22,P0002,C00259,S004,3,130.95,0.0,392.85,300.18,92.67,2023,11,22
O101862,2023-11-22,P0029,C01017,S003,1,93.75,0.0,93.75,68.76,24.99,2023,11,22
O101093,2023-11-22,P0079,C00441,S002,1,120.53,0.2,96.42,93.1,3.32,2023,11,22
O111497,2023-11-22,P0003,C01007,S001,1,44.76,0.0,44.76,33.14,11.62,2023,11,22
O107647,2023-11-22,P0020,C00457,S004,1,30.45,0.0,30.45,20.59,9.86,2023,11,22
O104870,2023-11-22,P0036,C00916,S007,2,15.34,0.05,29.15,16.58,12.57,2023,11,22
O103080,2023-11-22,P0080,C00262,S007,1,20.59,0.0,20.59,13.94,6.65,2023,11,22
O105382,2023-11-22,P0002,C00925,S005,1,130.95,0.05,124.4,100.06,24.34,2023,11,22
O110181,2023-11-22,P0084,C00218,S005,1,17.53,0.0,17.53,14.11,3.42,2023,11,22
O101049,2023-11-22,P0081,C01001,S004,1,143.09,0.05,135.94,110.0,25.94,2023,11,22
O111750,2023-11-22,P0087,C00699,S001,1,463.9,0.05,440.7,253.65,187.05,2023,11,22
O100157,2023-11-22,P0076,C00618,S012,1,301.81,0.0,301.81,247.89,53.92,2023,11,22
O103100,2023-11-22,P0092,C00745,S007,1,41.48,0.0,41.48,25.41,16.07,2023,11,22
O107610,2023-11-22,P0052,C01090,S011,1,97.55,0.0,97.55,61.47,36.08,2023,11,22
O108092,2023-11-23,P0010,C00591,S003,1,14.81,0.0,14.81,12.15,2.66,2023,11,23
O111581,2023-11-23,P0062,C00345,S009,2,39.06,0.0,78.12,35.7,42.42,2023,11,23
O106220,2023-11-23,P0070,C00970,S012,3,27.07,0.1,73.09,42.75,30.34,2023,11,23
O104287,2023-11-23,P0035,C00411,S002,1,21.89,0.0,21.89,12.25,9.64,2023,11,23
O107916,2023-11-23,P0049,C01189,S003,1,366.28,0.1,329.65,172.71,156.94,2023,11,23
O103307,2023-11-23,P0032,C00122,S001,3,62.15,0.1,167.8,135.87,31.93,2023,11,23
O105653,2023-11-23,P0084,C01028,S005,1,17.53,0.0,17.53,14.11,3.42,2023,11,23
O104678,2023-11-23,P0023,C00637,S001,1,818.22,0.15,695.49,630.15,65.34,2023,11,23
O103434,2023-11-23,P0092,C00992,S005,3,41.48,0.15,105.77,76.23,29.54,2023,11,23
O104845,2023-11-23,P0089,C00822,S005,1,39.28,0.0,39.28,18.15,21.13,2023,11,23
O103265,2023-11-23,P0035,C00462,S002,1,21.89,0.0,21.89,12.25,9.64,2023,11,23
O108102,2023-11-23,P0042,C01180,S007,3,9.86,0.05,28.1,18.69,9.41,2023,11,23
O107973,2023-11-23,P0050,C00085,S003,1,9.87,0.0,9.87,4.74,5.13,2023,11,23
O102522,2023-11-23,P0003,C00314,S005,2,44.76,0.0,89.52,66.28,23.24,2023,11,23
O106279,2023-11-23,P0066,C00601,S001,2,105.53,0.0,211.06,117.54,93.52,2023,11,23
O101544,2023-11-24,P0020,C00680,S011,1,30.45,0.0,30.45,20.59,9.86,2023,11,24
O102505,2023-11-24,P0053,C01030,S001,1,51.37,0.0,51.37,32.27,19.1,2023,11,24
O108421,2023-11-24,P0028,C00730,S005,2,453.33,0.0,906.66,507.92,398.74,2023,11,24
O109835,2023-11-24,P0026,C01101,S011,2,325.3,0.1,585.54,362.76,222.78,2023,11,24
O108279,2023-11-24,P0059,C01140,S011,1,10.64,0.0,10.64,7.7,2.94,2023,11,24
O108974,2023-11-24,P0081,C00295,S008,2,143.09,0.1,257.56,220.0,37.56,2023,11,24
O100062,2023-11-24,P0090,C00154,S006,2,575.16,0.05,1092.8,751.46,341.34,2023,11,24
O107182,2023-11-24,P0030,C01058,S009,2,41.4,0.0,82.8,50.42,32.38,2023,11,24
O106303,2023-11-24,P0002,C00708,S006,1,130.95,0.05,124.4,100.06,24.34,2023,11,24
O102882,2023-11-24,P0032,C00575,S007,1,62.15,0.0,62.15,45.29,16.86,2023,11,24
O101515,2023-11-24,P0031,C01105,S006,3,104.43,0.0,313.29,192.54,120.75,2023,11,24
O105844,2023-11-24,P0004,C00904,S006,1,29.55,0.05,28.07,14.48,13.59,2023,11,24
O105914,2023-11-24,P0092,C00238,S008,2,41.48,0.0,82.96,50.82,32.14,2023,11,24
O103336,2023-11-24,P0006,C00220,S001,1,74.01,0.05,70.31,43.08,27.23,2023,11,24
O108786,2023-11-24,P0066,C01074,S008,2,105.53,0.0,211.06,117.54,93.52,2023,11,24
O102162,2023-11-24,P0017,C00887,S008,1,25.27,0.0,25.27,17.77,7.5,2023,11,24
O107491,2023-11-24,P0043,C00056,S001,4,11.09,0.0,44.36,23.24,21.12,2023,11,24
O111742,2023-11-24,P0042,C00722,S007,3,9.86,0.0,29.58,18.69,10.89,2023,11,24
O111139,2023-11-25,P0054,C00296,S004,1,42.97,0.0,42.97,29.12,13.85,2023,11,25
O104403,2023-11-25,P0012,C00795,S012,3,88.36,0.0,265.08,188.7,76.38,2023,11,25
O106440,2023-11-25,P0003,C00299,S009,1,44.76,0.1,40.28,33.14,7.14,2023,11,25
O108020,2023-11-25,P0096,C00830,S009,1,63.84,0.0,63.84,35.05,28.79,2023,11,25
O111859,2023-11-25,P0094,C00883,S001,1,21.21,0.05,20.15,12.17,7.98,2023,11,25
O107428,2023-11-25,P0073,C00281,S003,2,36.7,0.0,73.4,36.44,36.96,2023,11,25
O106671,2023-11-25,P0029,C00693,S011,4,93.75,0.0,375.0,275.04,99.96,2023,11,25
O107416,2023-11-25,P0032,C00324,S003,1,62.15,0.15,52.83,45.29,7.54,2023,11,25
O107896,2023-11-25,P0026,C01112,S008,1,325.3,0.15,276.5,181.38,95.12,2023,11,25
O109014,2023-11-25,P0073,C00871,S011,1,36.7,0.0,36.7,18.22,18.48,2023,11,25
O100022,2023-11-25,P0005,C00355,S001,1,15.5,0.0,15.5,12.07,3.43,2023,11,25
O109124,2023-11-25,P0075,C00143,S004,1,10.1,0.0,10.1,7.49,2.61,2023,11,25
O104060,2023-11-25,P0078,C00281,S005,1,18.31,0.15,15.56,12.84,2.72,2023,11,25
O104657,2023-11-25,P0007,C00376,S011,1,99.07,0.0,99.07,74.71,24.36,2023,11,25
O108646,2023-11-25,P0004,C00167,S008,1,29.55,0.0,29.55,14.48,15.07,2023,11,25
O101116,2023-11-26,P0092,C01151,S003,1,41.48,0.15,35.26,25.41,9.85,2023,11,26
O103450,2023-11-26,P0048,C00375,S008,3,113.33,0.0,339.99,247.65,92.34,2023,11,26
O107658,2023-11-26,P0001,C00373,S007,1,132.87,0.0,132.87,107.4,25.47,2023,11,26
O109283,2023-11-26,P0052,C01089,S007,1,97.55,0.0,97.55,61.47,36.08,2023,11,26
O108054,2023-11-26,P0034,C00811,S001,1,84.19,0.1,75.77,69.04,6.73,2023,11,26
O108232,2023-11-26,P0057,C00418,S004,1,157.4,0.15,133.79,131.61,2.18,2023,11,26
O110710,2023-11-26,P0089,C00052,S006,2,39.28,0.05,74.63,36.3,38.33,2023,11,26
O101406,2023-11-26,P0084,C00055,S006,1,17.53,0.15,14.9,14.11,0.79,2023,11,26
O106873,2023-11-26,P0006,C00821,S002,1,74.01,0.1,66.61,43.08,23.53,2023,11,26
O100167,2023-11-26,P0038,C00216,S001,2,42.19,0.0,84.38,58.62,25.76,2023,11,26
O105044,2023-11-26,P0026,C00154,S001,1,325.3,0.0,325.3,181.38,143.92,2023,11,26
O105060,2023-11-26,P0079,C00964,S008,10,120.53,0.1,1084.77,931.0,153.77,2023,11,26
O100592,2023-11-26,P0052,C00175,S003,1,97.55,0.0,97.55,61.47,36.08,2023,11,26
O103314,2023-11-26,P0027,C00612,S009,3,55.97,0.2,134.33,88.71,45.62,2023,11,26
O106364,2023-11-26,P0015,C00737,S009,1,36.03,0.2,28.82,18.61,10.21,2023,11,26
O107063,2023-11-26,P0070,C00245,S009,4,27.07,0.0,108.28,57.0,51.28,2023,11,26
O107188,2023-11-26,P0008,C00019,S012,2,22.28,0.2,35.65,22.28,13.37,2023,11,26
O108251,2023-11-26,P0038,C00530,S005,1,42.19,0.0,42.19,29.31,12.88,2023,11,26
O110099,2023-11-26,P0036,C00452,S008,2,15.34,0.0,30.68,16.58,14.1,2023,11,26
O111404,2023-11-26,P0014,C01091,S001,1,13.14,0.1,11.83,6.13,5.7,2023,11,26
O110808,2023-11-26,P0045,C00632,S011,2,131.19,0.0,262.38,213.76,48.62,2023,11,26
O107443,2023-11-26,P0023,C01025,S010,1,818.22,0.0,818.22,630.15,188.07,2023,11,26
O102169,2023-11-26,P0023,C00184,S003,4,818.22,0.0,3272.88,2520.6,752.28,2023,11,26
O103794,2023-11-27,P0004,C00900,S006,4,29.55,0.15,100.47,57.92,42.55,2023,11,27
O103293,2023-11-27,P0063,C00578,S008,1,112.94,0.05,107.29,90.69,16.6,2023,11,27
O105100,2023-11-27,P0043,C00992,S006,1,11.09,0.1,9.98,5.81,4.17,2023,11,27
O105475,2023-11-27,P0040,C00518,S009,3,25.25,0.0,75.75,49.59,26.16,2023,11,27
O106768,2023-11-27,P0077,C00765,S011,1,130.07,0.1,117.06,107.65,9.41,2023,11,27
O105990,2023-11-27,P0033,C01154,S004,1,47.81,0.0,47.81,31.21,16.6,2023,11,27
O108335,2023-11-27,P0068,C00894,S010,1,100.31,0.0,100.31,81.38,18.93,2023,11,27
O100283,2023-11-27,P0002,C00062,S005,1,130.95,0.0,130.95,100.06,30.89,2023,11,27
O105468,2023-11-27,P0001,C00370,S010,1,132.87,0.05,126.23,107.4,18.83,2023,11,27
O108822,2023-11-27,P0056,C00203,S010,1,20.73,0.0,20.73,16.75,3.98,2023,11,27
O108422,2023-11-27,P0050,C00762,S011,1,9.87,0.0,9.87,4.74,5.13,2023,11,27
O110725,2023-11-27,P0027,C00509,S008,3,55.97,0.0,167.91,88.71,79.2,2023,11,27
O106709,2023-11-27,P0057,C01104,S001,1,157.4,0.0,157.4,131.61,25.79,2023,11,27
O100992,2023-11-27,P0100,C00790,S004,3,142.46,0.0,427.38,273.42,153.96,2023,11,27
O111001,2023-11-27,P0072,C01050,S009,4,149.26,0.1,537.34,278.04,259.3,2023,11,27
O107096,2023-11-27,P0075,C00275,S005,1,10.1,0.0,10.1,7.49,2.61,2023,11,27
O104867,2023-11-27,P0025,C00296,S002,3,18.6,0.0,55.8,42.27,13.53,2023,11,27
O103117,2023-11-27,P0092,C01037,S003,4,41.48,0.0,165.92,101.64,64.28,2023,11,27
O102517,2023-11-27,P0022,C00480,S003,1,42.03,0.0,42.03,30.14,11.89,2023,11,27
O103403,2023-11-27,P0055,C01080,S010,1,24.74,0.1,22.27,17.48,4.79,2023,11,27
O106520,2023-11-27,P0099,C00436,S011,1,5.01,0.2,4.01,2.77,1.24,2023,11,27
O104676,2023-11-27,P0058,C00543,S001,3,123.22,0.0,369.66,178.41,191.25,2023,11,27
O111519,2023-11-27,P0032,C00080,S002,3,62.15,0.0,186.45,135.87,50.58,2023,11,27
O106629,2023-11-28,P0002,C00820,S012,5,130.95,0.0,654.75,500.3,154.45,2023,11,28
O101593,2023-11-28,P0058,C00254,S012,1,123.22,0.15,104.74,59.47,45.27,2023,11,28
O105205,2023-11-28,P0014,C00481,S008,2,13.14,0.0,26.28,12.26,14.02,2023,11,28
O109869,2023-11-28,P0051,C00512,S009,5,32.14,0.0,160.7,80.1,80.6,2023,11,28
O101006,2023-11-28,P0030,C01046,S009,4,41.4,0.0,165.6,100.84,64.76,2023,11,28
O108176,2023-11-28,P0001,C00716,S008,1,132.87,0.05,126.23,107.4,18.83,2023,11,28
O102945,2023-11-28,P0008,C00789,S011,1,22.28,0.0,22.28,11.14,11.14,2023,11,28
O109095,2023-11-28,P0063,C00536,S009,1,112.94,0.0,112.94,90.69,22.25,2023,11,28
O104040,2023-11-28,P0071,C00461,S001,1,9.68,0.05,9.2,7.38,1.82,2023,11,28
O108359,2023-11-28,P0052,C00792,S006,3,97.55,0.0,292.65,184.41,108.24,2023,11,28
O104970,2023-11-28,P0087,C00288,S009,1,463.9,0.0,463.9,253.65,210.25,2023,11,28
O106314,2023-11-28,P0076,C00165,S004,1,301.81,0.0,301.81,247.89,53.92,2023,11,28
O104022,2023-11-28,P0073,C00098,S001,1,36.7,0.15,31.2,18.22,12.98,2023,11,28
O107134,2023-11-28,P0003,C00295,S001,2,44.76,0.0,89.52,66.28,23.24,2023,11,28
O108351,2023-11-28,P0006,C00073,S005,2,74.01,0.0,148.02,86.16,61.86,2023,11,28
O100065,2023-11-28,P0041,C00402,S004,1,246.7,0.0,246.7,134.73,111.97,2023,11,28
O102318,2023-11-29,P0036,C01119,S008,1,15.34,0.05,14.57,8.29,6.28,2023,11,29
O111960,2023-11-29,P0057,C00313,S009,2,157.4,0.05,299.06,263.22,35.84,2023,11,29
O102069,2023-11-29,P0042,C00871,S004,1,9.86,0.05,9.37,6.23,3.14,2023,11,29
O110469,2023-11-29,P0066,C00182,S011,1,105.53,0.0,105.53,58.77,46.76,2023,11,29
O108122,2023-11-29,P0041,C00904,S004,4,246.7,0.1,888.12,538.92,349.2,2023,11,29
O110331,2023-11-29,P0064,C00130,S005,2,12.06,0.0,24.12,10.96,13.16,2023,11,29
O111856,2023-11-29,P0063,C00516,S005,4,112.94,0.0,451.76,362.76,89.0,2023,11,29
O106409,2023-11-29,P0047,C00984,S012,1,125.46,0.0,125.46,59.9,65.56,2023,11,29
O107053,2023-11-29,P0059,C00191,S011,4,10.64,0.05,40.43,30.8,9.63,2023,11,29
O105965,2023-11-29,P0054,C00959,S009,2,42.97,0.1,77.35,58.24,19.11,2023,11,29
O102352,2023-11-29,P0085,C00368,S011,2,34.17,0.0,68.34,55.0,13.34,2023,11,29
O105725,2023-11-29,P0036,C00665,S012,1,15.34,0.0,15.34,8.29,7.05,2023,11,29
O102327,2023-11-29,P0054,C00380,S011,5,42.97,0.0,214.85,145.6,69.25,2023,11,29
O105824,2023-11-29,P0013,C00044,S004,1,45.23,0.1,40.71,24.82,15.89,2023,11,29
O101038,2023-11-29,P0087,C01159,S006,1,463.9,0.2,371.12,253.65,117.47,2023,11,29
O106367,2023-11-30,P0067,C00167,S012,1,5.57,0.0,5.57,3.25,2.32,2023,11,30
O104838,2023-11-30,P0018,C01172,S005,1,34.43,0.0,34.43,26.49,7.94,2023,11,30
O101411,2023-11-30,P0066,C00086,S009,1,105.53,0.05,100.25,58.77,41.48,2023,11,30
O100054,2023-11-30,P0096,C00663,S008,1,63.84,0.0,63.84,35.05,28.79,2023,11,30
O106380,2023-11-30,P0007,C00069,S009,1,99.07,0.0,99.07,74.71,24.36,2023,11,30
O109415,2023-11-30,P0081,C00119,S006,1,143.09,0.0,143.09,110.0,33.09,2023,11,30
O111895,2023-11-30,P0085,C01080,S010,1,34.17,0.0,34.17,27.5,6.67,2023,11,30
O108712,2023-11-30,P0055,C00640,S006,1,24.74,0.0,24.74,17.48,7.26,2023,11,30
O100883,2023-11-30,P0092,C00248,S002,1,41.48,0.1,37.33,25.41,11.92,2023,11,30
O101690,2023-11-30,P0046,C01072,S005,1,69.45,0.0,69.45,42.58,26.87,2023,11,30
O104474,2023-11-30,P0066,C00982,S002,1,105.53,0.1,94.98,58.77,36.21,2023,11,30
O106323,2023-11-30,P0056,C00404,S008,1,20.73,0.1,18.66,16.75,1.91,2023,11,30
O107737,2023-11-30,P0073,C00152,S011,1,36.7,0.0,36.7,18.22,18.48,2023,11,30
O100738,2023-11-30,P0014,C01088,S003,2,13.14,0.0,26.28,12.26,14.02,2023,11,30
O111293,2023-11-30,P0045,C00860,S004,1,131.19,0.0,131.19,106.88,24.31,2023,11,30
O108354,2023-12-01,P0017,C00600,S007,1,25.27,0.05,24.01,17.77,6.24,2023,12,1
O105588,2023-12-01,P0079,C01192,S001,2,120.53,0.0,241.06,186.2,54.86,2023,12,1
O100794,2023-12-01,P0082,C00684,S002,4,28.43,0.0,113.72,86.92,26.8,2023,12,1
O106527,2023-12-01,P0067,C00147,S007,1,5.57,0.0,5.57,3.25,2.32,2023,12,1
O111899,2023-12-01,P0067,C00232,S005,1,5.57,0.0,5.57,3.25,2.32,2023,12,1
O104485,2023-12-01,P0013,C00647,S009,3,45.23,0.0,135.69,74.46,61.23,2023,12,1
O104748,2023-12-01,P0017,C00982,S007,3,25.27,0.0,75.81,53.31,22.5,2023,12,1
O109059,2023-12-01,P0012,C01047,S007,1,88.36,0.15,75.11,62.9,12.21,2023,12,1
O101460,2023-12-01,P0095,C01003,S012,1,118.84,0.0,118.84,78.17,40.67,2023,12,1
O100991,2023-12-01,P0028,C00744,S008,2,453.33,0.1,815.99,507.92,308.07,2023,12,1
O109725,2023-12-01,P0041,C00921,S002,1,246.7,0.0,246.7,134.73,111.97,2023,12,1
O109872,2023-12-01,P0006,C00186,S012,1,74.01,0.15,62.91,43.08,19.83,2023,12,1
O107336,2023-12-01,P0053,C00141,S010,2,51.37,0.05,97.6,64.54,33.06,2023,12,1
O109645,2023-12-01,P0090,C00743,S008,2,575.16,0.0,1150.32,751.46,398.86,2023,12,1
O100909,2023-12-01,P0070,C00606,S006,1,27.07,0.15,23.01,14.25,8.76,2023,12,1
O103350,2023-12-01,P0088,C01031,S001,3,5.57,0.0,16.71,12.93,3.78,2023,12,1
O105214,2023-12-01,P0094,C01005,S002,1,21.21,0.1,19.09,12.17,6.92,2023,12,1
O106470,2023-12-01,P0019,C00622,S006,1,138.62,0.1,124.76,68.15,56.61,2023,12,1
O108218,2023-12-01,P0001,C00460,S004,1,132.87,0.0,132.87,107.4,25.47,2023,12,1
O108472,2023-12-01,P0019,C00297,S012,1,138.62,0.1,124.76,68.15,56.61,2023,12,1
O109814,2023-12-01,P0003,C01198,S006,2,44.76,0.2,71.62,66.28,5.34,2023,12,1
O109569,2023-12-01,P0051,C00900,S005,2,32.14,0.0,64.28,32.04,32.24,2023,12,1
O105756,2023-12-01,P0011,C01036,S007,2,713.82,0.0,1427.64,903.66,523.98,2023,12,1
O108339,2023-12-01,P0016,C00535,S001,2,547.4,0.05,1040.06,794.82,245.24,2023,12,1
O111621,2023-12-02,P0007,C01198,S003,4,99.07,0.0,396.28,298.84,97.44,2023,12,2
O108520,2023-12-02,P0093,C00858,S012,1,13.08,0.0,13.08,9.16,3.92,2023,12,2
O110167,2023-12-02,P0090,C01051,S003,3,575.16,0.15,1466.66,1127.19,339.47,2023,12,2
O106421,2023-12-02,P0015,C00748,S002,1,36.03,0.05,34.23,18.61,15.62,2023,12,2
O111011,2023-12-02,P0049,C00504,S006,2,366.28,0.0,732.56,345.42,387.14,2023,12,2
O106917,2023-12-02,P0054,C00104,S012,1,42.97,0.0,42.97,29.12,13.85,2023,12,2
O110438,2023-12-02,P0027,C00556,S004,1,55.97,0.0,55.97,29.57,26.4,2023,12,2
O100567,2023-12-02,P0086,C00820,S012,1,310.61,0.0,310.61,159.69,150.92,2023,12,2
O107563,2023-12-02,P0062,C00167,S002,3,39.06,0.1,105.46,53.55,51.91,2023,12,2
O106551,2023-12-02,P0096,C00401,S009,1,63.84,0.0,63.84,35.05,28.79,2023,12,2
O111819,2023-12-02,P0007,C00157,S003,1,99.07,0.1,89.16,74.71,14.45,2023,12,2
O106749,2023-12-02,P0021,C00643,S011,2,25.8,0.1,46.44,25.14,21.3,2023,12,2
O111900,2023-12-02,P0009,C00517,S006,10,8.02,0.05,76.19,60.9,15.29,2023,12,2
O111646,2023-12-02,P0021,C00633,S008,3,25.8,0.05,73.53,37.71,35.82,2023,12,2
O108272,2023-12-02,P0097,C01109,S008,3,8.15,0.0,24.45,16.47,7.98,2023,12,2
O103225,2023-12-02,P0070,C00502,S002,10,27.07,0.1,243.63,142.5,101.13,2023,12,2
O100172,2023-12-03,P0097,C00791,S012,2,8.15,0.0,16.3,10.98,5.32,2023,12,3
O100832,2023-12-03,P0064,C00040,S009,1,12.06,0.05,11.46,5.48,5.98,2023,12,3
O102863,2023-12-03,P0053,C00879,S011,2,51.37,0.1,92.47,64.54,27.93,2023,12,3
O105273,2023-12-03,P0064,C01023,S009,1,12.06,0.0,12.06,5.48,6.58,2023,12,3
O104545,2023-12-03,P0076,C00055,S011,1,301.81,0.0,301.81,247.89,53.92,2023,12,3
O106974,2023-12-03,P0058,C00598,S009,2,123.22,0.2,197.15,118.94,78.21,2023,12,3
O100761,2023-12-03,P0092,C00474,S007,2,41.48,0.0,82.96,50.82,32.14,2023,12,3
O100393,2023-12-03,P0064,C00248,S007,2,12.06,0.0,24.12,10.96,13.16,2023,12,3
O109996,2023-12-03,P0056,C00329,S003,2,20.73,0.1,37.31,33.5,3.81,2023,12,3
O101090,2023-12-03,P0069,C00375,S002,3,85.27,0.0,255.81,197.58,58.23,2023,12,3
O109661,2023-12-03,P0051,C00334,S010,2,32.14,0.0,64.28,32.04,32.24,2023,12,3
O110005,2023-12-03,P0087,C00880,S009,5,463.9,0.0,2319.5,1268.25,1051.25,2023,12,3
O105836,2023-12-03,P0049,C00286,S006,1,366.28,0.0,366.28,172.71,193.57,2023,12,3
O103310,2023-12-03,P0034,C00589,S001,4,84.19,0.15,286.25,276.16,10.09,2023,12,3
O100471,2023-12-03,P0052,C01199,S003,3,97.55,0.0,292.65,184.41,108.24,2023,12,3
O106739,2023-12-03,P0026,C00181,S001,1,325.3,0.1,292.77,181.38,111.39,2023,12,3
O107038,2023-12-03,P0032,C00499,S012,1,62.15,0.1,55.94,45.29,10.65,2023,12,3
O106257,2023-12-03,P0037,C00824,S003,5,61.48,0.0,307.4,240.5,66.9,2023,12,3
O102000,2023-12-03,P0098,C01170,S005,2,37.83,0.0,75.66,58.0,17.66,2023,12,3
O100316,2023-12-04,P0004,C00490,S012,2,29.55,0.0,59.1,28.96,30.14,2023,12,4
O100673,2023-12-04,P0022,C00804,S008,1,42.03,0.0,42.03,30.14,11.89,2023,12,4
O104896,2023-12-04,P0041,C00418,S008,2,246.7,0.0,493.4,269.46,223.94,2023,12,4
O101829,2023-12-04,P0075,C00281,S002,2,10.1,0.0,20.2,14.98,5.22,2023,12,4
O106062,2023-12-04,P0034,C00608,S003,3,84.19,0.1,227.31,207.12,20.19,2023,12,4
O104171,2023-12-04,P0034,C00341,S008,1,84.19,0.0,84.19,69.04,15.15,2023,12,4
O103422,2023-12-04,P0083,C00521,S010,1,85.03,0.05,80.78,44.79,35.99,2023,12,4
O110624,2023-12-04,P0070,C00538,S004,2,27.07,0.05,51.43,28.5,22.93,2023,12,4
O106175,2023-12-04,P0066,C00517,S003,2,105.53,0.15,179.4,117.54,61.86,2023,12,4
O105119,2023-12-05,P0062,C00953,S008,3,39.06,0.05,111.32,53.55,57.77,2023,12,5
O107253,2023-12-05,P0100,C00123,S009,1,142.46,0.0,142.46,91.14,51.32,2023,12,5
O100745,2023-12-05,P0021,C00265,S011,1,25.8,0.1,23.22,12.57,10.65,2023,12,5
O111248,2023-12-05,P0016,C00318,S007,3,547.4,0.05,1560.09,1192.23,367.86,2023,12,5
O106500,2023-12-05,P0045,C00707,S004,1,131.19,0.05,124.63,106.88,17.75,2023,12,5
O105140,2023-12-05,P0068,C00136,S003,1,100.31,0.0,100.31,81.38,18.93,2023,12,5
O106075,2023-12-05,P0014,C01070,S010,2,13.14,0.0,26.28,12.26,14.02,2023,12,5
O104131,2023-12-05,P0076,C00289,S006,3,301.81,0.1,814.89,743.67,71.22,2023,12,5
O105185,2023-12-05,P0004,C01132,S008,3,29.55,0.0,88.65,43.44,45.21,2023,12,5
O111955,2023-12-05,P0031,C01163,S012,1,104.43,0.0,104.43,64.18,40.25,2023,12,5
O111668,2023-12-05,P0051,C00259,S003,1,32.14,0.0,32.14,16.02,16.12,2023,12,5
O109642,2023-12-05,P0094,C00890,S008,2,21.21,0.0,42.42,24.34,18.08,2023,12,5
O101380,2023-12-05,P0016,C00514,S008,2,547.4,0.05,1040.06,794.82,245.24,2023,12,5
O107999,2023-12-05,P0082,C00658,S008,1,28.43,0.0,28.43,21.73,6.7,2023,12,5
O107509,2023-12-05,P0072,C00093,S012,1,149.26,0.0,149.26,69.51,79.75,2023,12,5
O109759,2023-12-05,P0032,C00288,S012,10,62.15,0.05,590.42,452.9,137.52,2023,12,5
O110539,2023-12-05,P0036,C00476,S003,3,15.34,0.0,46.02,24.87,21.15,2023,12,5
O109588,2023-12-05,P0033,C00673,S009,2,47.81,0.1,86.06,62.42,23.64,2023,12,5
O106674,2023-12-06,P0089,C00892,S008,1,39.28,0.0,39.28,18.15,21.13,2023,12,6
O107816,2023-12-06,P0046,C00642,S002,1,69.45,0.0,69.45,42.58,26.87,2023,12,6
O101102,2023-12-06,P0093,C01158,S005,1,13.08,0.15,11.12,9.16,1.96,2023,12,6
O108228,2023-12-06,P0053,C00090,S010,2,51.37,0.0,102.74,64.54,38.2,2023,12,6
O102190,2023-12-06,P0070,C01043,S004,3,27.07,0.0,81.21,42.75,38.46,2023,12,6
O107285,2023-12-06,P0045,C00267,S007,1,131.19,0.0,131.19,106.88,24.31,2023,12,6
O103871,2023-12-06,P0081,C01021,S004,1,143.09,0.0,143.09,110.0,33.09,2023,12,6
O103704,2023-12-06,P0008,C00522,S007,1,22.28,0.05,21.17,11.14,10.03,2023,12,6
O102723,2023-12-06,P0037,C00914,S001,1,61.48,0.1,55.33,48.1,7.23,2023,12,6
O111770,2023-12-06,P0056,C00411,S011,1,20.73,0.0,20.73,16.75,3.98,2023,12,6
O104923,2023-12-06,P0089,C00636,S010,1,39.28,0.0,39.28,18.15,21.13,2023,12,6
O109687,2023-12-06,P0068,C00361,S007,1,100.31,0.0,100.31,81.38,18.93,2023,12,6
O102054,2023-12-06,P0010,C00913,S011,1,14.81,0.05,14.07,12.15,1.92,2023,12,6
O100488,2023-12-06,P0076,C00216,S005,1,301.81,0.0,301.81,247.89,53.92,2023,12,6
O106010,2023-12-06,P0059,C00487,S009,2,10.64,0.1,19.15,15.4,3.75,2023,12,6
O109543,2023-12-06,P0031,C00317,S004,3,104.43,0.0,313.29,192.54,120.75,2023,12,6
O100464,2023-12-06,P0096,C00534,S002,1,63.84,0.1,57.46,35.05,22.41,2023,12,6
O110947,2023-12-06,P0042,C00306,S003,1,9.86,0.15,8.38,6.23,2.15,2023,12,6
O108863,2023-12-06,P0062,C00127,S009,3,39.06,0.05,111.32,53.55,57.77,2023,12,6
O102427,2023-12-06,P0054,C00970,S009,1,42.97,0.0,42.97,29.12,13.85,2023,12,6
O101476,2023-12-07,P0024,C00029,S005,1,722.65,0.0,722.65,423.58,299.07,2023,12,7
O109914,2023-12-07,P0036,C00899,S002,5,15.34,0.1,69.03,41.45,27.58,2023,12,7
O109936,2023-12-07,P0003,C00177,S008,1,44.76,0.05,42.52,33.14,9.38,2023,12,7
O110688,2023-12-07,P0099,C00298,S006,1,5.01,0.1,4.51,2.77,1.74,2023,12,7
O105331,2023-12-07,P0072,C00366,S009,1,149.26,0.1,134.33,69.51,64.82,2023,12,7
O107933,2023-12-07,P0002,C00953,S011,1,130.95,0.1,117.85,100.06,17.79,2023,12,7
O103612,2023-12-07,P0052,C00247,S007,1,97.55,0.0,97.55,61.47,36.08,2023,12,7
O111997,2023-12-07,P0001,C00255,S004,1,132.87,0.1,119.58,107.4,12.18,2023,12,7
O109833,2023-12-07,P0042,C00103,S004,5,9.86,0.0,49.3,31.15,18.15,2023,12,7
O108669,2023-12-07,P0041,C00609,S008,3,246.7,0.05,703.09,404.19,298.9,2023,12,7
O101045,2023-12-07,P0019,C00436,S006,1,138.62,0.0,138.62,68.15,70.47,2023,12,7
O105017,2023-12-07,P0041,C00453,S012,1,246.7,0.0,246.7,134.73,111.97,2023,12,7
O104905,2023-12-08,P0030,C01075,S005,1,41.4,0.0,41.4,25.21,16.19,2023,12,8
O106475,2023-12-08,P0094,C00355,S004,2,21.21,0.0,42.42,24.34,18.08,2023,12,8
O107069,2023-12-08,P0090,C00459,S005,10,575.16,0.15,4888.86,3757.3,1131.56,2023,12,8
O100670,2023-12-08,P0018,C00386,S001,2,34.43,0.0,68.86,52.98,15.88,2023,12,8
O101560,2023-12-08,P0100,C00315,S008,2,142.46,0.0,284.92,182.28,102.64,2023,12,8
O102530,2023-12-08,P0018,C00317,S008,1,34.43,0.2,27.54,26.49,1.05,2023,12,8
O106445,2023-12-08,P0026,C00504,S004,2,325.3,0.0,650.6,362.76,287.84,2023,12,8
O106337,2023-12-08,P0062,C00537,S006,1,39.06,0.15,33.2,17.85,15.35,2023,12,8
O110476,2023-12-08,P0082,C00536,S001,1,28.43,0.0,28.43,21.73,6.7,2023,12,8
O103537,2023-12-08,P0026,C00220,S004,1,325.3,0.05,309.03,181.38,127.65,2023,12,8
O105537,2023-12-08,P0006,C00269,S008,1,74.01,0.0,74.01,43.08,30.93,2023,12,8
O101190,2023-12-08,P0054,C00676,S007,2,42.97,0.15,73.05,58.24,14.81,2023,12,8
O103864,2023-12-08,P0045,C01087,S002,2,131.19,0.0,262.38,213.76,48.62,2023,12,8
O111038,2023-12-08,P0024,C00653,S008,2,722.65,0.0,1445.3,847.16,598.14,2023,12,8
O101833,2023-12-08,P0060,C00687,S005,1,80.71,0.0,80.71,51.25,29.46,2023,12,8
O103664,2023-12-08,P0067,C01116,S011,1,5.57,0.0,5.57,3.25,2.32,2023,12,8
O110180,2023-12-08,P0076,C00877,S008,1,301.81,0.0,301.81,247.89,53.92,2023,12,8
O110211,2023-12-08,P0061,C00661,S012,2,86.94,0.0,173.88,92.8,81.08,2023,12,8
O111884,2023-12-08,P0007,C01141,S005,1,99.07,0.0,99.07,74.71,24.36,2023,12,8
O100336,2023-12-08,P0093,C00472,S008,2,13.08,0.1,23.54,18.32,5.22,2023,12,8
O109705,2023-12-08,P0025,C00789,S004,2,18.6,0.05,35.34,28.18,7.16,2023,12,8
O108516,2023-12-08,P0088,C00721,S008,1,5.57,0.0,5.57,4.31,1.26,2023,12,8
O102471,2023-12-08,P0061,C00882,S008,1,86.94,0.0,86.94,46.4,40.54,2023,12,8
O110233,2023-12-09,P0081,C00894,S010,4,143.09,0.0,572.36,440.0,132.36,2023,12,9
O111027,2023-12-09,P0020,C01165,S011,2,30.45,0.0,60.9,41.18,19.72,2023,12,9
O102181,2023-12-09,P0084,C00586,S008,3,17.53,0.0,52.59,42.33,10.26,2023,12,9
O108470,2023-12-09,P0029,C01025,S012,1,93.75,0.0,93.75,68.76,24.99,2023,12,9
O109564,2023-12-09,P0038,C00813,S009,10,42.19,0.0,421.9,293.1,128.8,2023,12,9
O100328,2023-12-09,P0013,C00432,S005,2,45.23,0.0,90.46,49.64,40.82,2023,12,9
O105484,2023-12-09,P0079,C00772,S010,1,120.53,0.05,114.5,93.1,21.4,2023,12,9
O102481,2023-12-09,P0037,C01176,S007,2,61.48,0.0,122.96,96.2,26.76,2023,12,9
O108709,2023-12-09,P0086,C00977,S008,1,310.61,0.0,310.61,159.69,150.92,2023,12,9
O105939,2023-12-09,P0030,C00843,S001,3,41.4,0.0,124.2,75.63,48.57,2023,12,9
O104166,2023-12-09,P0065,C00349,S004,3,776.21,0.0,2328.63,1156.62,1172.01,2023,12,9
O109886,2023-12-09,P0063,C01023,S012,1,112.94,0.0,112.94,90.69,22.25,2023,12,9
O100305,2023-12-09,P0047,C00198,S010,2,125.46,0.0,250.92,119.8,131.12,2023,12,9
O111389,2023-12-09,P0057,C00163,S001,1,157.4,0.1,141.66,131.61,10.05,2023,12,9
O103619,2023-12-09,P0086,C01101,S003,1,310.61,0.0,310.61,159.69,150.92,2023,12,9
O107633,2023-12-10,P0094,C00958,S007,1,21.21,0.0,21.21,12.17,9.04,2023,12,10
O103081,2023-12-10,P0040,C00378,S008,4,25.25,0.0,101.0,66.12,34.88,2023,12,10
O103001,2023-12-10,P0100,C00460,S002,2,142.46,0.1,256.43,182.28,74.15,2023,12,10
O102680,2023-12-10,P0050,C00615,S012,1,9.87,0.05,9.38,4.74,4.64,2023,12,10
O103649,2023-12-10,P0095,C00018,S002,1,118.84,0.0,118.84,78.17,40.67,2023,12,10
O104751,2023-12-10,P0046,C00584,S012,2,69.45,0.05,131.96,85.16,46.8,2023,12,10
O111630,2023-12-10,P0061,C00266,S005,2,86.94,0.0,173.88,92.8,81.08,2023,12,10
O109102,2023-12-10,P0037,C00830,S006,1,61.48,0.0,61.48,48.1,13.38,2023,12,10
O104488,2023-12-10,P0037,C00393,S007,4,61.48,0.1,221.33,192.4,28.93,2023,12,10
O105678,2023-12-10,P0018,C00352,S009,1,34.43,0.0,34.43,26.49,7.94,2023,12,10
O100467,2023-12-10,P0074,C00146,S002,1,106.15,0.15,90.23,69.24,20.99,2023,12,10
O111092,2023-12-10,P0052,C01085,S005,1,97.55,0.2,78.04,61.47,16.57,2023,12,10
O107953,2023-12-10,P0049,C01110,S011,1,366.28,0.0,366.28,172.71,193.57,2023,12,10
O101053,2023-12-10,P0085,C00187,S001,2,34.17,0.0,68.34,55.0,13.34,2023,12,10
O102145,2023-12-11,P0053,C00983,S012,2,51.37,0.0,102.74,64.54,38.2,2023,12,11
O109722,2023-12-11,P0088,C01098,S010,2,5.57,0.2,8.91,8.62,0.29,2023,12,11
O110471,2023-12-11,P0055,C00304,S010,1,24.74,0.1,22.27,17.48,4.79,2023,12,11
O105485,2023-12-11,P0004,C00327,S008,1,29.55,0.0,29.55,14.48,15.07,2023,12,11
O104627,2023-12-11,P0012,C00969,S012,1,88.36,0.0,88.36,62.9,25.46,2023,12,11
O104626,2023-12-11,P0045,C00490,S003,1,131.19,0.0,131.19,106.88,24.31,2023,12,11
O111351,2023-12-11,P0048,C00820,S002,1,113.33,0.15,96.33,82.55,13.78,2023,12,11
O104351,2023-12-11,P0079,C00204,S009,1,120.53,0.0,120.53,93.1,27.43,2023,12,11
O100635,2023-12-11,P0016,C00935,S001,4,547.4,0.2,1751.68,1589.64,162.04,2023,12,11
O101367,2023-12-11,P0006,C00081,S011,2,74.01,0.1,133.22,86.16,47.06,2023,12,11
O111822,2023-12-12,P0087,C00163,S005,1,463.9,0.0,463.9,253.65,210.25,2023,12,12
O111685,2023-12-12,P0024,C00459,S008,1,722.65,0.05,686.52,423.58,262.94,2023,12,12
O109137,2023-12-12,P0092,C00256,S004,1,41.48,0.0,41.48,25.41,16.07,2023,12,12
O111973,2023-12-12,P0023,C00597,S009,1,818.22,0.1,736.4,630.15,106.25,2023,12,12
O111093,2023-12-12,P0073,C00034,S006,2,36.7,0.0,73.4,36.44,36.96,2023,12,12
O111975,2023-12-12,P0055,C00348,S007,2,24.74,0.0,49.48,34.96,14.52,2023,12,12
O111109,2023-12-12,P0077,C00909,S006,2,130.07,0.1,234.13,215.3,18.83,2023,12,12
O108817,2023-12-12,P0010,C01165,S003,1,14.81,0.0,14.81,12.15,2.66,2023,12,12
O106789,2023-12-12,P0030,C00865,S001,2,41.4,0.0,82.8,50.42,32.38,2023,12,12
O109207,2023-12-12,P0018,C00732,S009,1,34.43,0.1,30.99,26.49,4.5,2023,12,12
O106790,2023-12-12,P0085,C00384,S003,1,34.17,0.05,32.46,27.5,4.96,2023,12,12
O105766,2023-12-12,P0033,C00841,S008,2,47.81,0.05,90.84,62.42,28.42,2023,12,12
O110715,2023-12-12,P0046,C00575,S008,1,69.45,0.0,69.45,42.58,26.87,2023,12,12
O105509,2023-12-12,P0081,C00309,S009,1,143.09,0.0,143.09,110.0,33.09,2023,12,12
O107736,2023-12-12,P0036,C00825,S004,2,15.34,0.0,30.68,16.58,14.1,2023,12,12
O100977,2023-12-12,P0027,C01014,S008,1,55.97,0.0,55.97,29.57,26.4,2023,12,12
O101575,2023-12-12,P0098,C00997,S006,1,37.83,0.1,34.05,29.0,5.05,2023,12,12
O107926,2023-12-12,P0100,C00869,S009,1,142.46,0.0,142.46,91.14,51.32,2023,12,12
O105041,2023-12-12,P0016,C00192,S012,2,547.4,0.05,1040.06,794.82,245.24,2023,12,12
O105713,2023-12-12,P0073,C00924,S002,3,36.7,0.1,99.09,54.66,44.43,2023,12,12
O110042,2023-12-12,P0042,C00235,S002,1,9.86,0.1,8.87,6.23,2.64,2023,12,12
O103369,2023-12-12,P0097,C00073,S004,1,8.15,0.0,8.15,5.49,2.66,2023,12,12
O104386,2023-12-12,P0096,C00681,S009,1,63.84,0.0,63.84,35.05,28.79,2023,12,12
O109076,2023-12-12,P0054,C00907,S004,1,42.97,0.0,42.97,29.12,13.85,2023,12,12
O108153,2023-12-12,P0074,C01000,S009,1,106.15,0.0,106.15,69.24,36.91,2023,12,12
O109906,2023-12-12,P0046,C01154,S008,2,69.45,0.1,125.01,85.16,39.85,2023,12,12
O107091,2023-12-12,P0091,C00567,S001,1,35.24,0.1,31.72,18.67,13.05,2023,12,12
O105690,2023-12-12,P0070,C00218,S007,4,27.07,0.0,108.28,57.0,51.28,2023,12,12
O101364,2023-12-12,P0043,C00173,S011,1,11.09,0.0,11.09,5.81,5.28,2023,12,12
O102615,2023-12-12,P0039,C01161,S002,1,47.6,0.15,40.46,32.53,7.93,2023,12,12
O107386,2023-12-12,P0042,C00194,S005,2,9.86,0.05,18.73,12.46,6.27,2023,12,12
O107772,2023-12-12,P0074,C01176,S012,1,106.15,0.0,106.15,69.24,36.91,2023,12,12
O104162,2023-12-13,P0057,C00569,S001,2,157.4,0.1,283.32,263.22,20.1,2023,12,13
O108192,2023-12-13,P0099,C00907,S010,1,5.01,0.1,4.51,2.77,1.74,2023,12,13
O107396,2023-12-13,P0076,C00736,S007,1,301.81,0.1,271.63,247.89,23.74,2023,12,13
O101631,2023-12-13,P0060,C00608,S005,1,80.71,0.1,72.64,51.25,21.39,2023,12,13
O111584,2023-12-13,P0004,C01065,S005,5,29.55,0.0,147.75,72.4,75.35,2023,12,13
O107831,2023-12-13,P0076,C00321,S003,2,301.81,0.05,573.44,495.78,77.66,2023,12,13
O109797,2023-12-13,P0058,C00162,S007,2,123.22,0.0,246.44,118.94,127.5,2023,12,13
O102417,2023-12-13,P0087,C00832,S003,4,463.9,0.05,1762.82,1014.6,748.22,2023,12,13
O110114,2023-12-13,P0052,C00857,S010,1,97.55,0.0,97.55,61.47,36.08,2023,12,13
O108380,2023-12-13,P0018,C00820,S007,2,34.43,0.0,68.86,52.98,15.88,2023,12,13
O101972,2023-12-13,P0006,C00292,S007,1,74.01,0.2,59.21,43.08,16.13,2023,12,13
O100532,2023-12-13,P0099,C00870,S001,1,5.01,0.0,5.01,2.77,2.24,2023,12,13
O104881,2023-12-14,P0030,C00823,S004,1,41.4,0.0,41.4,25.21,16.19,2023,12,14
O106055,2023-12-14,P0021,C00080,S005,1,25.8,0.0,25.8,12.57,13.23,2023,12,14
O105624,2023-12-14,P0035,C00862,S008,1,21.89,0.0,21.89,12.25,9.64,2023,12,14
O107318,2023-12-14,P0017,C00103,S012,2,25.27,0.05,48.01,35.54,12.47,2023,12,14
O107881,2023-12-14,P0051,C00508,S002,1,32.14,0.1,28.93,16.02,12.91,2023,12,14
O100517,2023-12-14,P0031,C01100,S004,1,104.43,0.0,104.43,64.18,40.25,2023,12,14
O100387,2023-12-14,P0097,C00566,S009,1,8.15,0.15,6.93,5.49,1.44,2023,12,14
O106505,2023-12-14,P0067,C00609,S007,10,5.57,0.0,55.7,32.5,23.2,2023,12,14
O102757,2023-12-14,P0089,C00573,S012,1,39.28,0.15,33.39,18.15,15.24,2023,12,14
O110682,2023-12-14,P0022,C00983,S007,2,42.03,0.0,84.06,60.28,23.78,2023,12,14
O100729,2023-12-14,P0048,C00122,S005,5,113.33,0.1,509.98,412.75,97.23,2023,12,14
O103999,2023-12-14,P0043,C00777,S012,2,11.09,0.0,22.18,11.62,10.56,2023,12,14
O111980,2023-12-14,P0066,C01000,S004,1,105.53,0.1,94.98,58.77,36.21,2023,12,14
O103478,2023-12-15,P0055,C00337,S003,1,24.74,0.2,19.79,17.48,2.31,2023,12,15
O110517,2023-12-15,P0027,C00983,S001,2,55.97,0.2,89.55,59.14,30.41,2023,12,15
O110078,2023-12-15,P0051,C00426,S001,3,32.14,0.0,96.42,48.06,48.36,2023,12,15
O100028,2023-12-15,P0031,C01014,S007,1,104.43,0.15,88.77,64.18,24.59,2023,12,15
O110955,2023-12-15,P0100,C00566,S010,1,142.46,0.0,142.46,91.14,51.32,2023,12,15
O110917,2023-12-15,P0098,C01038,S003,1,37.83,0.0,37.83,29.0,8.83,2023,12,15
O100334,2023-12-15,P0007,C00297,S006,1,99.07,0.0,99.07,74.71,24.36,2023,12,15
O100708,2023-12-15,P0045,C00618,S002,1,131.19,0.0,131.19,106.88,24.31,2023,12,15
O107123,2023-12-15,P0062,C00222,S003,2,39.06,0.0,78.12,35.7,42.42,2023,12,15
O111566,2023-12-15,P0024,C00437,S004,1,722.65,0.05,686.52,423.58,262.94,2023,12,15
O101497,2023-12-15,P0013,C00001,S003,2,45.23,0.0,90.46,49.64,40.82,2023,12,15
O110154,2023-12-15,P0046,C00132,S008,1,69.45,0.0,69.45,42.58,26.87,2023,12,15
O105843,2023-12-15,P0039,C01115,S010,2,47.6,0.0,95.2,65.06,30.14,2023,12,15
O110132,2023-12-15,P0033,C00960,S006,1,47.81,0.1,43.03,31.21,11.82,2023,12,15
O111145,2023-12-15,P0086,C00509,S008,1,310.61,0.1,279.55,159.69,119.86,2023,12,15
O105607,2023-12-15,P0050,C01193,S006,1,9.87,0.0,9.87,4.74,5.13,2023,12,15
O108226,2023-12-15,P0059,C00472,S006,2,10.64,0.0,21.28,15.4,5.88,2023,12,15
O111812,2023-12-15,P0069,C00887,S004,2,85.27,0.0,170.54,131.72,38.82,2023,12,15
O108882,2023-12-15,P0030,C01048,S004,3,41.4,0.0,124.2,75.63,48.57,2023,12,15
O104097,2023-12-15,P0051,C00131,S011,1,32.14,0.05,30.53,16.02,14.51,2023,12,15
O100455,2023-12-16,P0012,C00899,S006,1,88.36,0.0,88.36,62.9,25.46,2023,12,16
O110323,2023-12-16,P0011,C00846,S001,2,713.82,0.0,1427.64,903.66,523.98,2023,12,16
O109055,2023-12-16,P0076,C00677,S007,1,301.81,0.0,301.81,247.89,53.92,2023,12,16
O106267,2023-12-16,P0065,C01077,S010,1,776.21,0.0,776.21,385.54,390.67,2023,12,16
O107991,2023-12-16,P0057,C01078,S012,3,157.4,0.0,472.2,394.83,77.37,2023,12,16
O111316,2023-12-16,P0021,C00325,S011,3,25.8,0.0,77.4,37.71,39.69,2023,12,16
O107615,2023-12-16,P0085,C00175,S006,1,34.17,0.1,30.75,27.5,3.25,2023,12,16
O102754,2023-12-16,P0078,C01135,S009,1,18.31,0.0,18.31,12.84,5.47,2023,12,16
O109149,2023-12-16,P0061,C00536,S005,3,86.94,0.0,260.82,139.2,121.62,2023,12,16
O105369,2023-12-16,P0057,C00378,S007,2,157.4,0.1,283.32,263.22,20.1,2023,12,16
O110791,2023-12-16,P0090,C00433,S005,1,575.16,0.0,575.16,375.73,199.43,2023,12,16
O104356,2023-12-16,P0035,C00151,S003,2,21.89,0.05,41.59,24.5,17.09,2023,12,16
O104582,2023-12-16,P0090,C00154,S004,1,575.16,0.0,575.16,375.73,199.43,2023,12,16
O106938,2023-12-16,P0096,C00823,S010,4,63.84,0.0,255.36,140.2,115.16,2023,12,16
O104667,2023-12-16,P0046,C01022,S010,1,69.45,0.0,69.45,42.58,26.87,2023,12,16
O108683,2023-12-16,P0069,C00011,S001,2,85.27,0.0,170.54,131.72,38.82,2023,12,16
O106793,2023-12-16,P0091,C01126,S006,2,35.24,0.0,70.48,37.34,33.14,2023,12,16
O100168,2023-12-16,P0003,C00810,S001,1,44.76,0.05,42.52,33.14,9.38,2023,12,16
O110443,2023-12-16,P0034,C00786,S012,1,84.19,0.05,79.98,69.04,10.94,2023,12,16
O108204,2023-12-16,P0006,C00838,S007,1,74.01,0.1,66.61,43.08,23.53,2023,12,16
O107959,2023-12-17,P0052,C00629,S004,1,97.55,0.0,97.55,61.47,36.08,2023,12,17
O106399,2023-12-17,P0010,C01069,S008,1,14.81,0.1,13.33,12.15,1.18,2023,12,17
O105446,2023-12-17,P0021,C00428,S005,1,25.8,0.0,25.8,12.57,13.23,2023,12,17
O101103,2023-12-17,P0060,C01098,S011,2,80.71,0.1,145.28,102.5,42.78,2023,12,17
O102866,2023-12-17,P0096,C01107,S012,1,63.84,0.2,51.07,35.05,16.02,2023,12,17
O100159,2023-12-17,P0089,C00629,S012,1,39.28,0.0,39.28,18.15,21.13,2023,12,17
O106071,2023-12-17,P0034,C00746,S011,1,84.19,0.0,84.19,69.04,15.15,2023,12,17
O102919,2023-12-17,P0099,C00487,S007,1,5.01,0.0,5.01,2.77,2.24,2023,12,17
O106291,2023-12-17,P0028,C00181,S010,1,453.33,0.0,453.33,253.96,199.37,2023,12,17
O106149,2023-12-17,P0078,C00147,S012,1,18.31,0.0,18.31,12.84,5.47,2023,12,17
O111176,2023-12-17,P0014,C00284,S001,1,13.14,0.05,12.48,6.13,6.35,2023,12,17
O109080,2023-12-17,P0031,C00724,S008,1,104.43,0.0,104.43,64.18,40.25,2023,12,17
O101339,2023-12-17,P0050,C01177,S010,1,9.87,0.0,9.87,4.74,5.13,2023,12,17
O111782,2023-12-17,P0009,C00549,S006,1,8.02,0.0,8.02,6.09,1.93,2023,12,17
O110068,2023-12-17,P0041,C00215,S005,1,246.7,0.0,246.7,134.73,111.97,2023,12,17
O109634,2023-12-17,P0049,C00139,S002,1,366.28,0.0,366.28,172.71,193.57,2023,12,17
O109282,2023-12-17,P0023,C01188,S010,1,818.22,0.15,695.49,630.15,65.34,2023,12,17
O102086,2023-12-17,P0087,C00892,S001,1,463.9,0.1,417.51,253.65,163.86,2023,12,17
O106800,2023-12-17,P0088,C01030,S005,1,5.57,0.2,4.46,4.31,0.15,2023,12,17
O105842,2023-12-18,P0083,C00568,S001,1,85.03,0.1,76.53,44.79,31.74,2023,12,18
O107298,2023-12-18,P0041,C00853,S004,1,246.7,0.05,234.36,134.73,99.63,2023,12,18
O104232,2023-12-18,P0049,C01059,S005,2,366.28,0.05,695.93,345.42,350.51,2023,12,18
O103201,2023-12-18,P0068,C01104,S006,1,100.31,0.1,90.28,81.38,8.9,2023,12,18
O100434,2023-12-18,P0029,C00159,S001,2,93.75,0.15,159.38,137.52,21.86,2023,12,18
O111075,2023-12-18,P0024,C01045,S005,1,722.65,0.0,722.65,423.58,299.07,2023,12,18
O108383,2023-12-18,P0029,C00281,S006,1,93.75,0.0,93.75,68.76,24.99,2023,12,18
O103715,2023-12-18,P0037,C00635,S006,4,61.48,0.0,245.92,192.4,53.52,2023,12,18
O108678,2023-12-18,P0054,C00249,S004,1,42.97,0.0,42.97,29.12,13.85,2023,12,18
O101370,2023-12-18,P0090,C00850,S005,1,575.16,0.0,575.16,375.73,199.43,2023,12,18
O111835,2023-12-18,P0027,C00345,S003,1,55.97,0.0,55.97,29.57,26.4,2023,12,18
O101482,2023-12-18,P0069,C00441,S011,1,85.27,0.05,81.01,65.86,15.15,2023,12,18
O100899,2023-12-18,P0089,C00709,S008,1,39.28,0.0,39.28,18.15,21.13,2023,12,18
O111825,2023-12-18,P0044,C00900,S007,1,136.64,0.2,109.31,115.68,-6.37,2023,12,18
O102220,2023-12-18,P0096,C00071,S002,2,63.84,0.1,114.91,70.1,44.81,2023,12,18
O108769,2023-12-18,P0078,C01038,S008,3,18.31,0.0,54.93,38.52,16.41,2023,12,18
O109903,2023-12-18,P0088,C00104,S004,1,5.57,0.0,5.57,4.31,1.26,2023,12,18
O111307,2023-12-19,P0016,C01109,S010,3,547.4,0.1,1477.98,1192.23,285.75,2023,12,19
O106129,2023-12-19,P0006,C01069,S012,1,74.01,0.0,74.01,43.08,30.93,2023,12,19
O107880,2023-12-19,P0032,C00689,S007,1,62.15,0.1,55.94,45.29,10.65,2023,12,19
O110269,2023-12-19,P0029,C00742,S001,1,93.75,0.0,93.75,68.76,24.99,2023,12,19
O111334,2023-12-19,P0028,C00805,S005,2,453.33,0.0,906.66,507.92,398.74,2023,12,19
O107047,2023-12-19,P0075,C00099,S002,1,10.1,0.15,8.58,7.49,1.09,2023,12,19
O100449,2023-12-19,P0062,C00008,S009,3,39.06,0.0,117.18,53.55,63.63,2023,12,19
O101285,2023-12-19,P0038,C00081,S010,1,42.19,0.0,42.19,29.31,12.88,2023,12,19
O104511,2023-12-19,P0077,C00844,S007,1,130.07,0.0,130.07,107.65,22.42,2023,12,19
O108082,2023-12-19,P0033,C00501,S007,1,47.81,0.0,47.81,31.21,16.6,2023,12,19
O106773,2023-12-19,P0090,C00627,S012,1,575.16,0.1,517.64,375.73,141.91,2023,12,19
O102079,2023-12-19,P0001,C00497,S012,1,132.87,0.1,119.58,107.4,12.18,2023,12,19
O105568,2023-12-19,P0036,C00423,S009,1,15.34,0.05,14.57,8.29,6.28,2023,12,19
O111441,2023-12-19,P0072,C00932,S007,1,149.26,0.0,149.26,69.51,79.75,2023,12,19
O110789,2023-12-20,P0097,C01000,S008,1,8.15,0.15,6.93,5.49,1.44,2023,12,20
O108069,2023-12-20,P0100,C00090,S004,1,142.46,0.0,142.46,91.14,51.32,2023,12,20
O111503,2023-12-20,P0018,C00382,S002,1,34.43,0.0,34.43,26.49,7.94,2023,12,20
O105746,2023-12-20,P0060,C00390,S009,2,80.71,0.0,161.42,102.5,58.92,2023,12,20
O107695,2023-12-20,P0034,C01091,S007,1,84.19,0.05,79.98,69.04,10.94,2023,12,20
O111474,2023-12-20,P0072,C00591,S012,2,149.26,0.1,268.67,139.02,129.65,2023,12,20
O101946,2023-12-20,P0099,C00294,S005,2,5.01,0.05,9.52,5.54,3.98,2023,12,20
O101865,2023-12-20,P0001,C00242,S001,3,132.87,0.0,398.61,322.2,76.41,2023,12,20
O109326,2023-12-20,P0063,C00979,S003,1,112.94,0.1,101.65,90.69,10.96,2023,12,20
O107352,2023-12-20,P0005,C00759,S006,1,15.5,0.05,14.72,12.07,2.65,2023,12,20
O109857,2023-12-20,P0050,C00068,S005,5,9.87,0.1,44.42,23.7,20.72,2023,12,20
O105865,2023-12-20,P0042,C01003,S004,1,9.86,0.0,9.86,6.23,3.63,2023,12,20
O105152,2023-12-20,P0030,C00164,S003,1,41.4,0.1,37.26,25.21,12.05,2023,12,20
O100687,2023-12-21,P0085,C00485,S001,2,34.17,0.05,64.92,55.0,9.92,2023,12,21
O104293,2023-12-21,P0093,C00441,S006,1,13.08,0.0,13.08,9.16,3.92,2023,12,21
O105542,2023-12-21,P0022,C00918,S002,2,42.03,0.05,79.86,60.28,19.58,2023,12,21
O105845,2023-12-21,P0089,C00281,S010,1,39.28,0.0,39.28,18.15,21.13,2023,12,21
O104181,2023-12-21,P0053,C00592,S001,2,51.37,0.1,92.47,64.54,27.93,2023,12,21
O107961,2023-12-21,P0033,C00656,S004,1,47.81,0.0,47.81,31.21,16.6,2023,12,21
O105255,2023-12-21,P0086,C00600,S003,3,310.61,0.0,931.83,479.07,452.76,2023,12,21
O105646,2023-12-21,P0005,C00086,S001,1,15.5,0.1,13.95,12.07,1.88,2023,12,21
O103379,2023-12-21,P0098,C00711,S009,2,37.83,0.0,75.66,58.0,17.66,2023,12,21
O111055,2023-12-21,P0065,C00987,S006,1,776.21,0.15,659.78,385.54,274.24,2023,12,21
O106819,2023-12-22,P0013,C00138,S005,1,45.23,0.05,42.97,24.82,18.15,2023,12,22
O109567,2023-12-22,P0073,C00331,S001,1,36.7,0.0,36.7,18.22,18.48,2023,12,22
O100843,2023-12-22,P0036,C00415,S006,1,15.34,0.0,15.34,8.29,7.05,2023,12,22
O103721,2023-12-22,P0096,C00800,S011,5,63.84,0.0,319.2,175.25,143.95,2023,12,22
O102314,2023-12-22,P0003,C00978,S002,10,44.76,0.05,425.22,331.4,93.82,2023,12,22
O108655,2023-12-22,P0009,C00937,S012,1,8.02,0.05,7.62,6.09,1.53,2023,12,22
O103202,2023-12-22,P0095,C00096,S001,1,118.84,0.0,118.84,78.17,40.67,2023,12,22
O108648,2023-12-22,P0094,C00908,S012,1,21.21,0.0,21.21,12.17,9.04,2023,12,22
O105441,2023-12-22,P0022,C00501,S010,1,42.03,0.0,42.03,30.14,11.89,2023,12,22
O102234,2023-12-22,P0076,C00627,S010,3,301.81,0.0,905.43,743.67,161.76,2023,12,22
O107226,2023-12-22,P0083,C00973,S003,2,85.03,0.0,170.06,89.58,80.48,2023,12,22
O103590,2023-12-22,P0032,C00605,S008,1,62.15,0.2,49.72,45.29,4.43,2023,12,22
O111694,2023-12-22,P0034,C01105,S009,3,84.19,0.0,252.57,207.12,45.45,2023,12,22
O104848,2023-12-22,P0018,C00840,S003,3,34.43,0.0,103.29,79.47,23.82,2023,12,22
O105596,2023-12-22,P0095,C00671,S002,1,118.84,0.15,101.01,78.17,22.84,2023,12,22
O107021,2023-12-22,P0036,C00066,S006,1,15.34,0.1,13.81,8.29,5.52,2023,12,22
O104690,2023-12-22,P0053,C01097,S007,1,51.37,0.15,43.66,32.27,11.39,2023,12,22
O109099,2023-12-23,P0008,C00587,S001,1,22.28,0.0,22.28,11.14,11.14,2023,12,23
O111951,2023-12-23,P0056,C00816,S007,1,20.73,0.0,20.73,16.75,3.98,2023,12,23
O101579,2023-12-23,P0017,C01170,S006,1,25.27,0.1,22.74,17.77,4.97,2023,12,23
O103236,2023-12-23,P0005,C01052,S010,1,15.5,0.0,15.5,12.07,3.43,2023,12,23
O101220,2023-12-23,P0024,C00451,S008,1,722.65,0.0,722.65,423.58,299.07,2023,12,23
O109337,2023-12-23,P0072,C00757,S012,2,149.26,0.0,298.52,139.02,159.5,2023,12,23
O104348,2023-12-23,P0054,C00901,S005,1,42.97,0.0,42.97,29.12,13.85,2023,12,23
O107065,2023-12-23,P0083,C01161,S002,4,85.03,0.0,340.12,179.16,160.96,2023,12,23
O101420,2023-12-23,P0025,C01000,S003,2,18.6,0.0,37.2,28.18,9.02,2023,12,23
O102977,2023-12-23,P0021,C00906,S004,5,25.8,0.1,116.1,62.85,53.25,2023,12,23
O107203,2023-12-23,P0004,C01021,S009,1,29.55,0.0,29.55,14.48,15.07,2023,12,23
O105249,2023-12-23,P0046,C00477,S001,1,69.45,0.0,69.45,42.58,26.87,2023,12,23
O104025,2023-12-23,P0024,C00711,S002,2,722.65,0.15,1228.5,847.16,381.34,2023,12,23
O102492,2023-12-23,P0050,C00477,S001,3,9.87,0.0,29.61,14.22,15.39,2023,12,23
O110380,2023-12-23,P0030,C00099,S010,2,41.4,0.05,78.66,50.42,28.24,2023,12,23
O106549,2023-12-23,P0097,C00739,S012,1,8.15,0.0,8.15,5.49,2.66,2023,12,23
O103703,2023-12-24,P0091,C00317,S009,1,35.24,0.0,35.24,18.67,16.57,2023,12,24
O102565,2023-12-24,P0007,C00840,S005,2,99.07,0.0,198.14,149.42,48.72,2023,12,24
O107374,2023-12-24,P0008,C00656,S003,2,22.28,0.0,44.56,22.28,22.28,2023,12,24
O103987,2023-12-24,P0020,C00591,S011,1,30.45,0.1,27.4,20.59,6.81,2023,12,24
O106689,2023-12-24,P0071,C00984,S005,1,9.68,0.1,8.71,7.38,1.33,2023,12,24
O102923,2023-12-24,P0070,C00938,S003,1,27.07,0.05,25.72,14.25,11.47,2023,12,24
O105425,2023-12-24,P0014,C00881,S006,1,13.14,0.0,13.14,6.13,7.01,2023,12,24
O111620,2023-12-24,P0073,C00091,S001,5,36.7,0.05,174.32,91.1,83.22,2023,12,24
O102849,2023-12-24,P0037,C00213,S002,5,61.48,0.0,307.4,240.5,66.9,2023,12,24
O101852,2023-12-24,P0002,C00146,S010,1,130.95,0.05,124.4,100.06,24.34,2023,12,24
O110550,2023-12-24,P0059,C00746,S009,1,10.64,0.05,10.11,7.7,2.41,2023,12,24
O104814,2023-12-24,P0073,C01144,S005,1,36.7,0.05,34.86,18.22,16.64,2023,12,24
O108446,2023-12-24,P0081,C01181,S012,1,143.09,0.0,143.09,110.0,33.09,2023,12,24
O105148,2023-12-25,P0006,C00733,S008,1,74.01,0.1,66.61,43.08,23.53,2023,12,25
O109527,2023-12-25,P0047,C00758,S002,1,125.46,0.0,125.46,59.9,65.56,2023,12,25
O104464,2023-12-25,P0050,C00940,S006,1,9.87,0.15,8.39,4.74,3.65,2023,12,25
O107618,2023-12-25,P0044,C01173,S008,2,136.64,0.0,273.28,231.36,41.92,2023,12,25
O102005,2023-12-25,P0010,C00306,S010,1,14.81,0.05,14.07,12.15,1.92,2023,12,25
O103760,2023-12-25,P0061,C00113,S010,2,86.94,0.1,156.49,92.8,63.69,2023,12,25
O106902,2023-12-25,P0023,C00994,S009,1,818.22,0.0,818.22,630.15,188.07,2023,12,25
O104198,2023-12-25,P0067,C00628,S002,10,5.57,0.05,52.92,32.5,20.42,2023,12,25
O104256,2023-12-25,P0024,C01088,S002,1,722.65,0.0,722.65,423.58,299.07,2023,12,25
O103652,2023-12-26,P0014,C00578,S007,1,13.14,0.2,10.51,6.13,4.38,2023,12,26
O108787,2023-12-26,P0069,C01005,S005,10,85.27,0.0,852.7,658.6,194.1,2023,12,26
O105367,2023-12-26,P0031,C00575,S004,1,104.43,0.05,99.21,64.18,35.03,2023,12,26
O107314,2023-12-26,P0094,C00752,S007,4,21.21,0.0,84.84,48.68,36.16,2023,12,26
O107090,2023-12-26,P0019,C00531,S007,1,138.62,0.05,131.69,68.15,63.54,2023,12,26
O108799,2023-12-26,P0089,C00938,S004,1,39.28,0.0,39.28,18.15,21.13,2023,12,26
O100134,2023-12-26,P0010,C01172,S006,1,14.81,0.0,14.81,12.15,2.66,2023,12,26
O108721,2023-12-26,P0041,C00069,S012,1,246.7,0.0,246.7,134.73,111.97,2023,12,26
O103053,2023-12-26,P0086,C00177,S008,5,310.61,0.0,1553.05,798.45,754.6,2023,12,26
O102158,2023-12-26,P0088,C01127,S012,1,5.57,0.0,5.57,4.31,1.26,2023,12,26
O110076,2023-12-26,P0060,C00427,S009,10,80.71,0.05,766.74,512.5,254.24,2023,12,26
O104108,2023-12-27,P0025,C00155,S007,1,18.6,0.1,16.74,14.09,2.65,2023,12,27
O101756,2023-12-27,P0067,C01091,S009,3,5.57,0.1,15.04,9.75,5.29,2023,12,27
O102997,2023-12-27,P0050,C01019,S010,1,9.87,0.0,9.87,4.74,5.13,2023,12,27
O102996,2023-12-27,P0061,C00720,S009,1,86.94,0.0,86.94,46.4,40.54,2023,12,27
O103996,2023-12-27,P0005,C00970,S003,1,15.5,0.05,14.72,12.07,2.65,2023,12,27
O100628,2023-12-27,P0079,C00816,S012,2,120.53,0.1,216.95,186.2,30.75,2023,12,27
O104230,2023-12-27,P0033,C00960,S005,1,47.81,0.0,47.81,31.21,16.6,2023,12,27
O105882,2023-12-27,P0088,C00490,S005,2,5.57,0.05,10.58,8.62,1.96,2023,12,27
O105909,2023-12-27,P0060,C01040,S010,2,80.71,0.05,153.35,102.5,50.85,2023,12,27
O107048,2023-12-27,P0028,C00225,S005,4,453.33,0.1,1631.99,1015.84,616.15,2023,12,27
O109542,2023-12-27,P0057,C00189,S008,1,157.4,0.0,157.4,131.61,25.79,2023,12,27
O107070,2023-12-27,P0089,C01061,S010,2,39.28,0.1,70.7,36.3,34.4,2023,12,27
O103524,2023-12-27,P0023,C00884,S002,2,818.22,0.0,1636.44,1260.3,376.14,2023,12,27
O103628,2023-12-27,P0062,C00977,S011,2,39.06,0.0,78.12,35.7,42.42,2023,12,27
O104558,2023-12-27,P0069,C00572,S004,1,85.27,0.0,85.27,65.86,19.41,2023,12,27
O107472,2023-12-27,P0099,C00756,S002,2,5.01,0.0,10.02,5.54,4.48,2023,12,27
O103754,2023-12-27,P0090,C00974,S001,1,575.16,0.1,517.64,375.73,141.91,2023,12,27
O103288,2023-12-27,P0082,C00118,S008,1,28.43,0.0,28.43,21.73,6.7,2023,12,27
O104459,2023-12-28,P0033,C00902,S004,1,47.81,0.15,40.64,31.21,9.43,2023,12,28
O102454,2023-12-28,P0070,C00168,S001,1,27.07,0.0,27.07,14.25,12.82,2023,12,28
O110056,2023-12-28,P0091,C00656,S006,2,35.24,0.0,70.48,37.34,33.14,2023,12,28
O110744,2023-12-28,P0065,C00213,S012,1,776.21,0.0,776.21,385.54,390.67,2023,12,28
O104906,2023-12-28,P0012,C00116,S006,2,88.36,0.0,176.72,125.8,50.92,2023,12,28
O103458,2023-12-28,P0100,C00254,S006,1,142.46,0.15,121.09,91.14,29.95,2023,12,28
O103273,2023-12-28,P0096,C01130,S001,1,63.84,0.0,63.84,35.05,28.79,2023,12,28
O103661,2023-12-28,P0027,C00089,S002,1,55.97,0.0,55.97,29.57,26.4,2023,12,28
O110345,2023-12-28,P0010,C00314,S006,1,14.81,0.0,14.81,12.15,2.66,2023,12,28
O102792,2023-12-28,P0059,C00473,S003,1,10.64,0.0,10.64,7.7,2.94,2023,12,28
O102521,2023-12-28,P0058,C00688,S002,4,123.22,0.0,492.88,237.88,255.0,2023,12,28
O108118,2023-12-28,P0086,C00124,S011,1,310.61,0.1,279.55,159.69,119.86,2023,12,28
O109305,2023-12-28,P0076,C00684,S003,1,301.81,0.0,301.81,247.89,53.92,2023,12,28
O107725,2023-12-28,P0001,C01030,S008,1,132.87,0.0,132.87,107.4,25.47,2023,12,28
O108173,2023-12-28,P0046,C00113,S012,3,69.45,0.0,208.35,127.74,80.61,2023,12,28
O101964,2023-12-28,P0054,C00708,S004,3,42.97,0.0,128.91,87.36,41.55,2023,12,28
O111794,2023-12-28,P0086,C01168,S010,2,310.61,0.0,621.22,319.38,301.84,2023,12,28
O100201,2023-12-28,P0031,C00418,S010,2,104.43,0.0,208.86,128.36,80.5,2023,12,28
O104744,2023-12-29,P0048,C00624,S008,1,113.33,0.0,113.33,82.55,30.78,2023,12,29
O109220,2023-12-29,P0026,C00726,S008,1,325.3,0.2,260.24,181.38,78.86,2023,12,29
O104617,2023-12-29,P0087,C00792,S011,4,463.9,0.1,1670.04,1014.6,655.44,2023,12,29
O106350,2023-12-29,P0019,C01083,S006,2,138.62,0.05,263.38,136.3,127.08,2023,12,29
O102002,2023-12-29,P0074,C00352,S004,1,106.15,0.2,84.92,69.24,15.68,2023,12,29
O106835,2023-12-29,P0076,C00907,S001,1,301.81,0.15,256.54,247.89,8.65,2023,12,29
O107232,2023-12-29,P0038,C00871,S007,1,42.19,0.0,42.19,29.31,12.88,2023,12,29
O106338,2023-12-29,P0023,C01019,S003,2,818.22,0.1,1472.8,1260.3,212.5,2023,12,29
O102041,2023-12-29,P0040,C01189,S003,3,25.25,0.0,75.75,49.59,26.16,2023,12,29
O109464,2023-12-29,P0086,C00270,S003,2,310.61,0.0,621.22,319.38,301.84,2023,12,29
O101898,2023-12-29,P0022,C00983,S007,3,42.03,0.15,107.18,90.42,16.76,2023,12,29
O103826,2023-12-29,P0003,C00134,S001,2,44.76,0.0,89.52,66.28,23.24,2023,12,29
O107125,2023-12-29,P0003,C00957,S007,2,44.76,0.0,89.52,66.28,23.24,2023,12,29
O111927,2023-12-29,P0065,C00213,S001,1,776.21,0.05,737.4,385.54,351.86,2023,12,29
O103529,2023-12-29,P0055,C00579,S011,1,24.74,0.0,24.74,17.48,7.26,2023,12,29
O103778,2023-12-30,P0026,C00472,S011,2,325.3,0.0,650.6,362.76,287.84,2023,12,30
O100409,2023-12-30,P0094,C00608,S007,3,21.21,0.0,63.63,36.51,27.12,2023,12,30
O106534,2023-12-30,P0003,C00327,S010,4,44.76,0.2,143.23,132.56,10.67,2023,12,30
O107302,2023-12-30,P0028,C00985,S002,3,453.33,0.0,1359.99,761.88,598.11,2023,12,30
O110832,2023-12-30,P0032,C00996,S004,1,62.15,0.1,55.94,45.29,10.65,2023,12,30
O103976,2023-12-30,P0076,C01137,S008,1,301.81,0.0,301.81,247.89,53.92,2023,12,30
O102008,2023-12-30,P0019,C00197,S005,1,138.62,0.05,131.69,68.15,63.54,2023,12,30
O105422,2023-12-30,P0004,C00608,S009,1,29.55,0.0,29.55,14.48,15.07,2023,12,30
O107900,2023-12-30,P0059,C00617,S010,1,10.64,0.0,10.64,7.7,2.94,2023,12,30
O109535,2023-12-30,P0007,C00795,S007,1,99.07,0.0,99.07,74.71,24.36,2023,12,30
O100728,2023-12-30,P0098,C00566,S008,1,37.83,0.05,35.94,29.0,6.94,2023,12,30
O110966,2023-12-30,P0069,C00933,S003,2,85.27,0.15,144.96,131.72,13.24,2023,12,30
O102932,2023-12-30,P0038,C00373,S002,3,42.19,0.15,107.58,87.93,19.65,2023,12,30
O105225,2023-12-30,P0050,C01075,S007,3,9.87,0.15,25.17,14.22,10.95,2023,12,30
O104634,2023-12-30,P0066,C00378,S009,2,105.53,0.15,179.4,117.54,61.86,2023,12,30
O106612,2023-12-30,P0029,C00072,S009,1,93.75,0.05,89.06,68.76,20.3,2023,12,30
O106563,2023-12-30,P0020,C00696,S007,2,30.45,0.0,60.9,41.18,19.72,2023,12,30
O110908,2023-12-30,P0065,C00751,S012,1,776.21,0.0,776.21,385.54,390.67,2023,12,30
O110109,2023-12-30,P0022,C00397,S011,1,42.03,0.1,37.83,30.14,7.69,2023,12,30
O110054,2023-12-31,P0073,C00560,S009,1,36.7,0.0,36.7,18.22,18.48,2023,12,31
O101996,2023-12-31,P0021,C01008,S008,2,25.8,0.05,49.02,25.14,23.88,2023,12,31
O101624,2023-12-31,P0090,C01069,S003,5,575.16,0.0,2875.8,1878.65,997.15,2023,12,31
O108273,2023-12-31,P0060,C00903,S003,1,80.71,0.1,72.64,51.25,21.39,2023,12,31
O102718,2023-12-31,P0025,C00492,S009,1,18.6,0.0,18.6,14.09,4.51,2023,12,31
O101379,2023-12-31,P0081,C01042,S012,2,143.09,0.1,257.56,220.0,37.56,2023,12,31
O111146,2023-12-31,P0040,C00866,S006,2,25.25,0.0,50.5,33.06,17.44,2023,12,31
O102331,2023-12-31,P0017,C00828,S005,1,25.27,0.15,21.48,17.77,3.71,2023,12,31
O105721,2024-01-01,P0095,C00473,S005,1,118.84,0.0,118.84,78.17,40.67,2024,1,1
O106160,2024-01-01,P0087,C00004,S003,1,463.9,0.1,417.51,253.65,163.86,2024,1,1
O102468,2024-01-01,P0053,C00804,S010,1,51.37,0.0,51.37,32.27,19.1,2024,1,1
O105731,2024-01-01,P0087,C00006,S012,3,463.9,0.1,1252.53,760.95,491.58,2024,1,1
O106978,2024-01-01,P0085,C00002,S008,1,34.17,0.15,29.04,27.5,1.54,2024,1,1
O111705,2024-01-01,P0003,C00657,S011,1,44.76,0.0,44.76,33.14,11.62,2024,1,1
O107184,2024-01-01,P0012,C00591,S005,1,88.36,0.2,70.69,62.9,7.79,2024,1,1
O102711,2024-01-01,P0005,C00455,S004,1,15.5,0.0,15.5,12.07,3.43,2024,1,1
O109752,2024-01-01,P0087,C00748,S003,3,463.9,0.0,1391.7,760.95,630.75,2024,1,1
O107819,2024-01-01,P0020,C00612,S005,10,30.45,0.0,304.5,205.9,98.6,2024,1,1
O110472,2024-01-01,P0015,C00298,S005,2,36.03,0.0,72.06,37.22,34.84,2024,1,1
O104275,2024-01-01,P0055,C00075,S012,1,24.74,0.0,24.74,17.48,7.26,2024,1,1
O110551,2024-01-01,P0063,C00407,S011,1,112.94,0.0,112.94,90.69,22.25,2024,1,1
O103680,2024-01-01,P0072,C00209,S011,1,149.26,0.0,149.26,69.51,79.75,2024,1,1
O104109,2024-01-01,P0042,C00125,S010,1,9.86,0.0,9.86,6.23,3.63,2024,1,1
O101005,2024-01-01,P0005,C00356,S004,1,15.5,0.0,15.5,12.07,3.43,2024,1,1
O104828,2024-01-01,P0002,C00819,S003,1,130.95,0.0,130.95,100.06,30.89,2024,1,1
O110462,2024-01-01,P0054,C00424,S007,1,42.97,0.0,42.97,29.12,13.85,2024,1,1
O108379,2024-01-01,P0053,C00639,S006,1,51.37,0.0,51.37,32.27,19.1,2024,1,1
O100220,2024-01-02,P0033,C00061,S002,4,47.81,0.0,191.24,124.84,66.4,2024,1,2
O104138,2024-01-02,P0042,C00633,S006,1,9.86,0.0,9.86,6.23,3.63,2024,1,2
O108762,2024-01-02,P0100,C00976,S002,3,142.46,0.0,427.38,273.42,153.96,2024,1,2
O107405,2024-01-02,P0005,C00497,S005,2,15.5,0.0,31.0,24.14,6.86,2024,1,2
O105489,2024-01-02,P0072,C01186,S001,1,149.26,0.0,149.26,69.51,79.75,2024,1,2
O103983,2024-01-02,P0049,C00060,S004,2,366.28,0.05,695.93,345.42,350.51,2024,1,2
O103296,2024-01-02,P0043,C00001,S009,1,11.09,0.1,9.98,5.81,4.17,2024,1,2
O100204,2024-01-02,P0021,C00572,S008,1,25.8,0.0,25.8,12.57,13.23,2024,1,2
O108924,2024-01-02,P0034,C01027,S008,1,84.19,0.1,75.77,69.04,6.73,2024,1,2
O100942,2024-01-02,P0026,C00625,S009,5,325.3,0.15,1382.52,906.9,475.62,2024,1,2
O103824,2024-01-02,P0016,C00191,S006,1,547.4,0.05,520.03,397.41,122.62,2024,1,2
O106593,2024-01-02,P0042,C00292,S012,2,9.86,0.0,19.72,12.46,7.26,2024,1,2
O107267,2024-01-02,P0067,C01149,S004,1,5.57,0.0,5.57,3.25,2.32,2024,1,2
O111471,2024-01-02,P0092,C01024,S007,1,41.48,0.1,37.33,25.41,11.92,2024,1,2
O103139,2024-01-02,P0028,C01094,S009,1,453.33,0.0,453.33,253.96,199.37,2024,1,2
O100497,2024-01-02,P0073,C00137,S012,10,36.7,0.0,367.0,182.2,184.8,2024,1,2
O108104,2024-01-02,P0090,C00146,S001,3,575.16,0.0,1725.48,1127.19,598.29,2024,1,2
O100425,2024-01-02,P0092,C00380,S001,1,41.48,0.1,37.33,25.41,11.92,2024,1,2
O108670,2024-01-03,P0030,C00610,S012,1,41.4,0.0,41.4,25.21,16.19,2024,1,3
O105479,2024-01-03,P0068,C00102,S006,2,100.31,0.0,200.62,162.76,37.86,2024,1,3
O104413,2024-01-03,P0015,C00538,S010,1,36.03,0.0,36.03,18.61,17.42,2024,1,3
O102044,2024-01-03,P0023,C00839,S003,2,818.22,0.1,1472.8,1260.3,212.5,2024,1,3
O109803,2024-01-03,P0012,C01048,S012,2,88.36,0.0,176.72,125.8,50.92,2024,1,3
O111322,2024-01-03,P0067,C00092,S010,1,5.57,0.0,5.57,3.25,2.32,2024,1,3
O101776,2024-01-03,P0077,C00636,S008,1,130.07,0.0,130.07,107.65,22.42,2024,1,3
O107045,2024-01-03,P0097,C00356,S009,1,8.15,0.15,6.93,5.49,1.44,2024,1,3
O100653,2024-01-03,P0041,C01167,S005,1,246.7,0.0,246.7,134.73,111.97,2024,1,3
O107702,2024-01-04,P0057,C00253,S012,1,157.4,0.1,141.66,131.61,10.05,2024,1,4
O108663,2024-01-04,P0088,C00910,S012,2,5.57,0.05,10.58,8.62,1.96,2024,1,4
O109327,2024-01-04,P0084,C00325,S001,1,17.53,0.0,17.53,14.11,3.42,2024,1,4
O101157,2024-01-04,P0043,C00512,S011,1,11.09,0.0,11.09,5.81,5.28,2024,1,4
O100507,2024-01-04,P0006,C00325,S004,1,74.01,0.2,59.21,43.08,16.13,2024,1,4
O101409,2024-01-04,P0057,C00191,S006,1,157.4,0.0,157.4,131.61,25.79,2024,1,4
O103687,2024-01-04,P0029,C00885,S010,1,93.75,0.0,93.75,68.76,24.99,2024,1,4
O102759,2024-01-04,P0047,C00585,S008,2,125.46,0.0,250.92,119.8,131.12,2024,1,4
O108378,2024-01-04,P0100,C00500,S003,2,142.46,0.1,256.43,182.28,74.15,2024,1,4
O106600,2024-01-04,P0091,C00545,S007,2,35.24,0.0,70.48,37.34,33.14,2024,1,4
O104487,2024-01-04,P0093,C00391,S004,1,13.08,0.0,13.08,9.16,3.92,2024,1,4
O104092,2024-01-04,P0084,C00690,S008,2,17.53,0.0,35.06,28.22,6.84,2024,1,4
O100666,2024-01-04,P0099,C00328,S005,2,5.01,0.0,10.02,5.54,4.48,2024,1,4
O111128,2024-01-05,P0069,C00680,S005,2,85.27,0.0,170.54,131.72,38.82,2024,1,5
O106436,2024-01-05,P0053,C00933,S012,4,51.37,0.0,205.48,129.08,76.4,2024,1,5
O102191,2024-01-05,P0029,C00151,S007,1,93.75,0.05,89.06,68.76,20.3,2024,1,5
O111766,2024-01-05,P0021,C01088,S005,1,25.8,0.05,24.51,12.57,11.94,2024,1,5
O108501,2024-01-05,P0057,C00305,S008,1,157.4,0.0,157.4,131.61,25.79,2024,1,5
O102566,2024-01-05,P0032,C00952,S002,3,62.15,0.0,186.45,135.87,50.58,2024,1,5
O107013,2024-01-05,P0069,C00237,S007,1,85.27,0.0,85.27,65.86,19.41,2024,1,5
O111945,2024-01-05,P0077,C00773,S012,1,130.07,0.0,130.07,107.65,22.42,2024,1,5
O102473,2024-01-05,P0092,C00265,S004,1,41.48,0.1,37.33,25.41,11.92,2024,1,5
O110223,2024-01-05,P0047,C00356,S003,2,125.46,0.0,250.92,119.8,131.12,2024,1,5
O106613,2024-01-05,P0032,C00643,S009,1,62.15,0.0,62.15,45.29,16.86,2024,1,5
O105267,2024-01-05,P0084,C01103,S006,1,17.53,0.0,17.53,14.11,3.42,2024,1,5
O101373,2024-01-05,P0025,C01162,S010,2,18.6,0.0,37.2,28.18,9.02,2024,1,5
O109901,2024-01-05,P0051,C00154,S005,1,32.14,0.05,30.53,16.02,14.51,2024,1,5
O111297,2024-01-06,P0041,C01146,S009,1,246.7,0.1,222.03,134.73,87.3,2024,1,6
O110793,2024-01-06,P0050,C00246,S006,2,9.87,0.0,19.74,9.48,10.26,2024,1,6
O101613,2024-01-06,P0034,C00218,S004,4,84.19,0.1,303.08,276.16,26.92,2024,1,6
O108094,2024-01-06,P0086,C00157,S002,1,310.61,0.0,310.61,159.69,150.92,2024,1,6
O109120,2024-01-06,P0047,C00875,S011,2,125.46,0.0,250.92,119.8,131.12,2024,1,6
O106444,2024-01-06,P0008,C00310,S012,4,22.28,0.0,89.12,44.56,44.56,2024,1,6
O109007,2024-01-06,P0043,C00017,S003,1,11.09,0.0,11.09,5.81,5.28,2024,1,6
O101236,2024-01-06,P0073,C00151,S007,1,36.7,0.0,36.7,18.22,18.48,2024,1,6
O102888,2024-01-06,P0054,C00675,S008,1,42.97,0.0,42.97,29.12,13.85,2024,1,6
O110023,2024-01-06,P0051,C00693,S006,1,32.14,0.15,27.32,16.02,11.3,2024,1,6
O105606,2024-01-06,P0095,C01029,S005,1,118.84,0.0,118.84,78.17,40.67,2024,1,6
O104392,2024-01-06,P0012,C00401,S008,1,88.36,0.1,79.52,62.9,16.62,2024,1,6
O103172,2024-01-06,P0025,C00432,S002,1,18.6,0.05,17.67,14.09,3.58,2024,1,6
O104913,2024-01-06,P0095,C01133,S008,1,118.84,0.0,118.84,78.17,40.67,2024,1,6
O102555,2024-01-06,P0024,C00427,S008,4,722.65,0.0,2890.6,1694.32,1196.28,2024,1,6
O104547,2024-01-06,P0042,C00317,S009,2,9.86,0.05,18.73,12.46,6.27,2024,1,6
O107093,2024-01-06,P0044,C00984,S003,1,136.64,0.0,136.64,115.68,20.96,2024,1,6
O100292,2024-01-06,P0039,C00423,S009,2,47.6,0.0,95.2,65.06,30.14,2024,1,6
O104556,2024-01-06,P0075,C00001,S002,1,10.1,0.15,8.58,7.49,1.09,2024,1,6
O102192,2024-01-06,P0033,C00878,S004,1,47.81,0.0,47.81,31.21,16.6,2024,1,6
O109187,2024-01-06,P0039,C00016,S001,1,47.6,0.0,47.6,32.53,15.07,2024,1,6
O104562,2024-01-06,P0069,C00160,S007,10,85.27,0.1,767.43,658.6,108.83,2024,1,6
O100229,2024-01-07,P0011,C01072,S001,1,713.82,0.1,642.44,451.83,190.61,2024,1,7
O102678,2024-01-07,P0019,C00837,S004,2,138.62,0.0,277.24,136.3,140.94,2024,1,7
O102559,2024-01-07,P0050,C00397,S010,5,9.87,0.0,49.35,23.7,25.65,2024,1,7
O100494,2024-01-07,P0041,C00011,S009,1,246.7,0.0,246.7,134.73,111.97,2024,1,7
O106959,2024-01-07,P0008,C00423,S001,1,22.28,0.0,22.28,11.14,11.14,2024,1,7
O106091,2024-01-07,P0091,C00928,S010,1,35.24,0.1,31.72,18.67,13.05,2024,1,7
O101832,2024-01-07,P0047,C00217,S012,2,125.46,0.0,250.92,119.8,131.12,2024,1,7
O106844,2024-01-07,P0045,C00655,S004,1,131.19,0.0,131.19,106.88,24.31,2024,1,7
O107870,2024-01-07,P0098,C01115,S011,10,37.83,0.05,359.38,290.0,69.38,2024,1,7
O109682,2024-01-07,P0010,C00417,S001,1,14.81,0.0,14.81,12.15,2.66,2024,1,7
O105915,2024-01-07,P0097,C01006,S010,1,8.15,0.0,8.15,5.49,2.66,2024,1,7
O110176,2024-01-07,P0004,C00745,S008,1,29.55,0.1,26.6,14.48,12.12,2024,1,7
O107825,2024-01-07,P0064,C00436,S010,2,12.06,0.0,24.12,10.96,13.16,2024,1,7
O107735,2024-01-08,P0045,C00510,S003,5,131.19,0.1,590.36,534.4,55.96,2024,1,8
O102791,2024-01-08,P0082,C00931,S009,2,28.43,0.0,56.86,43.46,13.4,2024,1,8
O106169,2024-01-08,P0039,C00850,S007,1,47.6,0.0,47.6,32.53,15.07,2024,1,8
O108632,2024-01-08,P0037,C00433,S008,1,61.48,0.0,61.48,48.1,13.38,2024,1,8
O110158,2024-01-08,P0010,C00857,S009,1,14.81,0.1,13.33,12.15,1.18,2024,1,8
O107751,2024-01-08,P0015,C00863,S011,1,36.03,0.05,34.23,18.61,15.62,2024,1,8
O102808,2024-01-08,P0099,C00924,S004,5,5.01,0.0,25.05,13.85,11.2,2024,1,8
O102180,2024-01-08,P0021,C00986,S001,1,25.8,0.0,25.8,12.57,13.23,2024,1,8
O108265,2024-01-08,P0019,C00257,S010,1,138.62,0.15,117.83,68.15,49.68,2024,1,8
O111983,2024-01-08,P0077,C00221,S009,1,130.07,0.05,123.57,107.65,15.92,2024,1,8
O111890,2024-01-08,P0012,C01019,S010,2,88.36,0.1,159.05,125.8,33.25,2024,1,8
O102156,2024-01-08,P0057,C00243,S004,1,157.4,0.1,141.66,131.61,10.05,2024,1,8
O103493,2024-01-08,P0073,C00774,S002,1,36.7,0.0,36.7,18.22,18.48,2024,1,8
O101736,2024-01-08,P0046,C00651,S003,10,69.45,0.2,555.6,425.8,129.8,2024,1,8
O102984,2024-01-08,P0093,C00985,S012,1,13.08,0.0,13.08,9.16,3.92,2024,1,8
O109853,2024-01-08,P0020,C00037,S006,1,30.45,0.0,30.45,20.59,9.86,2024,1,8
O105424,2024-01-08,P0100,C00477,S008,4,142.46,0.0,569.84,364.56,205.28,2024,1,8
O107176,2024-01-08,P0013,C00954,S008,10,45.23,0.05,429.68,248.2,181.48,2024,1,8
O106038,2024-01-08,P0026,C00132,S003,1,325.3,0.15,276.5,181.38,95.12,2024,1,8
O106122,2024-01-08,P0031,C01059,S001,1,104.43,0.0,104.43,64.18,40.25,2024,1,8
O102030,2024-01-09,P0028,C00373,S005,2,453.33,0.1,815.99,507.92,308.07,2024,1,9
O111609,2024-01-09,P0020,C01114,S011,5,30.45,0.1,137.02,102.95,34.07,2024,1,9
O107908,2024-01-09,P0079,C00508,S011,1,120.53,0.0,120.53,93.1,27.43,2024,1,9
O103221,2024-01-09,P0021,C01005,S005,1,25.8,0.1,23.22,12.57,10.65,2024,1,9
O106659,2024-01-09,P0071,C01102,S011,1,9.68,0.1,8.71,7.38,1.33,2024,1,9
O109354,2024-01-09,P0062,C01003,S003,2,39.06,0.0,78.12,35.7,42.42,2024,1,9
O101516,2024-01-09,P0063,C00990,S008,3,112.94,0.0,338.82,272.07,66.75,2024,1,9
O105680,2024-01-09,P0023,C00757,S002,5,818.22,0.15,3477.44,3150.75,326.69,2024,1,9
O107180,2024-01-09,P0027,C00401,S012,5,55.97,0.2,223.88,147.85,76.03,2024,1,9
O103658,2024-01-09,P0027,C00498,S001,2,55.97,0.0,111.94,59.14,52.8,2024,1,9
O108138,2024-01-10,P0080,C00815,S011,1,20.59,0.1,18.53,13.94,4.59,2024,1,10
O106712,2024-01-10,P0068,C01010,S009,2,100.31,0.05,190.59,162.76,27.83,2024,1,10
O111241,2024-01-10,P0046,C01086,S004,10,69.45,0.15,590.32,425.8,164.52,2024,1,10
O111848,2024-01-10,P0100,C00973,S007,2,142.46,0.0,284.92,182.28,102.64,2024,1,10
O111905,2024-01-10,P0095,C00038,S009,1,118.84,0.1,106.96,78.17,28.79,2024,1,10
O110812,2024-01-10,P0074,C00142,S008,1,106.15,0.0,106.15,69.24,36.91,2024,1,10
O102235,2024-01-10,P0001,C00582,S001,4,132.87,0.0,531.48,429.6,101.88,2024,1,10
O102598,2024-01-10,P0023,C00458,S007,1,818.22,0.0,818.22,630.15,188.07,2024,1,10
O107398,2024-01-10,P0041,C00773,S012,1,246.7,0.0,246.7,134.73,111.97,2024,1,10
O111628,2024-01-10,P0034,C01103,S011,1,84.19,0.1,75.77,69.04,6.73,2024,1,10
O105252,2024-01-10,P0053,C01147,S005,3,51.37,0.0,154.11,96.81,57.3,2024,1,10
O106804,2024-01-10,P0092,C00448,S008,1,41.48,0.0,41.48,25.41,16.07,2024,1,10
O105337,2024-01-11,P0004,C00840,S010,2,29.55,0.1,53.19,28.96,24.23,2024,1,11
O106052,2024-01-11,P0035,C01164,S006,2,21.89,0.0,43.78,24.5,19.28,2024,1,11
O108900,2024-01-11,P0002,C00225,S005,1,130.95,0.05,124.4,100.06,24.34,2024,1,11
O111106,2024-01-11,P0080,C01184,S012,1,20.59,0.15,17.5,13.94,3.56,2024,1,11
O105706,2024-01-11,P0070,C00711,S008,1,27.07,0.0,27.07,14.25,12.82,2024,1,11
O104280,2024-01-11,P0018,C00353,S007,2,34.43,0.05,65.42,52.98,12.44,2024,1,11
O110584,2024-01-11,P0092,C00766,S007,10,41.48,0.15,352.58,254.1,98.48,2024,1,11
O109748,2024-01-11,P0086,C00890,S009,3,310.61,0.0,931.83,479.07,452.76,2024,1,11
O107954,2024-01-11,P0067,C00493,S003,1,5.57,0.0,5.57,3.25,2.32,2024,1,11
O109340,2024-01-11,P0024,C00506,S003,1,722.65,0.0,722.65,423.58,299.07,2024,1,11
O101961,2024-01-11,P0002,C01170,S004,1,130.95,0.0,130.95,100.06,30.89,2024,1,11
O102816,2024-01-11,P0053,C00244,S012,2,51.37,0.0,102.74,64.54,38.2,2024,1,11
O103949,2024-01-12,P0001,C00015,S005,5,132.87,0.0,664.35,537.0,127.35,2024,1,12
O108450,2024-01-12,P0094,C00653,S006,4,21.21,0.0,84.84,48.68,36.16,2024,1,12
O108549,2024-01-12,P0008,C00818,S007,3,22.28,0.0,66.84,33.42,33.42,2024,1,12
O109571,2024-01-12,P0024,C00178,S009,1,722.65,0.0,722.65,423.58,299.07,2024,1,12
O100641,2024-01-12,P0088,C01053,S010,2,5.57,0.0,11.14,8.62,2.52,2024,1,12
O109479,2024-01-12,P0019,C00228,S010,1,138.62,0.0,138.62,68.15,70.47,2024,1,12
O101502,2024-01-12,P0035,C00680,S005,1,21.89,0.2,17.51,12.25,5.26,2024,1,12
O109432,2024-01-12,P0058,C00176,S007,2,123.22,0.05,234.12,118.94,115.18,2024,1,12
O111053,2024-01-12,P0099,C00530,S011,1,5.01,0.0,5.01,2.77,2.24,2024,1,12
O104229,2024-01-12,P0011,C00077,S003,4,713.82,0.05,2712.52,1807.32,905.2,2024,1,12
O108635,2024-01-12,P0071,C00897,S004,1,9.68,0.2,7.74,7.38,0.36,2024,1,12
O107711,2024-01-12,P0090,C00921,S009,2,575.16,0.1,1035.29,751.46,283.83,2024,1,12
O105161,2024-01-12,P0062,C00362,S012,5,39.06,0.05,185.54,89.25,96.29,2024,1,12
O101660,2024-01-12,P0055,C00993,S011,2,24.74,0.05,47.01,34.96,12.05,2024,1,12
O110939,2024-01-13,P0083,C00871,S010,1,85.03,0.0,85.03,44.79,40.24,2024,1,13
O108312,2024-01-13,P0006,C00736,S011,1,74.01,0.0,74.01,43.08,30.93,2024,1,13
O108907,2024-01-13,P0052,C01169,S011,1,97.55,0.0,97.55,61.47,36.08,2024,1,13
O103410,2024-01-13,P0010,C00691,S007,3,14.81,0.2,35.54,36.45,-0.91,2024,1,13
O102317,2024-01-13,P0069,C01165,S003,1,85.27,0.0,85.27,65.86,19.41,2024,1,13
O111760,2024-01-13,P0008,C00264,S003,4,22.28,0.05,84.66,44.56,40.1,2024,1,13
O100790,2024-01-13,P0067,C01151,S002,1,5.57,0.0,5.57,3.25,2.32,2024,1,13
O108342,2024-01-13,P0007,C00083,S004,3,99.07,0.0,297.21,224.13,73.08,2024,1,13
O111419,2024-01-13,P0065,C01135,S002,3,776.21,0.0,2328.63,1156.62,1172.01,2024,1,13
O105275,2024-01-13,P0085,C00977,S003,1,34.17,0.0,34.17,27.5,6.67,2024,1,13
O110916,2024-01-13,P0094,C00859,S008,5,21.21,0.05,100.75,60.85,39.9,2024,1,13
O102497,2024-01-13,P0087,C00391,S010,1,463.9,0.15,394.32,253.65,140.67,2024,1,13
O102362,2024-01-13,P0049,C00433,S011,5,366.28,0.0,1831.4,863.55,967.85,2024,1,13
O105605,2024-01-13,P0092,C00965,S001,1,41.48,0.05,39.41,25.41,14.0,2024,1,13
O101394,2024-01-13,P0019,C00222,S008,1,138.62,0.0,138.62,68.15,70.47,2024,1,13
O110330,2024-01-13,P0033,C00859,S001,1,47.81,0.05,45.42,31.21,14.21,2024,1,13
O105984,2024-01-13,P0099,C00551,S001,2,5.01,0.0,10.02,5.54,4.48,2024,1,13
O104497,2024-01-13,P0069,C00802,S010,2,85.27,0.0,170.54,131.72,38.82,2024,1,13
O109408,2024-01-13,P0025,C01012,S007,3,18.6,0.0,55.8,42.27,13.53,2024,1,13
O111203,2024-01-13,P0006,C01099,S007,1,74.01,0.0,74.01,43.08,30.93,2024,1,13
O110101,2024-01-13,P0035,C00947,S006,2,21.89,0.1,39.4,24.5,14.9,2024,1,13
O100436,2024-01-13,P0048,C00693,S011,1,113.33,0.0,113.33,82.55,30.78,2024,1,13
O101226,2024-01-13,P0063,C00505,S009,1,112.94,0.1,101.65,90.69,10.96,2024,1,13
O101022,2024-01-13,P0043,C00539,S004,2,11.09,0.0,22.18,11.62,10.56,2024,1,13
O100879,2024-01-13,P0069,C00509,S006,5,85.27,0.15,362.4,329.3,33.1,2024,1,13
O110893,2024-01-13,P0029,C00067,S002,1,93.75,0.0,93.75,68.76,24.99,2024,1,13
O100537,2024-01-14,P0055,C00705,S010,5,24.74,0.15,105.14,87.4,17.74,2024,1,14
O105011,2024-01-14,P0088,C01135,S001,2,5.57,0.0,11.14,8.62,2.52,2024,1,14
O111839,2024-01-14,P0093,C00058,S006,1,13.08,0.0,13.08,9.16,3.92,2024,1,14
O105710,2024-01-14,P0009,C00059,S012,1,8.02,0.1,7.22,6.09,1.13,2024,1,14
O104652,2024-01-14,P0033,C00490,S003,2,47.81,0.0,95.62,62.42,33.2,2024,1,14
O106402,2024-01-14,P0005,C00824,S008,1,15.5,0.0,15.5,12.07,3.43,2024,1,14
O107883,2024-01-14,P0075,C00819,S001,1,10.1,0.0,10.1,7.49,2.61,2024,1,14
O109049,2024-01-14,P0075,C00459,S006,1,10.1,0.05,9.59,7.49,2.1,2024,1,14
O111847,2024-01-14,P0021,C00432,S010,3,25.8,0.0,77.4,37.71,39.69,2024,1,14
O103541,2024-01-14,P0062,C01160,S004,1,39.06,0.0,39.06,17.85,21.21,2024,1,14
O105307,2024-01-14,P0027,C00883,S012,1,55.97,0.0,55.97,29.57,26.4,2024,1,14
O108214,2024-01-14,P0028,C01194,S004,3,453.33,0.0,1359.99,761.88,598.11,2024,1,14
O108208,2024-01-14,P0091,C01039,S012,1,35.24,0.05,33.48,18.67,14.81,2024,1,14
O105869,2024-01-14,P0088,C00596,S008,4,5.57,0.1,20.05,17.24,2.81,2024,1,14
O104722,2024-01-14,P0007,C00577,S009,1,99.07,0.0,99.07,74.71,24.36,2024,1,14
O110809,2024-01-14,P0032,C01110,S007,1,62.15,0.0,62.15,45.29,16.86,2024,1,14
O101368,2024-01-15,P0021,C01120,S005,1,25.8,0.0,25.8,12.57,13.23,2024,1,15
O106089,2024-01-15,P0050,C01112,S001,2,9.87,0.15,16.78,9.48,7.3,2024,1,15
O102983,2024-01-15,P0011,C00211,S011,1,713.82,0.0,713.82,451.83,261.99,2024,1,15
O107481,2024-01-15,P0044,C00525,S011,1,136.64,0.0,136.64,115.68,20.96,2024,1,15
O110503,2024-01-15,P0054,C00906,S008,2,42.97,0.05,81.64,58.24,23.4,2024,1,15
O101888,2024-01-15,P0011,C01176,S010,1,713.82,0.1,642.44,451.83,190.61,2024,1,15
O109706,2024-01-15,P0027,C00615,S003,1,55.97,0.05,53.17,29.57,23.6,2024,1,15
O110408,2024-01-15,P0006,C00682,S003,2,74.01,0.0,148.02,86.16,61.86,2024,1,15
O108106,2024-01-15,P0065,C00828,S011,10,776.21,0.15,6597.78,3855.4,2742.38,2024,1,15
O100211,2024-01-15,P0051,C00857,S001,1,32.14,0.0,32.14,16.02,16.12,2024,1,15
O107659,2024-01-15,P0066,C01051,S002,1,105.53,0.0,105.53,58.77,46.76,2024,1,15
O106334,2024-01-15,P0049,C00757,S005,2,366.28,0.0,732.56,345.42,387.14,2024,1,15
O105974,2024-01-15,P0093,C00582,S010,2,13.08,0.0,26.16,18.32,7.84,2024,1,15
O107600,2024-01-15,P0079,C01163,S009,1,120.53,0.0,120.53,93.1,27.43,2024,1,15
O107179,2024-01-15,P0007,C00189,S011,1,99.07,0.0,99.07,74.71,24.36,2024,1,15
O111195,2024-01-15,P0026,C00510,S007,10,325.3,0.2,2602.4,1813.8,788.6,2024,1,15
O103302,2024-01-16,P0025,C01183,S011,2,18.6,0.0,37.2,28.18,9.02,2024,1,16
O102196,2024-01-16,P0068,C00333,S007,1,100.31,0.0,100.31,81.38,18.93,2024,1,16
O104476,2024-01-16,P0098,C00246,S003,1,37.83,0.0,37.83,29.0,8.83,2024,1,16
O102586,2024-01-16,P0036,C00740,S009,1,15.34,0.05,14.57,8.29,6.28,2024,1,16
O103301,2024-01-16,P0011,C00093,S007,1,713.82,0.0,713.82,451.83,261.99,2024,1,16
O107513,2024-01-16,P0026,C00051,S009,1,325.3,0.2,260.24,181.38,78.86,2024,1,16
O110738,2024-01-16,P0079,C00318,S003,2,120.53,0.15,204.9,186.2,18.7,2024,1,16
O108961,2024-01-16,P0007,C00930,S002,5,99.07,0.1,445.82,373.55,72.27,2024,1,16
O102670,2024-01-16,P0037,C00598,S001,1,61.48,0.0,61.48,48.1,13.38,2024,1,16
O109514,2024-01-16,P0001,C00888,S012,1,132.87,0.0,132.87,107.4,25.47,2024,1,16
O106648,2024-01-16,P0008,C00369,S006,3,22.28,0.0,66.84,33.42,33.42,2024,1,16
O109560,2024-01-16,P0096,C00116,S003,2,63.84,0.0,127.68,70.1,57.58,2024,1,16
O108642,2024-01-16,P0056,C00955,S011,1,20.73,0.0,20.73,16.75,3.98,2024,1,16
O105112,2024-01-16,P0079,C00889,S004,1,120.53,0.15,102.45,93.1,9.35,2024,1,16
O105102,2024-01-16,P0048,C01036,S001,1,113.33,0.0,113.33,82.55,30.78,2024,1,16
O108554,2024-01-17,P0006,C00432,S003,1,74.01,0.0,74.01,43.08,30.93,2024,1,17
O105675,2024-01-17,P0013,C00120,S006,1,45.23,0.0,45.23,24.82,20.41,2024,1,17
O105757,2024-01-17,P0098,C00709,S002,1,37.83,0.0,37.83,29.0,8.83,2024,1,17
O109636,2024-01-17,P0023,C00047,S012,2,818.22,0.05,1554.62,1260.3,294.32,2024,1,17
O105469,2024-01-17,P0069,C00321,S009,4,85.27,0.0,341.08,263.44,77.64,2024,1,17
O101805,2024-01-17,P0031,C00776,S010,1,104.43,0.0,104.43,64.18,40.25,2024,1,17
O104308,2024-01-17,P0057,C00859,S012,1,157.4,0.05,149.53,131.61,17.92,2024,1,17
O100538,2024-01-17,P0031,C00730,S005,2,104.43,0.15,177.53,128.36,49.17,2024,1,17
O108653,2024-01-17,P0018,C01057,S005,4,34.43,0.0,137.72,105.96,31.76,2024,1,17
O109905,2024-01-17,P0070,C00261,S012,1,27.07,0.0,27.07,14.25,12.82,2024,1,17
O110112,2024-01-17,P0001,C00598,S006,1,132.87,0.1,119.58,107.4,12.18,2024,1,17
O105001,2024-01-17,P0046,C00829,S002,3,69.45,0.0,208.35,127.74,80.61,2024,1,17
O109292,2024-01-17,P0079,C00813,S008,1,120.53,0.0,120.53,93.1,27.43,2024,1,17
O108640,2024-01-18,P0093,C00439,S010,1,13.08,0.05,12.43,9.16,3.27,2024,1,18
O103843,2024-01-18,P0044,C00531,S011,2,136.64,0.0,273.28,231.36,41.92,2024,1,18
O101970,2024-01-18,P0012,C00628,S012,2,88.36,0.0,176.72,125.8,50.92,2024,1,18
O106362,2024-01-18,P0042,C00064,S008,1,9.86,0.0,9.86,6.23,3.63,2024,1,18
O103394,2024-01-18,P0074,C00160,S002,1,106.15,0.0,106.15,69.24,36.91,2024,1,18
O105507,2024-01-18,P0073,C01127,S001,1,36.7,0.0,36.7,18.22,18.48,2024,1,18
O108205,2024-01-18,P0090,C00152,S009,5,575.16,0.15,2444.43,1878.65,565.78,2024,1,18
O110909,2024-01-18,P0100,C00793,S004,1,142.46,0.0,142.46,91.14,51.32,2024,1,18
O101204,2024-01-18,P0095,C00223,S002,2,118.84,0.1,213.91,156.34,57.57,2024,1,18
O100594,2024-01-18,P0053,C00831,S007,1,51.37,0.0,51.37,32.27,19.1,2024,1,18
O106464,2024-01-18,P0016,C00652,S009,5,547.4,0.1,2463.3,1987.05,476.25,2024,1,18
O107329,2024-01-18,P0077,C00927,S001,1,130.07,0.0,130.07,107.65,22.42,2024,1,18
O103274,2024-01-18,P0053,C01116,S010,1,51.37,0.1,46.23,32.27,13.96,2024,1,18
O104922,2024-01-18,P0067,C00583,S006,1,5.57,0.0,5.57,3.25,2.32,2024,1,18
O107982,2024-01-18,P0098,C00786,S002,1,37.83,0.0,37.83,29.0,8.83,2024,1,18
O109487,2024-01-18,P0023,C00728,S001,2,818.22,0.0,1636.44,1260.3,376.14,2024,1,18
O102820,2024-01-18,P0097,C01024,S008,1,8.15,0.1,7.34,5.49,1.85,2024,1,18
O108713,2024-01-18,P0063,C01192,S005,1,112.94,0.1,101.65,90.69,10.96,2024,1,18
O103006,2024-01-18,P0002,C00875,S006,2,130.95,0.0,261.9,200.12,61.78,2024,1,18
O100111,2024-01-18,P0022,C00755,S007,2,42.03,0.0,84.06,60.28,23.78,2024,1,18
O106668,2024-01-18,P0036,C00403,S010,1,15.34,0.1,13.81,8.29,5.52,2024,1,18
O109019,2024-01-18,P0071,C01063,S012,1,9.68,0.05,9.2,7.38,1.82,2024,1,18
O108941,2024-01-18,P0035,C00513,S009,1,21.89,0.1,19.7,12.25,7.45,2024,1,18
O101078,2024-01-19,P0083,C00083,S008,1,85.03,0.1,76.53,44.79,31.74,2024,1,19
O107755,2024-01-19,P0083,C01096,S008,1,85.03,0.0,85.03,44.79,40.24,2024,1,19
O103077,2024-01-19,P0100,C00269,S010,1,142.46,0.15,121.09,91.14,29.95,2024,1,19
O105788,2024-01-19,P0056,C01022,S012,1,20.73,0.0,20.73,16.75,3.98,2024,1,19
O100969,2024-01-19,P0064,C00784,S004,1,12.06,0.1,10.85,5.48,5.37,2024,1,19
O108463,2024-01-19,P0043,C00992,S003,1,11.09,0.0,11.09,5.81,5.28,2024,1,19
O111189,2024-01-19,P0040,C01058,S006,1,25.25,0.1,22.72,16.53,6.19,2024,1,19
O102028,2024-01-19,P0079,C00388,S004,1,120.53,0.15,102.45,93.1,9.35,2024,1,19
O107342,2024-01-19,P0043,C00674,S008,1,11.09,0.0,11.09,5.81,5.28,2024,1,19
O107357,2024-01-19,P0094,C00166,S010,1,21.21,0.05,20.15,12.17,7.98,2024,1,19
O105262,2024-01-19,P0087,C00914,S006,2,463.9,0.0,927.8,507.3,420.5,2024,1,19
O105390,2024-01-19,P0097,C01031,S006,1,8.15,0.15,6.93,5.49,1.44,2024,1,19
O105564,2024-01-19,P0025,C00587,S011,2,18.6,0.1,33.48,28.18,5.3,2024,1,19
O110597,2024-01-19,P0063,C01002,S012,10,112.94,0.0,1129.4,906.9,222.5,2024,1,19
O103060,2024-01-19,P0018,C00533,S002,2,34.43,0.0,68.86,52.98,15.88,2024,1,19
O109525,2024-01-19,P0007,C00326,S004,1,99.07,0.05,94.12,74.71,19.41,2024,1,19
O101199,2024-01-19,P0021,C00414,S005,1,25.8,0.0,25.8,12.57,13.23,2024,1,19
O104491,2024-01-19,P0020,C01008,S009,1,30.45,0.0,30.45,20.59,9.86,2024,1,19
O106850,2024-01-19,P0031,C00118,S006,2,104.43,0.0,208.86,128.36,80.5,2024,1,19
O109141,2024-01-19,P0031,C00620,S011,1,104.43,0.05,99.21,64.18,35.03,2024,1,19
O111783,2024-01-19,P0056,C00466,S010,1,20.73,0.15,17.62,16.75,0.87,2024,1,19
O108771,2024-01-19,P0053,C00462,S005,1,51.37,0.1,46.23,32.27,13.96,2024,1,19
O106751,2024-01-19,P0030,C00751,S006,2,41.4,0.05,78.66,50.42,28.24,2024,1,19
O100720,2024-01-19,P0001,C00532,S011,2,132.87,0.0,265.74,214.8,50.94,2024,1,19
O106136,2024-01-19,P0076,C00553,S011,1,301.81,0.1,271.63,247.89,23.74,2024,1,19
O100554,2024-01-19,P0001,C01083,S003,1,132.87,0.15,112.94,107.4,5.54,2024,1,19
O100587,2024-01-19,P0051,C00905,S012,1,32.14,0.05,30.53,16.02,14.51,2024,1,19
O104055,2024-01-19,P0044,C01181,S010,2,136.64,0.0,273.28,231.36,41.92,2024,1,19
O101307,2024-01-19,P0010,C00761,S004,1,14.81,0.0,14.81,12.15,2.66,2024,1,19
O100619,2024-01-19,P0016,C00050,S003,2,547.4,0.15,930.58,794.82,135.76,2024,1,19
O101185,2024-01-20,P0080,C00517,S001,1,20.59,0.0,20.59,13.94,6.65,2024,1,20
O105071,2024-01-20,P0008,C00386,S005,2,22.28,0.05,42.33,22.28,20.05,2024,1,20
O111226,2024-01-20,P0074,C00225,S011,1,106.15,0.05,100.84,69.24,31.6,2024,1,20
O101648,2024-01-20,P0065,C00408,S011,2,776.21,0.0,1552.42,771.08,781.34,2024,1,20
O111393,2024-01-20,P0087,C00668,S008,3,463.9,0.0,1391.7,760.95,630.75,2024,1,20
O106394,2024-01-20,P0009,C00692,S012,1,8.02,0.1,7.22,6.09,1.13,2024,1,20
O100489,2024-01-20,P0017,C01123,S010,2,25.27,0.05,48.01,35.54,12.47,2024,1,20
O110816,2024-01-20,P0026,C01102,S001,1,325.3,0.0,325.3,181.38,143.92,2024,1,20
O109485,2024-01-20,P0073,C00116,S004,1,36.7,0.2,29.36,18.22,11.14,2024,1,20
O102839,2024-01-20,P0060,C00483,S002,4,80.71,0.1,290.56,205.0,85.56,2024,1,20
O101358,2024-01-20,P0081,C01140,S007,3,143.09,0.05,407.81,330.0,77.81,2024,1,20
O110646,2024-01-20,P0002,C00326,S006,1,130.95,0.0,130.95,100.06,30.89,2024,1,20
O103186,2024-01-20,P0005,C00614,S006,2,15.5,0.1,27.9,24.14,3.76,2024,1,20
O108345,2024-01-20,P0037,C00914,S011,1,61.48,0.15,52.26,48.1,4.16,2024,1,20
O107952,2024-01-20,P0012,C00089,S005,1,88.36,0.0,88.36,62.9,25.46,2024,1,20
O100067,2024-01-20,P0042,C00286,S002,1,9.86,0.0,9.86,6.23,3.63,2024,1,20
O106568,2024-01-20,P0044,C00816,S009,1,136.64,0.1,122.98,115.68,7.3,2024,1,20
O103813,2024-01-20,P0060,C00612,S011,1,80.71,0.0,80.71,51.25,29.46,2024,1,20
O106998,2024-01-20,P0061,C01173,S003,1,86.94,0.0,86.94,46.4,40.54,2024,1,20
O105891,2024-01-20,P0031,C00001,S004,1,104.43,0.0,104.43,64.18,40.25,2024,1,20
O101083,2024-01-20,P0025,C01004,S005,1,18.6,0.15,15.81,14.09,1.72,2024,1,20
O108297,2024-01-21,P0091,C00783,S007,1,35.24,0.0,35.24,18.67,16.57,2024,1,21
O108877,2024-01-21,P0016,C00756,S001,1,547.4,0.0,547.4,397.41,149.99,2024,1,21
O109156,2024-01-21,P0025,C00701,S011,2,18.6,0.0,37.2,28.18,9.02,2024,1,21
O111611,2024-01-21,P0054,C00561,S009,1,42.97,0.0,42.97,29.12,13.85,2024,1,21
O109727,2024-01-21,P0001,C00246,S006,1,132.87,0.1,119.58,107.4,12.18,2024,1,21
O101618,2024-01-21,P0093,C00006,S010,2,13.08,0.1,23.54,18.32,5.22,2024,1,21
O100202,2024-01-21,P0060,C00984,S006,1,80.71,0.0,80.71,51.25,29.46,2024,1,21
O104009,2024-01-21,P0077,C00122,S010,1,130.07,0.05,123.57,107.65,15.92,2024,1,21
O101558,2024-01-21,P0092,C00615,S009,1,41.48,0.2,33.18,25.41,7.77,2024,1,21
O104117,2024-01-21,P0088,C00363,S002,1,5.57,0.0,5.57,4.31,1.26,2024,1,21
O104983,2024-01-21,P0020,C00839,S001,1,30.45,0.0,30.45,20.59,9.86,2024,1,21
O104778,2024-01-21,P0055,C00126,S002,2,24.74,0.0,49.48,34.96,14.52,2024,1,21
O111504,2024-01-21,P0066,C01187,S005,1,105.53,0.0,105.53,58.77,46.76,2024,1,21
O105578,2024-01-21,P0053,C00327,S009,1,51.37,0.2,41.1,32.27,8.83,2024,1,21
O101335,2024-01-22,P0011,C00393,S008,2,713.82,0.1,1284.88,903.66,381.22,2024,1,22
O108595,2024-01-22,P0097,C00682,S003,4,8.15,0.15,27.71,21.96,5.75,2024,1,22
O101483,2024-01-22,P0023,C00813,S012,1,818.22,0.0,818.22,630.15,188.07,2024,1,22
O102399,2024-01-22,P0057,C00376,S007,5,157.4,0.0,787.0,658.05,128.95,2024,1,22
O109299,2024-01-22,P0054,C00442,S001,10,42.97,0.0,429.7,291.2,138.5,2024,1,22
O102648,2024-01-22,P0071,C00225,S007,2,9.68,0.0,19.36,14.76,4.6,2024,1,22
O109448,2024-01-22,P0009,C01066,S008,1,8.02,0.1,7.22,6.09,1.13,2024,1,22
O102975,2024-01-22,P0075,C00819,S010,1,10.1,0.0,10.1,7.49,2.61,2024,1,22
O100351,2024-01-22,P0010,C00709,S004,1,14.81,0.0,14.81,12.15,2.66,2024,1,22
O101159,2024-01-22,P0045,C00203,S009,2,131.19,0.1,236.14,213.76,22.38,2024,1,22
O110788,2024-01-22,P0030,C00458,S001,2,41.4,0.05,78.66,50.42,28.24,2024,1,22
O104064,2024-01-22,P0023,C01062,S002,4,818.22,0.05,3109.24,2520.6,588.64,2024,1,22
O106682,2024-01-22,P0062,C00454,S009,1,39.06,0.0,39.06,17.85,21.21,2024,1,22
O100616,2024-01-22,P0013,C00288,S006,1,45.23,0.0,45.23,24.82,20.41,2024,1,22
O105471,2024-01-22,P0053,C01041,S002,2,51.37,0.05,97.6,64.54,33.06,2024,1,22
O104948,2024-01-22,P0044,C00191,S010,1,136.64,0.05,129.81,115.68,14.13,2024,1,22
O107437,2024-01-22,P0010,C01140,S012,5,14.81,0.15,62.94,60.75,2.19,2024,1,22
O101840,2024-01-22,P0022,C00688,S003,5,42.03,0.2,168.12,150.7,17.42,2024,1,22
O103691,2024-01-22,P0070,C00961,S006,1,27.07,0.0,27.07,14.25,12.82,2024,1,22
O110927,2024-01-22,P0030,C00046,S001,1,41.4,0.0,41.4,25.21,16.19,2024,1,22
O102582,2024-01-22,P0086,C00661,S001,1,310.61,0.0,310.61,159.69,150.92,2024,1,22
O107537,2024-01-22,P0021,C00703,S008,1,25.8,0.05,24.51,12.57,11.94,2024,1,22
O110799,2024-01-22,P0022,C00820,S002,1,42.03,0.15,35.73,30.14,5.59,2024,1,22
O104217,2024-01-22,P0030,C00324,S009,1,41.4,0.0,41.4,25.21,16.19,2024,1,22
O111037,2024-01-22,P0006,C00949,S010,2,74.01,0.0,148.02,86.16,61.86,2024,1,22
O105221,2024-01-22,P0053,C00429,S005,3,51.37,0.0,154.11,96.81,57.3,2024,1,22
O109587,2024-01-22,P0064,C00055,S012,5,12.06,0.0,60.3,27.4,32.9,2024,1,22
O100966,2024-01-22,P0047,C00665,S010,1,125.46,0.0,125.46,59.9,65.56,2024,1,22
O110862,2024-01-23,P0060,C00151,S004,2,80.71,0.0,161.42,102.5,58.92,2024,1,23
O110333,2024-01-23,P0100,C00753,S012,2,142.46,0.0,284.92,182.28,102.64,2024,1,23
O111333,2024-01-23,P0082,C00021,S011,1,28.43,0.0,28.43,21.73,6.7,2024,1,23
O100552,2024-01-23,P0092,C00823,S011,1,41.48,0.15,35.26,25.41,9.85,2024,1,23
O103148,2024-01-23,P0081,C00791,S003,1,143.09,0.2,114.47,110.0,4.47,2024,1,23
O101842,2024-01-23,P0091,C00187,S008,2,35.24,0.1,63.43,37.34,26.09,2024,1,23
O110594,2024-01-23,P0038,C00916,S005,1,42.19,0.0,42.19,29.31,12.88,2024,1,23
O101376,2024-01-23,P0092,C00411,S002,3,41.48,0.05,118.22,76.23,41.99,2024,1,23
O101883,2024-01-23,P0017,C00194,S002,1,25.27,0.0,25.27,17.77,7.5,2024,1,23
O105894,2024-01-23,P0079,C00288,S012,1,120.53,0.0,120.53,93.1,27.43,2024,1,23
O104513,2024-01-23,P0096,C00101,S003,2,63.84,0.0,127.68,70.1,57.58,2024,1,23
O106137,2024-01-23,P0060,C00677,S001,5,80.71,0.05,383.37,256.25,127.12,2024,1,23
O101968,2024-01-24,P0035,C00743,S007,4,21.89,0.1,78.8,49.0,29.8,2024,1,24
O101816,2024-01-24,P0073,C00223,S001,2,36.7,0.0,73.4,36.44,36.96,2024,1,24
O110774,2024-01-24,P0091,C00725,S002,1,35.24,0.0,35.24,18.67,16.57,2024,1,24
O100529,2024-01-24,P0028,C00025,S005,1,453.33,0.0,453.33,253.96,199.37,2024,1,24
O110746,2024-01-24,P0014,C00510,S009,2,13.14,0.0,26.28,12.26,14.02,2024,1,24
O106145,2024-01-24,P0028,C00967,S002,1,453.33,0.0,453.33,253.96,199.37,2024,1,24
O107864,2024-01-24,P0025,C00064,S011,1,18.6,0.0,18.6,14.09,4.51,2024,1,24
O104338,2024-01-24,P0093,C01100,S001,1,13.08,0.05,12.43,9.16,3.27,2024,1,24
O105401,2024-01-24,P0062,C01125,S011,4,39.06,0.0,156.24,71.4,84.84,2024,1,24
O104902,2024-01-24,P0061,C00032,S010,1,86.94,0.0,86.94,46.4,40.54,2024,1,24
O110151,2024-01-24,P0081,C00839,S006,1,143.09,0.0,143.09,110.0,33.09,2024,1,24
O109311,2024-01-24,P0045,C00519,S009,2,131.19,0.0,262.38,213.76,48.62,2024,1,24
O111490,2024-01-24,P0089,C00471,S010,1,39.28,0.05,37.32,18.15,19.17,2024,1,24
O104656,2024-01-24,P0082,C00840,S011,1,28.43,0.2,22.74,21.73,1.01,2024,1,24
O103425,2024-01-24,P0025,C00805,S010,1,18.6,0.05,17.67,14.09,3.58,2024,1,24
O104209,2024-01-24,P0073,C01050,S007,1,36.7,0.0,36.7,18.22,18.48,2024,1,24
O108816,2024-01-24,P0072,C00849,S011,1,149.26,0.0,149.26,69.51,79.75,2024,1,24
O101180,2024-01-25,P0081,C00245,S007,1,143.09,0.0,143.09,110.0,33.09,2024,1,25
O107624,2024-01-25,P0011,C00002,S005,1,713.82,0.0,713.82,451.83,261.99,2024,1,25
O104809,2024-01-25,P0100,C00829,S011,1,142.46,0.0,142.46,91.14,51.32,2024,1,25
O102667,2024-01-25,P0094,C00806,S004,1,21.21,0.0,21.21,12.17,9.04,2024,1,25
O111721,2024-01-25,P0047,C00520,S004,1,125.46,0.0,125.46,59.9,65.56,2024,1,25
O110464,2024-01-25,P0065,C00489,S007,5,776.21,0.15,3298.89,1927.7,1371.19,2024,1,25
O100133,2024-01-25,P0038,C00736,S006,1,42.19,0.0,42.19,29.31,12.88,2024,1,25
O106579,2024-01-25,P0009,C00758,S010,10,8.02,0.1,72.18,60.9,11.28,2024,1,25
O102137,2024-01-25,P0069,C00929,S012,1,85.27,0.0,85.27,65.86,19.41,2024,1,25
O106572,2024-01-25,P0076,C01027,S011,2,301.81,0.0,603.62,495.78,107.84,2024,1,25
O107942,2024-01-25,P0088,C01193,S009,2,5.57,0.0,11.14,8.62,2.52,2024,1,25
O106608,2024-01-25,P0066,C00280,S011,2,105.53,0.0,211.06,117.54,93.52,2024,1,25
O102886,2024-01-25,P0076,C00719,S006,2,301.81,0.0,603.62,495.78,107.84,2024,1,25
O101505,2024-01-25,P0097,C00596,S008,1,8.15,0.05,7.74,5.49,2.25,2024,1,25
O109273,2024-01-25,P0096,C00069,S006,4,63.84,0.0,255.36,140.2,115.16,2024,1,25
O107945,2024-01-25,P0045,C00076,S003,1,131.19,0.1,118.07,106.88,11.19,2024,1,25
O108803,2024-01-25,P0091,C00573,S007,1,35.24,0.1,31.72,18.67,13.05,2024,1,25
O107862,2024-01-26,P0007,C00901,S011,1,99.07,0.0,99.07,74.71,24.36,2024,1,26
O107666,2024-01-26,P0085,C00543,S012,1,34.17,0.0,34.17,27.5,6.67,2024,1,26
O108134,2024-01-26,P0045,C00017,S002,2,131.19,0.05,249.26,213.76,35.5,2024,1,26
O109328,2024-01-26,P0018,C00146,S002,3,34.43,0.05,98.13,79.47,18.66,2024,1,26
O106941,2024-01-26,P0046,C00804,S002,2,69.45,0.05,131.96,85.16,46.8,2024,1,26
O107294,2024-01-26,P0003,C00999,S010,1,44.76,0.15,38.05,33.14,4.91,2024,1,26
O108544,2024-01-26,P0010,C00880,S009,1,14.81,0.0,14.81,12.15,2.66,2024,1,26
O109353,2024-01-26,P0091,C00888,S011,1,35.24,0.0,35.24,18.67,16.57,2024,1,26
O100370,2024-01-26,P0076,C00447,S002,5,301.81,0.1,1358.14,1239.45,118.69,2024,1,26
O107501,2024-01-26,P0075,C00887,S003,3,10.1,0.0,30.3,22.47,7.83,2024,1,26
O111768,2024-01-26,P0093,C00978,S010,1,13.08,0.15,11.12,9.16,1.96,2024,1,26
O100898,2024-01-26,P0014,C00726,S008,1,13.14,0.0,13.14,6.13,7.01,2024,1,26
O101114,2024-01-26,P0076,C00042,S005,2,301.81,0.0,603.62,495.78,107.84,2024,1,26
O104518,2024-01-26,P0006,C00219,S003,1,74.01,0.1,66.61,43.08,23.53,2024,1,26
O103013,2024-01-26,P0013,C01088,S003,1,45.23,0.2,36.18,24.82,11.36,2024,1,26
O104374,2024-01-26,P0033,C00853,S006,1,47.81,0.0,47.81,31.21,16.6,2024,1,26
O101484,2024-01-26,P0092,C01065,S010,1,41.48,0.0,41.48,25.41,16.07,2024,1,26
O101785,2024-01-26,P0089,C01099,S004,1,39.28,0.05,37.32,18.15,19.17,2024,1,26
O100752,2024-01-26,P0063,C00340,S010,1,112.94,0.05,107.29,90.69,16.6,2024,1,26
O103048,2024-01-26,P0040,C00118,S012,1,25.25,0.0,25.25,16.53,8.72,2024,1,26
O101170,2024-01-26,P0062,C01184,S012,2,39.06,0.0,78.12,35.7,42.42,2024,1,26
O109484,2024-01-27,P0088,C00761,S005,1,5.57,0.0,5.57,4.31,1.26,2024,1,27
O108317,2024-01-27,P0032,C00804,S005,2,62.15,0.0,124.3,90.58,33.72,2024,1,27
O107085,2024-01-27,P0078,C00892,S009,1,18.31,0.0,18.31,12.84,5.47,2024,1,27
O101277,2024-01-27,P0055,C00625,S003,4,24.74,0.1,89.06,69.92,19.14,2024,1,27
O104997,2024-01-27,P0048,C00947,S003,1,113.33,0.15,96.33,82.55,13.78,2024,1,27
O104332,2024-01-27,P0065,C00589,S009,2,776.21,0.0,1552.42,771.08,781.34,2024,1,27
O100645,2024-01-27,P0053,C00670,S007,1,51.37,0.0,51.37,32.27,19.1,2024,1,27
O111331,2024-01-27,P0058,C00806,S006,1,123.22,0.1,110.9,59.47,51.43,2024,1,27
O106366,2024-01-27,P0075,C00119,S007,1,10.1,0.0,10.1,7.49,2.61,2024,1,27
O105261,2024-01-27,P0073,C00146,S006,1,36.7,0.0,36.7,18.22,18.48,2024,1,27
O100035,2024-01-27,P0043,C00368,S007,4,11.09,0.0,44.36,23.24,21.12,2024,1,27
O103545,2024-01-27,P0037,C01165,S004,1,61.48,0.0,61.48,48.1,13.38,2024,1,27
O102731,2024-01-27,P0061,C00885,S012,4,86.94,0.0,347.76,185.6,162.16,2024,1,27
O101058,2024-01-27,P0012,C00504,S006,1,88.36,0.0,88.36,62.9,25.46,2024,1,27
O107002,2024-01-27,P0088,C00800,S008,2,5.57,0.0,11.14,8.62,2.52,2024,1,27
O102342,2024-01-27,P0092,C01097,S005,1,41.48,0.0,41.48,25.41,16.07,2024,1,27
O103133,2024-01-27,P0065,C00126,S001,1,776.21,0.05,737.4,385.54,351.86,2024,1,27
O105763,2024-01-27,P0036,C00177,S007,1,15.34,0.2,12.27,8.29,3.98,2024,1,27
O101655,2024-01-27,P0095,C00015,S003,1,118.84,0.05,112.9,78.17,34.73,2024,1,27
O103352,2024-01-28,P0089,C00730,S011,1,39.28,0.05,37.32,18.15,19.17,2024,1,28
O105685,2024-01-28,P0053,C01128,S004,1,51.37,0.0,51.37,32.27,19.1,2024,1,28
O105945,2024-01-28,P0074,C00146,S002,1,106.15,0.0,106.15,69.24,36.91,2024,1,28
O101461,2024-01-28,P0071,C00524,S011,5,9.68,0.0,48.4,36.9,11.5,2024,1,28
O108792,2024-01-28,P0096,C00178,S005,1,63.84,0.05,60.65,35.05,25.6,2024,1,28
O109229,2024-01-28,P0064,C00158,S002,1,12.06,0.0,12.06,5.48,6.58,2024,1,28
O102534,2024-01-28,P0050,C01100,S002,2,9.87,0.1,17.77,9.48,8.29,2024,1,28
O111930,2024-01-28,P0098,C00313,S004,1,37.83,0.0,37.83,29.0,8.83,2024,1,28
O103269,2024-01-28,P0050,C00923,S005,1,9.87,0.0,9.87,4.74,5.13,2024,1,28
O105184,2024-01-28,P0051,C00274,S001,2,32.14,0.0,64.28,32.04,32.24,2024,1,28
O104045,2024-01-29,P0095,C00791,S002,1,118.84,0.0,118.84,78.17,40.67,2024,1,29
O108248,2024-01-29,P0042,C00389,S005,2,9.86,0.1,17.75,12.46,5.29,2024,1,29
O105657,2024-01-29,P0025,C00578,S008,3,18.6,0.0,55.8,42.27,13.53,2024,1,29
O105625,2024-01-29,P0038,C00497,S002,1,42.19,0.0,42.19,29.31,12.88,2024,1,29
O106110,2024-01-29,P0067,C00693,S003,1,5.57,0.0,5.57,3.25,2.32,2024,1,29
O100381,2024-01-29,P0098,C01054,S008,1,37.83,0.05,35.94,29.0,6.94,2024,1,29
O104677,2024-01-29,P0017,C00754,S005,5,25.27,0.2,101.08,88.85,12.23,2024,1,29
O100856,2024-01-29,P0001,C01086,S009,1,132.87,0.0,132.87,107.4,25.47,2024,1,29
O107337,2024-01-29,P0013,C00886,S009,4,45.23,0.1,162.83,99.28,63.55,2024,1,29
O102266,2024-01-29,P0041,C00027,S009,1,246.7,0.05,234.36,134.73,99.63,2024,1,29
O110400,2024-01-29,P0066,C00211,S009,1,105.53,0.0,105.53,58.77,46.76,2024,1,29
O104323,2024-01-29,P0099,C00023,S002,1,5.01,0.2,4.01,2.77,1.24,2024,1,29
O101681,2024-01-29,P0063,C00783,S004,1,112.94,0.05,107.29,90.69,16.6,2024,1,29
O101261,2024-01-29,P0018,C00735,S012,10,34.43,0.2,275.44,264.9,10.54,2024,1,29
O104329,2024-01-29,P0009,C00372,S012,2,8.02,0.2,12.83,12.18,0.65,2024,1,29
O104333,2024-01-29,P0078,C01072,S010,2,18.31,0.0,36.62,25.68,10.94,2024,1,29
O107776,2024-01-29,P0072,C00754,S012,1,149.26,0.0,149.26,69.51,79.75,2024,1,29
O109598,2024-01-29,P0019,C00611,S010,1,138.62,0.0,138.62,68.15,70.47,2024,1,29
O102400,2024-01-29,P0045,C00514,S006,2,131.19,0.1,236.14,213.76,22.38,2024,1,29
O101205,2024-01-29,P0034,C01034,S006,1,84.19,0.0,84.19,69.04,15.15,2024,1,29
O111448,2024-01-29,P0041,C00254,S003,2,246.7,0.0,493.4,269.46,223.94,2024,1,29
O102202,2024-01-29,P0091,C00246,S011,2,35.24,0.1,63.43,37.34,26.09,2024,1,29
O102544,2024-01-29,P0090,C00980,S009,1,575.16,0.15,488.89,375.73,113.16,2024,1,29
O102459,2024-01-29,P0065,C01099,S009,2,776.21,0.0,1552.42,771.08,781.34,2024,1,29
O109271,2024-01-29,P0031,C00198,S007,2,104.43,0.1,187.97,128.36,59.61,2024,1,29
O111732,2024-01-29,P0072,C00248,S006,1,149.26,0.1,134.33,69.51,64.82,2024,1,29
O111243,2024-01-29,P0083,C01123,S006,3,85.03,0.05,242.34,134.37,107.97,2024,1,29
O107128,2024-01-30,P0009,C00875,S005,1,8.02,0.0,8.02,6.09,1.93,2024,1,30
O105222,2024-01-30,P0005,C00055,S009,3,15.5,0.0,46.5,36.21,10.29,2024,1,30
O102520,2024-01-30,P0053,C01153,S005,1,51.37,0.1,46.23,32.27,13.96,2024,1,30
O106756,2024-01-30,P0081,C01144,S011,1,143.09,0.0,143.09,110.0,33.09,2024,1,30
O101230,2024-01-30,P0040,C00675,S006,1,25.25,0.0,25.25,16.53,8.72,2024,1,30
O103494,2024-01-30,P0014,C00679,S002,10,13.14,0.0,131.4,61.3,70.1,2024,1,30
O108129,2024-01-30,P0011,C01045,S003,3,713.82,0.0,2141.46,1355.49,785.97,2024,1,30
O106022,2024-01-30,P0017,C00395,S002,3,25.27,0.05,72.02,53.31,18.71,2024,1,30
O101426,2024-01-30,P0024,C00365,S012,1,722.65,0.15,614.25,423.58,190.67,2024,1,30
O103318,2024-01-30,P0034,C00314,S010,1,84.19,0.0,84.19,69.04,15.15,2024,1,30
O103474,2024-01-30,P0007,C00102,S009,2,99.07,0.0,198.14,149.42,48.72,2024,1,30
O102452,2024-01-30,P0043,C00631,S006,4,11.09,0.0,44.36,23.24,21.12,2024,1,30
O107470,2024-01-30,P0097,C00927,S010,1,8.15,0.0,8.15,5.49,2.66,2024,1,30
O101214,2024-01-30,P0037,C00747,S008,2,61.48,0.0,122.96,96.2,26.76,2024,1,30
O100078,2024-01-30,P0063,C01061,S004,1,112.94,0.0,112.94,90.69,22.25,2024,1,30
O105434,2024-01-30,P0027,C00610,S001,1,55.97,0.2,44.78,29.57,15.21,2024,1,30
O109064,2024-01-31,P0014,C01091,S002,3,13.14,0.0,39.42,18.39,21.03,2024,1,31
O111134,2024-01-31,P0093,C00955,S005,1,13.08,0.0,13.08,9.16,3.92,2024,1,31
O100780,2024-01-31,P0026,C00728,S011,1,325.3,0.15,276.5,181.38,95.12,2024,1,31
O109260,2024-01-31,P0044,C00330,S009,1,136.64,0.05,129.81,115.68,14.13,2024,1,31
O109529,2024-01-31,P0003,C00436,S005,1,44.76,0.0,44.76,33.14,11.62,2024,1,31
O111854,2024-01-31,P0096,C00457,S002,1,63.84,0.0,63.84,35.05,28.79,2024,1,31
O100757,2024-01-31,P0039,C00917,S012,1,47.6,0.0,47.6,32.53,15.07,2024,1,31
O103782,2024-01-31,P0043,C00735,S011,3,11.09,0.0,33.27,17.43,15.84,2024,1,31
O107684,2024-01-31,P0076,C00140,S009,1,301.81,0.1,271.63,247.89,23.74,2024,1,31
O103953,2024-01-31,P0015,C00100,S005,1,36.03,0.0,36.03,18.61,17.42,2024,1,31
O107784,2024-01-31,P0056,C00321,S012,1,20.73,0.1,18.66,16.75,1.91,2024,1,31
O108874,2024-02-01,P0040,C00050,S007,2,25.25,0.1,45.45,33.06,12.39,2024,2,1
O107688,2024-02-01,P0002,C00368,S004,3,130.95,0.0,392.85,300.18,92.67,2024,2,1
O107292,2024-02-01,P0048,C00281,S005,3,113.33,0.15,288.99,247.65,41.34,2024,2,1
O100205,2024-02-01,P0073,C00079,S004,1,36.7,0.0,36.7,18.22,18.48,2024,2,1
O109181,2024-02-01,P0076,C00816,S001,1,301.81,0.0,301.81,247.89,53.92,2024,2,1
O107173,2024-02-01,P0055,C00153,S012,1,24.74,0.1,22.27,17.48,4.79,2024,2,1
O105632,2024-02-01,P0055,C01134,S001,2,24.74,0.05,47.01,34.96,12.05,2024,2,1
O111381,2024-02-01,P0067,C00649,S002,1,5.57,0.0,5.57,3.25,2.32,2024,2,1
O104216,2024-02-01,P0085,C00177,S004,1,34.17,0.0,34.17,27.5,6.67,2024,2,1
O108490,2024-02-01,P0019,C00616,S003,1,138.62,0.0,138.62,68.15,70.47,2024,2,1
O105583,2024-02-01,P0015,C00226,S003,3,36.03,0.0,108.09,55.83,52.26,2024,2,1
O102765,2024-02-01,P0046,C00352,S008,1,69.45,0.1,62.5,42.58,19.92,2024,2,1
O108019,2024-02-01,P0090,C00896,S009,5,575.16,0.0,2875.8,1878.65,997.15,2024,2,1
O107670,2024-02-01,P0001,C00568,S005,1,132.87,0.0,132.87,107.4,25.47,2024,2,1
O108423,2024-02-01,P0003,C00067,S007,2,44.76,0.0,89.52,66.28,23.24,2024,2,1
O110098,2024-02-01,P0099,C01191,S001,10,5.01,0.05,47.59,27.7,19.89,2024,2,1
O108519,2024-02-02,P0009,C00628,S011,1,8.02,0.0,8.02,6.09,1.93,2024,2,2
O107708,2024-02-02,P0059,C01012,S004,1,10.64,0.1,9.58,7.7,1.88,2024,2,2
O108846,2024-02-02,P0031,C00719,S006,1,104.43,0.05,99.21,64.18,35.03,2024,2,2
O109288,2024-02-02,P0088,C00540,S009,1,5.57,0.1,5.01,4.31,0.7,2024,2,2
O101513,2024-02-02,P0037,C00326,S006,1,61.48,0.0,61.48,48.1,13.38,2024,2,2
O110058,2024-02-02,P0011,C00149,S005,1,713.82,0.05,678.13,451.83,226.3,2024,2,2
O102845,2024-02-02,P0063,C01008,S005,1,112.94,0.0,112.94,90.69,22.25,2024,2,2
O101041,2024-02-02,P0001,C00045,S007,1,132.87,0.0,132.87,107.4,25.47,2024,2,2
O104363,2024-02-02,P0090,C00380,S011,3,575.16,0.05,1639.21,1127.19,512.02,2024,2,2
O104615,2024-02-02,P0029,C00192,S006,1,93.75,0.0,93.75,68.76,24.99,2024,2,2
O107592,2024-02-02,P0044,C00962,S008,1,136.64,0.0,136.64,115.68,20.96,2024,2,2
O110265,2024-02-02,P0087,C00936,S008,4,463.9,0.0,1855.6,1014.6,841.0,2024,2,2
O108770,2024-02-02,P0068,C01087,S011,1,100.31,0.05,95.29,81.38,13.91,2024,2,2
O108465,2024-02-02,P0088,C00546,S010,1,5.57,0.1,5.01,4.31,0.7,2024,2,2
O108986,2024-02-02,P0004,C00908,S009,1,29.55,0.0,29.55,14.48,15.07,2024,2,2
O107733,2024-02-02,P0034,C00918,S012,4,84.19,0.0,336.76,276.16,60.6,2024,2,2
O107946,2024-02-02,P0040,C00962,S004,1,25.25,0.0,25.25,16.53,8.72,2024,2,2
O100584,2024-02-02,P0008,C00075,S010,1,22.28,0.05,21.17,11.14,10.03,2024,2,2
O110079,2024-02-03,P0004,C00979,S012,1,29.55,0.0,29.55,14.48,15.07,2024,2,3
O111826,2024-02-03,P0032,C00583,S009,1,62.15,0.0,62.15,45.29,16.86,2024,2,3
O111377,2024-02-03,P0055,C00241,S001,5,24.74,0.15,105.14,87.4,17.74,2024,2,3
O105978,2024-02-03,P0078,C00517,S006,1,18.31,0.05,17.39,12.84,4.55,2024,2,3
O100804,2024-02-03,P0058,C00525,S002,1,123.22,0.1,110.9,59.47,51.43,2024,2,3
O102935,2024-02-03,P0035,C00957,S002,1,21.89,0.0,21.89,12.25,9.64,2024,2,3
O107447,2024-02-03,P0043,C00871,S007,1,11.09,0.1,9.98,5.81,4.17,2024,2,3
O107390,2024-02-03,P0049,C00929,S001,3,366.28,0.2,879.07,518.13,360.94,2024,2,3
O101863,2024-02-03,P0064,C00481,S007,3,12.06,0.0,36.18,16.44,19.74,2024,2,3
O109994,2024-02-03,P0054,C00488,S009,1,42.97,0.05,40.82,29.12,11.7,2024,2,3
O108260,2024-02-03,P0073,C01010,S004,1,36.7,0.1,33.03,18.22,14.81,2024,2,3
O109862,2024-02-03,P0068,C00298,S002,2,100.31,0.1,180.56,162.76,17.8,2024,2,3
O102072,2024-02-03,P0012,C00982,S006,2,88.36,0.1,159.05,125.8,33.25,2024,2,3
O110344,2024-02-03,P0076,C01165,S004,3,301.81,0.0,905.43,743.67,161.76,2024,2,3
O105838,2024-02-03,P0048,C00539,S004,1,113.33,0.0,113.33,82.55,30.78,2024,2,3
O111012,2024-02-03,P0095,C00097,S005,2,118.84,0.0,237.68,156.34,81.34,2024,2,3
O103965,2024-02-03,P0071,C00959,S007,1,9.68,0.15,8.23,7.38,0.85,2024,2,3
O101013,2024-02-03,P0095,C00480,S007,2,118.84,0.05,225.8,156.34,69.46,2024,2,3
O109324,2024-02-03,P0024,C00372,S002,1,722.65,0.0,722.65,423.58,299.07,2024,2,3
O100958,2024-02-04,P0003,C00079,S009,1,44.76,0.0,44.76,33.14,11.62,2024,2,4
O106624,2024-02-04,P0029,C00467,S004,1,93.75,0.0,93.75,68.76,24.99,2024,2,4
O107511,2024-02-04,P0069,C00072,S002,2,85.27,0.0,170.54,131.72,38.82,2024,2,4
O111711,2024-02-04,P0041,C00010,S012,1,246.7,0.1,222.03,134.73,87.3,2024,2,4
O103990,2024-02-04,P0026,C00625,S012,3,325.3,0.05,927.1,544.14,382.96,2024,2,4
O110903,2024-02-04,P0042,C01009,S010,1,9.86,0.0,9.86,6.23,3.63,2024,2,4
O111129,2024-02-04,P0024,C01190,S012,2,722.65,0.0,1445.3,847.16,598.14,2024,2,4
O104136,2024-02-04,P0043,C00119,S003,1,11.09,0.1,9.98,5.81,4.17,2024,2,4
O102268,2024-02-04,P0012,C00467,S002,1,88.36,0.1,79.52,62.9,16.62,2024,2,4
O111767,2024-02-04,P0038,C01165,S006,4,42.19,0.0,168.76,117.24,51.52,2024,2,4
O102507,2024-02-04,P0046,C01172,S008,1,69.45,0.05,65.98,42.58,23.4,2024,2,4
O100060,2024-02-04,P0037,C00377,S005,1,61.48,0.0,61.48,48.1,13.38,2024,2,4
O106386,2024-02-04,P0066,C00646,S006,1,105.53,0.0,105.53,58.77,46.76,2024,2,4
O106868,2024-02-04,P0077,C00554,S008,2,130.07,0.0,260.14,215.3,44.84,2024,2,4
O105855,2024-02-04,P0076,C00482,S010,1,301.81,0.0,301.81,247.89,53.92,2024,2,4
O106516,2024-02-04,P0003,C00259,S003,1,44.76,0.0,44.76,33.14,11.62,2024,2,4
O110389,2024-02-04,P0031,C00325,S002,1,104.43,0.0,104.43,64.18,40.25,2024,2,4
O103097,2024-02-04,P0050,C00720,S006,1,9.87,0.0,9.87,4.74,5.13,2024,2,4
O110906,2024-02-04,P0069,C00277,S012,1,85.27,0.1,76.74,65.86,10.88,2024,2,4
O103912,2024-02-05,P0005,C01143,S008,1,15.5,0.0,15.5,12.07,3.43,2024,2,5
O106894,2024-02-05,P0027,C00783,S003,2,55.97,0.05,106.34,59.14,47.2,2024,2,5
O100754,2024-02-05,P0092,C00481,S003,1,41.48,0.0,41.48,25.41,16.07,2024,2,5
O100796,2024-02-05,P0038,C00305,S007,1,42.19,0.0,42.19,29.31,12.88,2024,2,5
O100847,2024-02-05,P0034,C00866,S011,1,84.19,0.0,84.19,69.04,15.15,2024,2,5
O108959,2024-02-05,P0017,C00307,S007,2,25.27,0.0,50.54,35.54,15.0,2024,2,5
O103952,2024-02-05,P0074,C00204,S001,2,106.15,0.0,212.3,138.48,73.82,2024,2,5
O109920,2024-02-05,P0037,C00018,S012,2,61.48,0.2,98.37,96.2,2.17,2024,2,5
O100751,2024-02-05,P0012,C00338,S005,2,88.36,0.0,176.72,125.8,50.92,2024,2,5
O103705,2024-02-05,P0019,C00603,S006,1,138.62,0.0,138.62,68.15,70.47,2024,2,5
O111806,2024-02-05,P0055,C00880,S002,1,24.74,0.0,24.74,17.48,7.26,2024,2,5
O104966,2024-02-05,P0078,C01026,S009,1,18.31,0.0,18.31,12.84,5.47,2024,2,5
O100933,2024-02-05,P0021,C01125,S003,1,25.8,0.0,25.8,12.57,13.23,2024,2,5
O106898,2024-02-05,P0071,C00523,S005,1,9.68,0.0,9.68,7.38,2.3,2024,2,5
O103087,2024-02-05,P0056,C00782,S003,1,20.73,0.0,20.73,16.75,3.98,2024,2,5
O109020,2024-02-05,P0072,C00416,S012,5,149.26,0.1,671.67,347.55,324.12,2024,2,5
O109855,2024-02-05,P0051,C00187,S002,1,32.14,0.2,25.71,16.02,9.69,2024,2,5
O109769,2024-02-05,P0067,C00346,S003,1,5.57,0.0,5.57,3.25,2.32,2024,2,5
O103174,2024-02-05,P0079,C00964,S011,1,120.53,0.05,114.5,93.1,21.4,2024,2,5
O108149,2024-02-05,P0004,C00541,S012,2,29.55,0.0,59.1,28.96,30.14,2024,2,5
O101580,2024-02-05,P0082,C00819,S012,1,28.43,0.05,27.01,21.73,5.28,2024,2,5
O111846,2024-02-05,P0001,C00853,S001,1,132.87,0.0,132.87,107.4,25.47,2024,2,5
O101581,2024-02-05,P0069,C00491,S008,1,85.27,0.15,72.48,65.86,6.62,2024,2,5
O102717,2024-02-05,P0059,C00811,S004,1,10.64,0.0,10.64,7.7,2.94,2024,2,5
O108522,2024-02-05,P0037,C00118,S002,1,61.48,0.1,55.33,48.1,7.23,2024,2,5
O107623,2024-02-05,P0009,C00169,S002,2,8.02,0.0,16.04,12.18,3.86,2024,2,5
O104872,2024-02-05,P0049,C00173,S005,1,366.28,0.05,347.97,172.71,175.26,2024,2,5
O111376,2024-02-05,P0012,C00313,S010,1,88.36,0.05,83.94,62.9,21.04,2024,2,5
O111430,2024-02-05,P0037,C00382,S005,3,61.48,0.0,184.44,144.3,40.14,2024,2,5
O102655,2024-02-06,P0006,C00835,S005,1,74.01,0.0,74.01,43.08,30.93,2024,2,6
O101574,2024-02-06,P0041,C00089,S003,4,246.7,0.1,888.12,538.92,349.2,2024,2,6
O101568,2024-02-06,P0047,C00608,S003,3,125.46,0.15,319.92,179.7,140.22,2024,2,6
O103112,2024-02-06,P0059,C00001,S001,4,10.64,0.0,42.56,30.8,11.76,2024,2,6
O104826,2024-02-06,P0081,C00388,S008,1,143.09,0.1,128.78,110.0,18.78,2024,2,6
O109143,2024-02-06,P0076,C00908,S012,1,301.81,0.0,301.81,247.89,53.92,2024,2,6
O103580,2024-02-06,P0051,C00110,S004,2,32.14,0.0,64.28,32.04,32.24,2024,2,6
O100303,2024-02-06,P0048,C01160,S007,2,113.33,0.05,215.33,165.1,50.23,2024,2,6
O110844,2024-02-06,P0016,C00509,S001,1,547.4,0.2,437.92,397.41,40.51,2024,2,6
O108157,2024-02-06,P0076,C00198,S003,1,301.81,0.0,301.81,247.89,53.92,2024,2,6
O105926,2024-02-06,P0006,C00261,S004,1,74.01,0.0,74.01,43.08,30.93,2024,2,6
O111052,2024-02-06,P0089,C00671,S010,1,39.28,0.05,37.32,18.15,19.17,2024,2,6
O109796,2024-02-07,P0058,C00595,S002,1,123.22,0.05,117.06,59.47,57.59,2024,2,7
O100189,2024-02-07,P0079,C00207,S008,1,120.53,0.0,120.53,93.1,27.43,2024,2,7
O100862,2024-02-07,P0097,C00239,S008,2,8.15,0.0,16.3,10.98,5.32,2024,2,7
O103581,2024-02-07,P0095,C00657,S007,2,118.84,0.05,225.8,156.34,69.46,2024,2,7
O108474,2024-02-07,P0041,C00978,S008,1,246.7,0.15,209.7,134.73,74.97,2024,2,7
O111625,2024-02-07,P0031,C00998,S010,2,104.43,0.0,208.86,128.36,80.5,2024,2,7
O107759,2024-02-07,P0037,C00578,S003,10,61.48,0.0,614.8,481.0,133.8,2024,2,7
O103252,2024-02-07,P0088,C00912,S009,3,5.57,0.0,16.71,12.93,3.78,2024,2,7
O103850,2024-02-07,P0033,C00348,S004,1,47.81,0.0,47.81,31.21,16.6,2024,2,7
O109051,2024-02-07,P0022,C00043,S003,3,42.03,0.05,119.79,90.42,29.37,2024,2,7
O105220,2024-02-07,P0050,C00782,S003,3,9.87,0.1,26.65,14.22,12.43,2024,2,7
O106344,2024-02-07,P0100,C00704,S004,2,142.46,0.15,242.18,182.28,59.9,2024,2,7
O103091,2024-02-07,P0034,C00538,S010,1,84.19,0.0,84.19,69.04,15.15,2024,2,7
O108718,2024-02-07,P0037,C00468,S004,2,61.48,0.0,122.96,96.2,26.76,2024,2,7
O111788,2024-02-07,P0063,C00586,S001,1,112.94,0.0,112.94,90.69,22.25,2024,2,7
O103387,2024-02-07,P0099,C01084,S010,1,5.01,0.0,5.01,2.77,2.24,2024,2,7
O109158,2024-02-07,P0073,C00885,S012,1,36.7,0.05,34.86,18.22,16.64,2024,2,7
O101590,2024-02-08,P0084,C00212,S011,2,17.53,0.05,33.31,28.22,5.09,2024,2,8
O105593,2024-02-08,P0047,C00004,S004,1,125.46,0.0,125.46,59.9,65.56,2024,2,8
O109600,2024-02-08,P0084,C00755,S002,1,17.53,0.1,15.78,14.11,1.67,2024,2,8
O105000,2024-02-08,P0038,C00049,S011,3,42.19,0.0,126.57,87.93,38.64,2024,2,8
O111791,2024-02-08,P0078,C00843,S003,1,18.31,0.0,18.31,12.84,5.47,2024,2,8
O107890,2024-02-08,P0092,C00962,S005,1,41.48,0.0,41.48,25.41,16.07,2024,2,8
O111892,2024-02-08,P0094,C00915,S005,1,21.21,0.05,20.15,12.17,7.98,2024,2,8
O107423,2024-02-08,P0058,C00072,S012,1,123.22,0.0,123.22,59.47,63.75,2024,2,8
O102381,2024-02-08,P0008,C00725,S010,10,22.28,0.0,222.8,111.4,111.4,2024,2,8
O105573,2024-02-08,P0041,C00442,S002,1,246.7,0.0,246.7,134.73,111.97,2024,2,8
O101698,2024-02-08,P0003,C00873,S006,2,44.76,0.0,89.52,66.28,23.24,2024,2,8
O104005,2024-02-08,P0076,C01049,S004,2,301.81,0.1,543.26,495.78,47.48,2024,2,8
O107019,2024-02-08,P0049,C00534,S005,2,366.28,0.0,732.56,345.42,387.14,2024,2,8
O101986,2024-02-08,P0076,C00446,S010,1,301.81,0.0,301.81,247.89,53.92,2024,2,8
O109423,2024-02-08,P0023,C00895,S012,1,818.22,0.0,818.22,630.15,188.07,2024,2,8
O101203,2024-02-09,P0098,C00551,S012,2,37.83,0.0,75.66,58.0,17.66,2024,2,9
O110974,2024-02-09,P0081,C01044,S006,10,143.09,0.1,1287.81,1100.0,187.81,2024,2,9
O108057,2024-02-09,P0039,C00421,S002,3,47.6,0.0,142.8,97.59,45.21,2024,2,9
O109456,2024-02-09,P0070,C00483,S001,4,27.07,0.0,108.28,57.0,51.28,2024,2,9
O107577,2024-02-09,P0031,C00095,S001,1,104.43,0.1,93.99,64.18,29.81,2024,2,9
O102027,2024-02-09,P0042,C00871,S011,2,9.86,0.0,19.72,12.46,7.26,2024,2,9
O102052,2024-02-09,P0073,C00542,S002,1,36.7,0.0,36.7,18.22,18.48,2024,2,9
O111112,2024-02-09,P0043,C00488,S007,1,11.09,0.05,10.54,5.81,4.73,2024,2,9
O104388,2024-02-09,P0051,C00615,S004,2,32.14,0.15,54.64,32.04,22.6,2024,2,9
O100999,2024-02-09,P0051,C00646,S010,1,32.14,0.0,32.14,16.02,16.12,2024,2,9
O107546,2024-02-09,P0082,C00089,S006,1,28.43,0.05,27.01,21.73,5.28,2024,2,9
O109015,2024-02-09,P0097,C00194,S007,1,8.15,0.0,8.15,5.49,2.66,2024,2,9
O110661,2024-02-09,P0017,C00285,S009,3,25.27,0.0,75.81,53.31,22.5,2024,2,9
O108715,2024-02-09,P0068,C00779,S003,1,100.31,0.0,100.31,81.38,18.93,2024,2,9
O102357,2024-02-09,P0062,C00121,S010,2,39.06,0.1,70.31,35.7,34.61,2024,2,9
O100147,2024-02-09,P0090,C00730,S003,1,575.16,0.05,546.4,375.73,170.67,2024,2,9
O110309,2024-02-09,P0019,C00960,S007,2,138.62,0.0,277.24,136.3,140.94,2024,2,9
O109960,2024-02-09,P0053,C00531,S010,3,51.37,0.0,154.11,96.81,57.3,2024,2,9
O101525,2024-02-09,P0049,C00379,S004,4,366.28,0.05,1391.86,690.84,701.02,2024,2,9
O103058,2024-02-10,P0075,C00565,S009,1,10.1,0.05,9.59,7.49,2.1,2024,2,10
O108426,2024-02-10,P0066,C00005,S009,1,105.53,0.0,105.53,58.77,46.76,2024,2,10
O109712,2024-02-10,P0042,C00907,S009,1,9.86,0.0,9.86,6.23,3.63,2024,2,10
O102631,2024-02-10,P0035,C00182,S005,3,21.89,0.0,65.67,36.75,28.92,2024,2,10
O100612,2024-02-10,P0069,C00236,S006,10,85.27,0.0,852.7,658.6,194.1,2024,2,10
O104918,2024-02-10,P0100,C00644,S011,1,142.46,0.05,135.34,91.14,44.2,2024,2,10
O108691,2024-02-10,P0002,C01092,S001,1,130.95,0.0,130.95,100.06,30.89,2024,2,10
O109502,2024-02-10,P0054,C00363,S011,1,42.97,0.0,42.97,29.12,13.85,2024,2,10
O107244,2024-02-10,P0045,C00573,S005,1,131.19,0.05,124.63,106.88,17.75,2024,2,10
O106458,2024-02-10,P0089,C01138,S002,1,39.28,0.1,35.35,18.15,17.2,2024,2,10
O108352,2024-02-10,P0061,C00738,S008,1,86.94,0.0,86.94,46.4,40.54,2024,2,10
O108392,2024-02-10,P0096,C00478,S005,1,63.84,0.0,63.84,35.05,28.79,2024,2,10
O106317,2024-02-10,P0029,C00822,S003,1,93.75,0.0,93.75,68.76,24.99,2024,2,10
O105734,2024-02-10,P0098,C00481,S004,1,37.83,0.0,37.83,29.0,8.83,2024,2,10
O105898,2024-02-10,P0035,C00441,S007,1,21.89,0.0,21.89,12.25,9.64,2024,2,10
O105544,2024-02-10,P0071,C00561,S008,3,9.68,0.1,26.14,22.14,4.0,2024,2,10
O100240,2024-02-10,P0064,C00410,S010,1,12.06,0.0,12.06,5.48,6.58,2024,2,10
O111522,2024-02-10,P0082,C01101,S011,5,28.43,0.0,142.15,108.65,33.5,2024,2,10
O106767,2024-02-11,P0045,C01130,S001,10,131.19,0.0,1311.9,1068.8,243.1,2024,2,11
O103533,2024-02-11,P0028,C00669,S004,3,453.33,0.05,1291.99,761.88,530.11,2024,2,11
O108453,2024-02-11,P0095,C00430,S007,1,118.84,0.0,118.84,78.17,40.67,2024,2,11
O109969,2024-02-11,P0005,C00550,S008,10,15.5,0.2,124.0,120.7,3.3,2024,2,11
O101641,2024-02-11,P0044,C00143,S006,1,136.64,0.0,136.64,115.68,20.96,2024,2,11
O105008,2024-02-11,P0061,C01104,S003,1,86.94,0.0,86.94,46.4,40.54,2024,2,11
O111072,2024-02-11,P0080,C01015,S008,1,20.59,0.05,19.56,13.94,5.62,2024,2,11
O100902,2024-02-11,P0044,C00101,S012,10,136.64,0.0,1366.4,1156.8,209.6,2024,2,11
O111457,2024-02-11,P0084,C00765,S003,1,17.53,0.0,17.53,14.11,3.42,2024,2,11
O107126,2024-02-11,P0028,C01074,S004,1,453.33,0.0,453.33,253.96,199.37,2024,2,11
O102859,2024-02-11,P0038,C00809,S001,3,42.19,0.0,126.57,87.93,38.64,2024,2,11
O104934,2024-02-12,P0081,C00779,S004,3,143.09,0.0,429.27,330.0,99.27,2024,2,12
O100697,2024-02-12,P0033,C00592,S004,1,47.81,0.05,45.42,31.21,14.21,2024,2,12
O104850,2024-02-12,P0044,C00314,S012,1,136.64,0.1,122.98,115.68,7.3,2024,2,12
O111648,2024-02-12,P0036,C00680,S011,1,15.34,0.05,14.57,8.29,6.28,2024,2,12
O111537,2024-02-12,P0063,C00905,S008,2,112.94,0.0,225.88,181.38,44.5,2024,2,12
O111130,2024-02-12,P0062,C00656,S006,1,39.06,0.0,39.06,17.85,21.21,2024,2,12
O102713,2024-02-12,P0006,C00051,S009,2,74.01,0.1,133.22,86.16,47.06,2024,2,12
O105286,2024-02-12,P0051,C00622,S009,3,32.14,0.05,91.6,48.06,43.54,2024,2,12
O105640,2024-02-12,P0021,C00465,S012,2,25.8,0.1,46.44,25.14,21.3,2024,2,12
O109867,2024-02-12,P0018,C00714,S005,2,34.43,0.0,68.86,52.98,15.88,2024,2,12
O107568,2024-02-12,P0038,C00764,S009,2,42.19,0.05,80.16,58.62,21.54,2024,2,12
O105612,2024-02-12,P0069,C00227,S003,2,85.27,0.0,170.54,131.72,38.82,2024,2,12
O104263,2024-02-12,P0096,C00112,S007,3,63.84,0.1,172.37,105.15,67.22,2024,2,12
O101158,2024-02-12,P0035,C00738,S008,4,21.89,0.0,87.56,49.0,38.56,2024,2,12
O101262,2024-02-12,P0058,C00980,S009,2,123.22,0.15,209.47,118.94,90.53,2024,2,12
O103289,2024-02-12,P0042,C01112,S004,1,9.86,0.1,8.87,6.23,2.64,2024,2,12
O108593,2024-02-12,P0099,C00278,S003,1,5.01,0.05,4.76,2.77,1.99,2024,2,12
O102257,2024-02-12,P0063,C00483,S002,2,112.94,0.0,225.88,181.38,44.5,2024,2,12
O107110,2024-02-12,P0007,C00082,S006,1,99.07,0.05,94.12,74.71,19.41,2024,2,12
O106827,2024-02-12,P0022,C00251,S010,10,42.03,0.0,420.3,301.4,118.9,2024,2,12
O101289,2024-02-12,P0049,C01019,S002,1,366.28,0.0,366.28,172.71,193.57,2024,2,12
O111277,2024-02-12,P0080,C00797,S004,1,20.59,0.0,20.59,13.94,6.65,2024,2,12
O106036,2024-02-12,P0014,C00970,S011,2,13.14,0.0,26.28,12.26,14.02,2024,2,12
O102842,2024-02-13,P0016,C00916,S003,3,547.4,0.2,1313.76,1192.23,121.53,2024,2,13
O104875,2024-02-13,P0083,C01077,S011,1,85.03,0.1,76.53,44.79,31.74,2024,2,13
O105503,2024-02-13,P0036,C00345,S011,1,15.34,0.0,15.34,8.29,7.05,2024,2,13
O100828,2024-02-13,P0041,C00949,S005,1,246.7,0.0,246.7,134.73,111.97,2024,2,13
O103784,2024-02-13,P0082,C00197,S006,1,28.43,0.2,22.74,21.73,1.01,2024,2,13
O105801,2024-02-13,P0005,C00872,S001,1,15.5,0.0,15.5,12.07,3.43,2024,2,13
O100900,2024-02-13,P0041,C00148,S001,1,246.7,0.1,222.03,134.73,87.3,2024,2,13
O111754,2024-02-13,P0086,C00419,S003,3,310.61,0.0,931.83,479.07,452.76,2024,2,13
O107739,2024-02-13,P0074,C00385,S010,2,106.15,0.05,201.68,138.48,63.2,2024,2,13
O111356,2024-02-13,P0057,C01122,S002,1,157.4,0.0,157.4,131.61,25.79,2024,2,13
O101375,2024-02-13,P0030,C00042,S009,2,41.4,0.0,82.8,50.42,32.38,2024,2,13
O106576,2024-02-13,P0053,C00622,S008,1,51.37,0.15,43.66,32.27,11.39,2024,2,13
O107028,2024-02-13,P0081,C00111,S010,1,143.09,0.05,135.94,110.0,25.94,2024,2,13
O105091,2024-02-13,P0025,C00315,S012,2,18.6,0.05,35.34,28.18,7.16,2024,2,13
O109510,2024-02-13,P0051,C00530,S005,5,32.14,0.05,152.66,80.1,72.56,2024,2,13
O104150,2024-02-13,P0027,C00746,S002,2,55.97,0.0,111.94,59.14,52.8,2024,2,13
O106172,2024-02-13,P0038,C00287,S012,1,42.19,0.0,42.19,29.31,12.88,2024,2,13
O103380,2024-02-14,P0047,C01136,S002,2,125.46,0.15,213.28,119.8,93.48,2024,2,14
O109684,2024-02-14,P0088,C00578,S011,1,5.57,0.0,5.57,4.31,1.26,2024,2,14
O101417,2024-02-14,P0095,C00582,S007,2,118.84,0.0,237.68,156.34,81.34,2024,2,14
O100491,2024-02-14,P0088,C00382,S006,2,5.57,0.1,10.03,8.62,1.41,2024,2,14
O106039,2024-02-14,P0033,C00502,S007,1,47.81,0.0,47.81,31.21,16.6,2024,2,14
O106610,2024-02-14,P0022,C00216,S003,4,42.03,0.2,134.5,120.56,13.94,2024,2,14
O101788,2024-02-14,P0077,C00121,S004,10,130.07,0.05,1235.66,1076.5,159.16,2024,2,14
O102070,2024-02-14,P0060,C00434,S006,2,80.71,0.0,161.42,102.5,58.92,2024,2,14
O108137,2024-02-14,P0051,C00837,S011,2,32.14,0.0,64.28,32.04,32.24,2024,2,14
O110875,2024-02-14,P0045,C00512,S005,2,131.19,0.0,262.38,213.76,48.62,2024,2,14
O110867,2024-02-14,P0076,C00251,S007,1,301.81,0.15,256.54,247.89,8.65,2024,2,14
O103499,2024-02-14,P0064,C00450,S010,1,12.06,0.05,11.46,5.48,5.98,2024,2,14
O105587,2024-02-14,P0012,C01111,S004,1,88.36,0.0,88.36,62.9,25.46,2024,2,14
O103245,2024-02-14,P0020,C00869,S010,1,30.45,0.0,30.45,20.59,9.86,2024,2,14
O105935,2024-02-14,P0026,C01153,S003,1,325.3,0.15,276.5,181.38,95.12,2024,2,14
O107170,2024-02-14,P0048,C00624,S002,2,113.33,0.0,226.66,165.1,61.56,2024,2,14
O111475,2024-02-15,P0039,C00188,S012,1,47.6,0.2,38.08,32.53,5.55,2024,2,15
O106866,2024-02-15,P0015,C01057,S012,1,36.03,0.1,32.43,18.61,13.82,2024,2,15
O105906,2024-02-15,P0075,C01193,S007,2,10.1,0.0,20.2,14.98,5.22,2024,2,15
O108386,2024-02-15,P0078,C00340,S001,1,18.31,0.2,14.65,12.84,1.81,2024,2,15
O102651,2024-02-15,P0015,C00758,S002,1,36.03,0.0,36.03,18.61,17.42,2024,2,15
O100602,2024-02-15,P0071,C01010,S012,1,9.68,0.05,9.2,7.38,1.82,2024,2,15
O102810,2024-02-15,P0095,C00467,S009,5,118.84,0.0,594.2,390.85,203.35,2024,2,15
O102269,2024-02-15,P0051,C00426,S007,2,32.14,0.0,64.28,32.04,32.24,2024,2,15
O108926,2024-02-15,P0056,C00036,S010,3,20.73,0.1,55.97,50.25,5.72,2024,2,15
O107064,2024-02-15,P0084,C01037,S002,4,17.53,0.1,63.11,56.44,6.67,2024,2,15
O105512,2024-02-15,P0013,C00842,S008,1,45.23,0.0,45.23,24.82,20.41,2024,2,15
O105522,2024-02-15,P0068,C00063,S012,3,100.31,0.0,300.93,244.14,56.79,2024,2,15
O109809,2024-02-15,P0004,C00785,S003,4,29.55,0.1,106.38,57.92,48.46,2024,2,15
O102126,2024-02-15,P0094,C00804,S011,2,21.21,0.0,42.42,24.34,18.08,2024,2,15
O105770,2024-02-15,P0094,C00912,S001,2,21.21,0.1,38.18,24.34,13.84,2024,2,15
O104950,2024-02-15,P0006,C00291,S005,1,74.01,0.1,66.61,43.08,23.53,2024,2,15
O108652,2024-02-16,P0056,C00709,S003,3,20.73,0.05,59.08,50.25,8.83,2024,2,16
O100023,2024-02-16,P0018,C00567,S008,2,34.43,0.0,68.86,52.98,15.88,2024,2,16
O107311,2024-02-16,P0016,C00228,S008,1,547.4,0.0,547.4,397.41,149.99,2024,2,16
O110457,2024-02-16,P0016,C00208,S012,1,547.4,0.05,520.03,397.41,122.62,2024,2,16
O104619,2024-02-16,P0001,C00060,S009,4,132.87,0.0,531.48,429.6,101.88,2024,2,16
O107793,2024-02-16,P0075,C01002,S001,1,10.1,0.05,9.59,7.49,2.1,2024,2,16
O102007,2024-02-16,P0022,C00336,S001,2,42.03,0.0,84.06,60.28,23.78,2024,2,16
O101385,2024-02-16,P0050,C00158,S004,2,9.87,0.05,18.75,9.48,9.27,2024,2,16
O105664,2024-02-16,P0062,C00722,S012,2,39.06,0.0,78.12,35.7,42.42,2024,2,16
O100371,2024-02-16,P0021,C00407,S004,1,25.8,0.0,25.8,12.57,13.23,2024,2,16
O101009,2024-02-16,P0067,C00640,S001,2,5.57,0.15,9.47,6.5,2.97,2024,2,16
O106511,2024-02-16,P0013,C01021,S009,2,45.23,0.0,90.46,49.64,40.82,2024,2,16
O107722,2024-02-16,P0067,C00170,S011,5,5.57,0.0,27.85,16.25,11.6,2024,2,16
O107514,2024-02-16,P0005,C00597,S010,3,15.5,0.15,39.52,36.21,3.31,2024,2,16
O111709,2024-02-16,P0003,C00019,S005,2,44.76,0.0,89.52,66.28,23.24,2024,2,16
O102862,2024-02-16,P0096,C00298,S005,1,63.84,0.1,57.46,35.05,22.41,2024,2,16
O111952,2024-02-16,P0068,C00928,S003,1,100.31,0.0,100.31,81.38,18.93,2024,2,16
O106907,2024-02-16,P0038,C00344,S012,2,42.19,0.0,84.38,58.62,25.76,2024,2,16
O111217,2024-02-17,P0047,C00339,S012,2,125.46,0.0,250.92,119.8,131.12,2024,2,17
O103364,2024-02-17,P0048,C00147,S005,1,113.33,0.1,102.0,82.55,19.45,2024,2,17
O111602,2024-02-17,P0088,C01101,S008,2,5.57,0.0,11.14,8.62,2.52,2024,2,17
O105163,2024-02-17,P0033,C00161,S006,1,47.81,0.0,47.81,31.21,16.6,2024,2,17
O111435,2024-02-17,P0035,C00689,S012,1,21.89,0.2,17.51,12.25,5.26,2024,2,17
O105857,2024-02-17,P0006,C00404,S011,2,74.01,0.0,148.02,86.16,61.86,2024,2,17
O111595,2024-02-17,P0014,C00762,S009,1,13.14,0.05,12.48,6.13,6.35,2024,2,17
O108123,2024-02-17,P0070,C01026,S006,1,27.07,0.0,27.07,14.25,12.82,2024,2,17
O110083,2024-02-17,P0015,C00942,S001,2,36.03,0.1,64.85,37.22,27.63,2024,2,17
O102392,2024-02-17,P0062,C00819,S012,2,39.06,0.05,74.21,35.7,38.51,2024,2,17
O103099,2024-02-17,P0040,C00659,S009,2,25.25,0.0,50.5,33.06,17.44,2024,2,17
O105030,2024-02-17,P0033,C00748,S012,2,47.81,0.0,95.62,62.42,33.2,2024,2,17
O101870,2024-02-17,P0081,C00827,S005,1,143.09,0.0,143.09,110.0,33.09,2024,2,17
O103852,2024-02-17,P0089,C00928,S007,2,39.28,0.1,70.7,36.3,34.4,2024,2,17
O110913,2024-02-17,P0021,C00824,S001,1,25.8,0.15,21.93,12.57,9.36,2024,2,17
O103550,2024-02-17,P0022,C00413,S004,2,42.03,0.15,71.45,60.28,11.17,2024,2,17
O105341,2024-02-17,P0099,C00121,S002,1,5.01,0.0,5.01,2.77,2.24,2024,2,17
O108764,2024-02-17,P0014,C00112,S007,2,13.14,0.0,26.28,12.26,14.02,2024,2,17
O107403,2024-02-18,P0084,C00450,S006,2,17.53,0.0,35.06,28.22,6.84,2024,2,18
O107435,2024-02-18,P0057,C00890,S002,1,157.4,0.05,149.53,131.61,17.92,2024,2,18
O109301,2024-02-18,P0030,C00717,S009,1,41.4,0.0,41.4,25.21,16.19,2024,2,18
O110205,2024-02-18,P0094,C01085,S001,1,21.21,0.05,20.15,12.17,7.98,2024,2,18
O104028,2024-02-18,P0039,C00654,S002,1,47.6,0.0,47.6,32.53,15.07,2024,2,18
O107288,2024-02-18,P0012,C00088,S010,1,88.36,0.0,88.36,62.9,25.46,2024,2,18
O106347,2024-02-18,P0069,C00920,S011,1,85.27,0.0,85.27,65.86,19.41,2024,2,18
O105928,2024-02-18,P0098,C00166,S004,2,37.83,0.05,71.88,58.0,13.88,2024,2,18
O109459,2024-02-18,P0041,C00756,S002,2,246.7,0.0,493.4,269.46,223.94,2024,2,18
O100688,2024-02-18,P0089,C01138,S008,1,39.28,0.0,39.28,18.15,21.13,2024,2,18
O100734,2024-02-18,P0091,C00986,S006,4,35.24,0.1,126.86,74.68,52.18,2024,2,18
O111830,2024-02-18,P0083,C00174,S001,2,85.03,0.0,170.06,89.58,80.48,2024,2,18
O106729,2024-02-18,P0066,C00552,S007,2,105.53,0.0,211.06,117.54,93.52,2024,2,18
O106666,2024-02-18,P0041,C00867,S007,3,246.7,0.2,592.08,404.19,187.89,2024,2,18
O101636,2024-02-18,P0057,C00386,S006,10,157.4,0.0,1574.0,1316.1,257.9,2024,2,18
O109563,2024-02-18,P0080,C00165,S006,4,20.59,0.0,82.36,55.76,26.6,2024,2,18
O111266,2024-02-18,P0091,C00811,S006,1,35.24,0.0,35.24,18.67,16.57,2024,2,18
O110417,2024-02-18,P0025,C00085,S009,2,18.6,0.05,35.34,28.18,7.16,2024,2,18
O103916,2024-02-19,P0047,C00758,S009,1,125.46,0.0,125.46,59.9,65.56,2024,2,19
O111636,2024-02-19,P0090,C00397,S003,3,575.16,0.0,1725.48,1127.19,598.29,2024,2,19
O110999,2024-02-19,P0063,C00501,S006,1,112.94,0.15,96.0,90.69,5.31,2024,2,19
O103579,2024-02-19,P0072,C00113,S007,1,149.26,0.05,141.8,69.51,72.29,2024,2,19
O107120,2024-02-19,P0038,C00487,S010,1,42.19,0.0,42.19,29.31,12.88,2024,2,19
O102905,2024-02-19,P0042,C00297,S011,2,9.86,0.0,19.72,12.46,7.26,2024,2,19
O110798,2024-02-19,P0021,C00958,S005,1,25.8,0.15,21.93,12.57,9.36,2024,2,19
O109665,2024-02-19,P0079,C00848,S004,5,120.53,0.0,602.65,465.5,137.15,2024,2,19
O102666,2024-02-19,P0077,C01169,S008,4,130.07,0.05,494.27,430.6,63.67,2024,2,19
O101201,2024-02-19,P0069,C00750,S008,2,85.27,0.0,170.54,131.72,38.82,2024,2,19
O109306,2024-02-19,P0081,C00496,S003,2,143.09,0.0,286.18,220.0,66.18,2024,2,19
O109467,2024-02-19,P0080,C00884,S011,5,20.59,0.15,87.51,69.7,17.81,2024,2,19
O111813,2024-02-19,P0051,C00414,S006,1,32.14,0.0,32.14,16.02,16.12,2024,2,19
O105650,2024-02-19,P0096,C01109,S005,2,63.84,0.0,127.68,70.1,57.58,2024,2,19
O111605,2024-02-19,P0003,C00360,S010,1,44.76,0.0,44.76,33.14,11.62,2024,2,19
O110271,2024-02-19,P0100,C01114,S008,1,142.46,0.05,135.34,91.14,44.2,2024,2,19
O106125,2024-02-20,P0083,C01178,S005,1,85.03,0.0,85.03,44.79,40.24,2024,2,20
O101938,2024-02-20,P0025,C00104,S008,2,18.6,0.0,37.2,28.18,9.02,2024,2,20
O109715,2024-02-20,P0062,C00975,S010,3,39.06,0.15,99.6,53.55,46.05,2024,2,20
O106777,2024-02-20,P0066,C00790,S010,1,105.53,0.0,105.53,58.77,46.76,2024,2,20
O107079,2024-02-20,P0037,C00621,S005,2,61.48,0.0,122.96,96.2,26.76,2024,2,20
O108485,2024-02-20,P0090,C00902,S007,2,575.16,0.0,1150.32,751.46,398.86,2024,2,20
O110288,2024-02-20,P0095,C00294,S011,1,118.84,0.1,106.96,78.17,28.79,2024,2,20
O107727,2024-02-20,P0055,C00429,S009,2,24.74,0.0,49.48,34.96,14.52,2024,2,20
O110224,2024-02-20,P0098,C00638,S007,5,37.83,0.0,189.15,145.0,44.15,2024,2,20
O111320,2024-02-20,P0024,C01154,S001,1,722.65,0.0,722.65,423.58,299.07,2024,2,20
O101695,2024-02-20,P0042,C00389,S012,1,9.86,0.1,8.87,6.23,2.64,2024,2,20
O110644,2024-02-20,P0005,C00267,S007,10,15.5,0.05,147.25,120.7,26.55,2024,2,20
O100689,2024-02-20,P0082,C00674,S010,1,28.43,0.0,28.43,21.73,6.7,2024,2,20
O109699,2024-02-20,P0016,C00351,S009,2,547.4,0.1,985.32,794.82,190.5,2024,2,20
O108741,2024-02-20,P0097,C00087,S002,2,8.15,0.05,15.48,10.98,4.5,2024,2,20
O107257,2024-02-21,P0034,C00949,S002,1,84.19,0.0,84.19,69.04,15.15,2024,2,21
O101827,2024-02-21,P0048,C00413,S005,1,113.33,0.0,113.33,82.55,30.78,2024,2,21
O100085,2024-02-21,P0075,C00115,S002,1,10.1,0.0,10.1,7.49,2.61,2024,2,21
O111016,2024-02-21,P0015,C00090,S011,2,36.03,0.0,72.06,37.22,34.84,2024,2,21
O105048,2024-02-21,P0053,C01019,S005,1,51.37,0.2,41.1,32.27,8.83,2024,2,21
O107957,2024-02-21,P0015,C00763,S011,1,36.03,0.0,36.03,18.61,17.42,2024,2,21
O104988,2024-02-21,P0087,C00637,S005,2,463.9,0.0,927.8,507.3,420.5,2024,2,21
O101910,2024-02-21,P0002,C00954,S003,1,130.95,0.0,130.95,100.06,30.89,2024,2,21
O105807,2024-02-21,P0052,C00719,S002,1,97.55,0.0,97.55,61.47,36.08,2024,2,21
O110163,2024-02-21,P0013,C00503,S008,2,45.23,0.0,90.46,49.64,40.82,2024,2,21
O111335,2024-02-21,P0088,C00507,S003,1,5.57,0.2,4.46,4.31,0.15,2024,2,21
O100104,2024-02-21,P0098,C00238,S010,2,37.83,0.0,75.66,58.0,17.66,2024,2,21
O110823,2024-02-21,P0020,C00283,S010,1,30.45,0.0,30.45,20.59,9.86,2024,2,21
O111004,2024-02-21,P0022,C00929,S010,1,42.03,0.0,42.03,30.14,11.89,2024,2,21
O106251,2024-02-21,P0068,C00746,S001,4,100.31,0.0,401.24,325.52,75.72,2024,2,21
O100285,2024-02-21,P0056,C00570,S007,3,20.73,0.1,55.97,50.25,5.72,2024,2,21
O106019,2024-02-21,P0033,C00376,S002,1,47.81,0.05,45.42,31.21,14.21,2024,2,21
O102956,2024-02-21,P0025,C00631,S001,1,18.6,0.0,18.6,14.09,4.51,2024,2,21
O108649,2024-02-21,P0097,C01107,S003,1,8.15,0.1,7.34,5.49,1.85,2024,2,21
O109010,2024-02-21,P0007,C00535,S001,1,99.07,0.15,84.21,74.71,9.5,2024,2,21
O109243,2024-02-21,P0030,C00226,S005,1,41.4,0.15,35.19,25.21,9.98,2024,2,21
O109028,2024-02-21,P0006,C00760,S003,1,74.01,0.05,70.31,43.08,27.23,2024,2,21
O100049,2024-02-22,P0053,C00697,S005,2,51.37,0.0,102.74,64.54,38.2,2024,2,22
O111270,2024-02-22,P0022,C00329,S001,2,42.03,0.0,84.06,60.28,23.78,2024,2,22
O111079,2024-02-22,P0022,C00947,S003,1,42.03,0.1,37.83,30.14,7.69,2024,2,22
O104574,2024-02-22,P0070,C00015,S012,1,27.07,0.0,27.07,14.25,12.82,2024,2,22
O102724,2024-02-22,P0078,C01062,S007,1,18.31,0.1,16.48,12.84,3.64,2024,2,22
O108722,2024-02-22,P0014,C00974,S008,1,13.14,0.05,12.48,6.13,6.35,2024,2,22
O110886,2024-02-22,P0095,C00876,S002,3,118.84,0.0,356.52,234.51,122.01,2024,2,22
O111104,2024-02-22,P0017,C00028,S005,1,25.27,0.0,25.27,17.77,7.5,2024,2,22
O111407,2024-02-22,P0057,C01150,S009,10,157.4,0.0,1574.0,1316.1,257.9,2024,2,22
O100089,2024-02-22,P0090,C01113,S009,4,575.16,0.0,2300.64,1502.92,797.72,2024,2,22
O102138,2024-02-22,P0083,C00586,S006,1,85.03,0.0,85.03,44.79,40.24,2024,2,22
O111184,2024-02-22,P0003,C00705,S011,3,44.76,0.05,127.57,99.42,28.15,2024,2,22
O109470,2024-02-22,P0064,C00114,S003,5,12.06,0.1,54.27,27.4,26.87,2024,2,22
O104489,2024-02-22,P0059,C00110,S008,4,10.64,0.0,42.56,30.8,11.76,2024,2,22
O110250,2024-02-22,P0056,C01039,S004,4,20.73,0.0,82.92,67.0,15.92,2024,2,22
O109938,2024-02-22,P0075,C00866,S008,3,10.1,0.1,27.27,22.47,4.8,2024,2,22
O104093,2024-02-22,P0084,C00808,S007,2,17.53,0.1,31.55,28.22,3.33,2024,2,22
O108662,2024-02-22,P0082,C00447,S003,2,28.43,0.0,56.86,43.46,13.4,2024,2,22
O106679,2024-02-22,P0065,C00462,S003,1,776.21,0.0,776.21,385.54,390.67,2024,2,22
O107293,2024-02-22,P0075,C00066,S005,1,10.1,0.1,9.09,7.49,1.6,2024,2,22
O111308,2024-02-22,P0059,C00555,S012,2,10.64,0.0,21.28,15.4,5.88,2024,2,22
O102324,2024-02-23,P0024,C00189,S006,2,722.65,0.05,1373.04,847.16,525.88,2024,2,23
O105908,2024-02-23,P0008,C01118,S011,1,22.28,0.0,22.28,11.14,11.14,2024,2,23
O106349,2024-02-23,P0070,C00190,S001,1,27.07,0.0,27.07,14.25,12.82,2024,2,23
O104418,2024-02-23,P0007,C00977,S012,1,99.07,0.15,84.21,74.71,9.5,2024,2,23
O104864,2024-02-23,P0018,C00929,S012,4,34.43,0.0,137.72,105.96,31.76,2024,2,23
O100640,2024-02-23,P0071,C00369,S010,1,9.68,0.1,8.71,7.38,1.33,2024,2,23
O107754,2024-02-23,P0004,C00573,S012,2,29.55,0.05,56.14,28.96,27.18,2024,2,23
O101211,2024-02-23,P0010,C01036,S008,5,14.81,0.0,74.05,60.75,13.3,2024,2,23
O104586,2024-02-23,P0044,C00881,S012,1,136.64,0.0,136.64,115.68,20.96,2024,2,23
O109266,2024-02-23,P0065,C00694,S010,1,776.21,0.15,659.78,385.54,274.24,2024,2,23
O111582,2024-02-23,P0037,C00608,S009,2,61.48,0.05,116.81,96.2,20.61,2024,2,23
O102811,2024-02-23,P0025,C00090,S004,2,18.6,0.1,33.48,28.18,5.3,2024,2,23
O101325,2024-02-23,P0001,C00360,S004,1,132.87,0.1,119.58,107.4,12.18,2024,2,23
O104636,2024-02-23,P0051,C00323,S002,1,32.14,0.0,32.14,16.02,16.12,2024,2,23
O105963,2024-02-23,P0033,C00378,S011,4,47.81,0.0,191.24,124.84,66.4,2024,2,23
O110509,2024-02-23,P0084,C00550,S005,1,17.53,0.0,17.53,14.11,3.42,2024,2,23
O100884,2024-02-24,P0082,C00992,S002,3,28.43,0.0,85.29,65.19,20.1,2024,2,24
O108119,2024-02-24,P0068,C00648,S010,1,100.31,0.0,100.31,81.38,18.93,2024,2,24
O107652,2024-02-24,P0092,C00407,S008,1,41.48,0.1,37.33,25.41,11.92,2024,2,24
O105360,2024-02-24,P0007,C00467,S009,1,99.07,0.05,94.12,74.71,19.41,2024,2,24
O109377,2024-02-24,P0004,C01048,S002,4,29.55,0.2,94.56,57.92,36.64,2024,2,24
O104555,2024-02-24,P0075,C00932,S007,1,10.1,0.05,9.59,7.49,2.1,2024,2,24
O107845,2024-02-24,P0053,C00800,S012,1,51.37,0.0,51.37,32.27,19.1,2024,2,24
O109840,2024-02-24,P0072,C00386,S012,4,149.26,0.0,597.04,278.04,319.0,2024,2,24
O104886,2024-02-24,P0014,C01085,S010,1,13.14,0.0,13.14,6.13,7.01,2024,2,24
O107532,2024-02-24,P0002,C00434,S010,2,130.95,0.0,261.9,200.12,61.78,2024,2,24
O103283,2024-02-24,P0099,C00763,S010,1,5.01,0.0,5.01,2.77,2.24,2024,2,24
O103830,2024-02-25,P0036,C00389,S009,2,15.34,0.0,30.68,16.58,14.1,2024,2,25
O107718,2024-02-25,P0054,C00426,S005,1,42.97,0.0,42.97,29.12,13.85,2024,2,25
O101026,2024-02-25,P0082,C00894,S012,3,28.43,0.1,76.76,65.19,11.57,2024,2,25
O104294,2024-02-25,P0064,C00732,S011,5,12.06,0.0,60.3,27.4,32.9,2024,2,25
O102995,2024-02-25,P0079,C00718,S006,1,120.53,0.0,120.53,93.1,27.43,2024,2,25
O106456,2024-02-25,P0054,C01051,S010,1,42.97,0.05,40.82,29.12,11.7,2024,2,25
O100374,2024-02-25,P0098,C00557,S007,4,37.83,0.2,121.06,116.0,5.06,2024,2,25
O108829,2024-02-25,P0069,C00436,S009,1,85.27,0.1,76.74,65.86,10.88,2024,2,25
O110488,2024-02-25,P0006,C00082,S011,3,74.01,0.2,177.62,129.24,48.38,2024,2,25
O106888,2024-02-25,P0006,C00277,S011,1,74.01,0.0,74.01,43.08,30.93,2024,2,25
O100795,2024-02-25,P0009,C00061,S005,4,8.02,0.0,32.08,24.36,7.72,2024,2,25
O110332,2024-02-25,P0008,C00166,S006,4,22.28,0.0,89.12,44.56,44.56,2024,2,25
O103676,2024-02-25,P0004,C00096,S012,1,29.55,0.15,25.12,14.48,10.64,2024,2,25
O105950,2024-02-25,P0010,C00603,S011,1,14.81,0.0,14.81,12.15,2.66,2024,2,25
O102018,2024-02-25,P0044,C00499,S008,1,136.64,0.0,136.64,115.68,20.96,2024,2,25
O110826,2024-02-25,P0072,C00795,S008,1,149.26,0.05,141.8,69.51,72.29,2024,2,25
O110538,2024-02-26,P0039,C00823,S003,2,47.6,0.0,95.2,65.06,30.14,2024,2,26
O101280,2024-02-26,P0020,C01140,S003,2,30.45,0.05,57.86,41.18,16.68,2024,2,26
O110155,2024-02-26,P0097,C00130,S002,1,8.15,0.0,8.15,5.49,2.66,2024,2,26
O110273,2024-02-26,P0057,C00695,S005,3,157.4,0.0,472.2,394.83,77.37,2024,2,26
O107797,2024-02-26,P0066,C00116,S006,1,105.53,0.0,105.53,58.77,46.76,2024,2,26
O111415,2024-02-26,P0035,C00692,S005,1,21.89,0.0,21.89,12.25,9.64,2024,2,26
O102614,2024-02-26,P0064,C00333,S005,3,12.06,0.2,28.94,16.44,12.5,2024,2,26
O104856,2024-02-26,P0071,C00190,S001,1,9.68,0.0,9.68,7.38,2.3,2024,2,26
O111436,2024-02-26,P0016,C00589,S008,3,547.4,0.05,1560.09,1192.23,367.86,2024,2,26
O103030,2024-02-26,P0082,C01066,S010,10,28.43,0.0,284.3,217.3,67.0,2024,2,26
O104871,2024-02-26,P0067,C00502,S005,1,5.57,0.0,5.57,3.25,2.32,2024,2,26
O109105,2024-02-26,P0098,C00635,S002,2,37.83,0.1,68.09,58.0,10.09,2024,2,26
O105039,2024-02-26,P0050,C00086,S011,3,9.87,0.1,26.65,14.22,12.43,2024,2,26
O100876,2024-02-26,P0032,C00434,S001,1,62.15,0.0,62.15,45.29,16.86,2024,2,26
O110929,2024-02-26,P0070,C00528,S004,1,27.07,0.0,27.07,14.25,12.82,2024,2,26
O110492,2024-02-27,P0070,C01095,S002,1,27.07,0.05,25.72,14.25,11.47,2024,2,27
O104241,2024-02-27,P0075,C01157,S003,1,10.1,0.0,10.1,7.49,2.61,2024,2,27
O109683,2024-02-27,P0034,C00633,S007,2,84.19,0.05,159.96,138.08,21.88,2024,2,27
O103055,2024-02-27,P0054,C01073,S008,1,42.97,0.15,36.52,29.12,7.4,2024,2,27
O107041,2024-02-27,P0081,C01168,S011,2,143.09,0.1,257.56,220.0,37.56,2024,2,27
O108601,2024-02-27,P0057,C00958,S003,1,157.4,0.0,157.4,131.61,25.79,2024,2,27
O108062,2024-02-27,P0003,C00685,S004,2,44.76,0.0,89.52,66.28,23.24,2024,2,27
O100064,2024-02-27,P0088,C00745,S002,1,5.57,0.1,5.01,4.31,0.7,2024,2,27
O107768,2024-02-27,P0045,C00926,S008,1,131.19,0.0,131.19,106.88,24.31,2024,2,27
O109483,2024-02-27,P0083,C00693,S007,1,85.03,0.1,76.53,44.79,31.74,2024,2,27
O107166,2024-02-27,P0030,C00257,S012,5,41.4,0.15,175.95,126.05,49.9,2024,2,27
O106053,2024-02-27,P0012,C00543,S008,1,88.36,0.1,79.52,62.9,16.62,2024,2,27
O110803,2024-02-27,P0034,C00517,S007,1,84.19,0.0,84.19,69.04,15.15,2024,2,27
O108382,2024-02-27,P0045,C00104,S009,1,131.19,0.0,131.19,106.88,24.31,2024,2,27
O103437,2024-02-28,P0031,C00439,S001,1,104.43,0.1,93.99,64.18,29.81,2024,2,28
O106410,2024-02-28,P0039,C00855,S011,1,47.6,0.0,47.6,32.53,15.07,2024,2,28
O109005,2024-02-28,P0023,C00376,S006,1,818.22,0.0,818.22,630.15,188.07,2024,2,28
O107536,2024-02-28,P0029,C01012,S008,3,93.75,0.0,281.25,206.28,74.97,2024,2,28
O110366,2024-02-28,P0079,C00912,S011,2,120.53,0.1,216.95,186.2,30.75,2024,2,28
O102527,2024-02-28,P0031,C00262,S004,1,104.43,0.0,104.43,64.18,40.25,2024,2,28
O110321,2024-02-28,P0036,C01049,S009,3,15.34,0.15,39.12,24.87,14.25,2024,2,28
O100184,2024-02-28,P0012,C00779,S006,2,88.36,0.15,150.21,125.8,24.41,2024,2,28
O105409,2024-02-28,P0096,C00608,S010,1,63.84,0.1,57.46,35.05,22.41,2024,2,28
O102823,2024-02-28,P0093,C00097,S004,2,13.08,0.0,26.16,18.32,7.84,2024,2,28
O101401,2024-02-28,P0030,C00871,S007,1,41.4,0.0,41.4,25.21,16.19,2024,2,28
O107274,2024-02-28,P0003,C01002,S010,1,44.76,0.0,44.76,33.14,11.62,2024,2,28
O103178,2024-02-28,P0066,C00226,S010,4,105.53,0.0,422.12,235.08,187.04,2024,2,28
O102994,2024-02-28,P0036,C00598,S008,2,15.34,0.0,30.68,16.58,14.1,2024,2,28
O104924,2024-02-28,P0062,C00246,S006,1,39.06,0.0,39.06,17.85,21.21,2024,2,28
O108949,2024-02-28,P0090,C00424,S001,4,575.16,0.0,2300.64,1502.92,797.72,2024,2,28
O107161,2024-02-29,P0053,C00274,S009,1,51.37,0.0,51.37,32.27,19.1,2024,2,29
O103072,2024-02-29,P0028,C00845,S006,1,453.33,0.15,385.33,253.96,131.37,2024,2,29
O103068,2024-02-29,P0087,C00332,S003,2,463.9,0.0,927.8,507.3,420.5,2024,2,29
O111028,2024-02-29,P0045,C00991,S006,1,131.19,0.0,131.19,106.88,24.31,2024,2,29
O101097,2024-02-29,P0009,C01006,S004,1,8.02,0.0,8.02,6.09,1.93,2024,2,29
O105810,2024-02-29,P0053,C00109,S006,1,51.37,0.05,48.8,32.27,16.53,2024,2,29
O106650,2024-02-29,P0006,C00541,S006,1,74.01,0.15,62.91,43.08,19.83,2024,2,29
O109702,2024-02-29,P0065,C00135,S006,1,776.21,0.2,620.97,385.54,235.43,2024,2,29
O100031,2024-02-29,P0011,C00415,S010,1,713.82,0.0,713.82,451.83,261.99,2024,2,29
O108434,2024-02-29,P0003,C00125,S007,1,44.76,0.05,42.52,33.14,9.38,2024,2,29
O109883,2024-03-01,P0002,C00602,S008,3,130.95,0.2,314.28,300.18,14.1,2024,3,1
O106595,2024-03-01,P0028,C01169,S007,5,453.33,0.0,2266.65,1269.8,996.85,2024,3,1
O102445,2024-03-01,P0052,C00067,S006,1,97.55,0.0,97.55,61.47,36.08,2024,3,1
O106697,2024-03-01,P0099,C00244,S010,1,5.01,0.05,4.76,2.77,1.99,2024,3,1
O110115,2024-03-01,P0027,C00613,S001,2,55.97,0.0,111.94,59.14,52.8,2024,3,1
O104958,2024-03-01,P0075,C00490,S006,1,10.1,0.0,10.1,7.49,2.61,2024,3,1
O111047,2024-03-01,P0057,C00011,S006,1,157.4,0.0,157.4,131.61,25.79,2024,3,1
O111963,2024-03-01,P0033,C00339,S007,2,47.81,0.0,95.62,62.42,33.2,2024,3,1
O107841,2024-03-01,P0077,C00506,S005,1,130.07,0.15,110.56,107.65,2.91,2024,3,1
O103375,2024-03-01,P0042,C01062,S002,1,9.86,0.05,9.37,6.23,3.14,2024,3,1
O104478,2024-03-01,P0060,C00866,S006,1,80.71,0.05,76.67,51.25,25.42,2024,3,1
O107535,2024-03-01,P0100,C00711,S003,1,142.46,0.2,113.97,91.14,22.83,2024,3,1
O101202,2024-03-01,P0098,C00024,S006,1,37.83,0.05,35.94,29.0,6.94,2024,3,1
O110609,2024-03-01,P0014,C00873,S005,1,13.14,0.1,11.83,6.13,5.7,2024,3,1
O105885,2024-03-01,P0030,C00919,S007,1,41.4,0.1,37.26,25.21,12.05,2024,3,1
O109518,2024-03-01,P0033,C00783,S004,1,47.81,0.0,47.81,31.21,16.6,2024,3,1
O100988,2024-03-01,P0028,C00861,S003,1,453.33,0.0,453.33,253.96,199.37,2024,3,1
O100850,2024-03-01,P0044,C00079,S011,1,136.64,0.05,129.81,115.68,14.13,2024,3,1
O110018,2024-03-01,P0078,C00560,S005,5,18.31,0.0,91.55,64.2,27.35,2024,3,1
O101301,2024-03-02,P0078,C01104,S005,1,18.31,0.0,18.31,12.84,5.47,2024,3,2
O103957,2024-03-02,P0063,C00926,S009,1,112.94,0.15,96.0,90.69,5.31,2024,3,2
O103801,2024-03-02,P0010,C00170,S010,3,14.81,0.0,44.43,36.45,7.98,2024,3,2
O111958,2024-03-02,P0075,C01121,S010,1,10.1,0.0,10.1,7.49,2.61,2024,3,2
O102605,2024-03-02,P0044,C00009,S001,2,136.64,0.0,273.28,231.36,41.92,2024,3,2
O109977,2024-03-02,P0097,C00889,S012,1,8.15,0.0,8.15,5.49,2.66,2024,3,2
O108390,2024-03-02,P0066,C00591,S010,2,105.53,0.0,211.06,117.54,93.52,2024,3,2
O104183,2024-03-02,P0046,C00556,S005,1,69.45,0.1,62.5,42.58,19.92,2024,3,2
O106328,2024-03-02,P0036,C00692,S011,2,15.34,0.0,30.68,16.58,14.1,2024,3,2
O108186,2024-03-02,P0050,C00981,S008,1,9.87,0.05,9.38,4.74,4.64,2024,3,2
O105126,2024-03-02,P0078,C00631,S011,1,18.31,0.05,17.39,12.84,4.55,2024,3,2
O105342,2024-03-02,P0090,C00204,S009,1,575.16,0.15,488.89,375.73,113.16,2024,3,2
O106345,2024-03-03,P0099,C00989,S001,1,5.01,0.0,5.01,2.77,2.24,2024,3,3
O109943,2024-03-03,P0062,C00024,S007,1,39.06,0.0,39.06,17.85,21.21,2024,3,3
O109897,2024-03-03,P0028,C00383,S003,4,453.33,0.05,1722.65,1015.84,706.81,2024,3,3
O108557,2024-03-03,P0006,C00255,S005,1,74.01,0.1,66.61,43.08,23.53,2024,3,3
O111281,2024-03-03,P0001,C00781,S008,2,132.87,0.0,265.74,214.8,50.94,2024,3,3
O103707,2024-03-03,P0013,C00024,S009,3,45.23,0.1,122.12,74.46,47.66,2024,3,3
O108215,2024-03-03,P0098,C00723,S001,5,37.83,0.0,189.15,145.0,44.15,2024,3,3
O109611,2024-03-03,P0059,C01179,S011,1,10.64,0.0,10.64,7.7,2.94,2024,3,3
O107906,2024-03-03,P0092,C00219,S002,2,41.48,0.0,82.96,50.82,32.14,2024,3,3
O101299,2024-03-03,P0056,C00964,S002,2,20.73,0.0,41.46,33.5,7.96,2024,3,3
O106024,2024-03-03,P0023,C00708,S003,1,818.22,0.0,818.22,630.15,188.07,2024,3,3
O109041,2024-03-03,P0006,C01009,S007,1,74.01,0.05,70.31,43.08,27.23,2024,3,3
O105722,2024-03-03,P0019,C00656,S003,1,138.62,0.1,124.76,68.15,56.61,2024,3,3
O100714,2024-03-03,P0052,C00604,S002,10,97.55,0.0,975.5,614.7,360.8,2024,3,3
O107729,2024-03-03,P0024,C00901,S001,4,722.65,0.05,2746.07,1694.32,1051.75,2024,3,3
O100801,2024-03-04,P0021,C00234,S007,2,25.8,0.0,51.6,25.14,26.46,2024,3,4
O104805,2024-03-04,P0076,C01055,S010,2,301.81,0.0,603.62,495.78,107.84,2024,3,4
O104568,2024-03-04,P0037,C00777,S006,2,61.48,0.1,110.66,96.2,14.46,2024,3,4
O101893,2024-03-04,P0063,C00498,S004,1,112.94,0.0,112.94,90.69,22.25,2024,3,4
O104599,2024-03-04,P0030,C00286,S008,3,41.4,0.0,124.2,75.63,48.57,2024,3,4
O102229,2024-03-04,P0084,C00993,S005,5,17.53,0.0,87.65,70.55,17.1,2024,3,4
O102160,2024-03-04,P0075,C00395,S004,1,10.1,0.0,10.1,7.49,2.61,2024,3,4
O105090,2024-03-04,P0095,C00845,S001,2,118.84,0.05,225.8,156.34,69.46,2024,3,4
O104528,2024-03-04,P0005,C00947,S003,1,15.5,0.0,15.5,12.07,3.43,2024,3,4
O105949,2024-03-04,P0042,C00242,S009,1,9.86,0.0,9.86,6.23,3.63,2024,3,4
O100470,2024-03-04,P0025,C00748,S001,1,18.6,0.0,18.6,14.09,4.51,2024,3,4
O105911,2024-03-04,P0024,C00321,S008,1,722.65,0.05,686.52,423.58,262.94,2024,3,4
O105948,2024-03-04,P0079,C00332,S011,1,120.53,0.05,114.5,93.1,21.4,2024,3,4
O108911,2024-03-04,P0022,C00114,S001,1,42.03,0.0,42.03,30.14,11.89,2024,3,4
O111094,2024-03-04,P0060,C00460,S012,1,80.71,0.0,80.71,51.25,29.46,2024,3,4
O109810,2024-03-04,P0074,C01078,S004,2,106.15,0.1,191.07,138.48,52.59,2024,3,4
O109608,2024-03-04,P0089,C01019,S009,2,39.28,0.0,78.56,36.3,42.26,2024,3,4
O102535,2024-03-04,P0025,C00856,S012,1,18.6,0.1,16.74,14.09,2.65,2024,3,4
O101812,2024-03-05,P0019,C00538,S003,3,138.62,0.05,395.07,204.45,190.62,2024,3,5
O102242,2024-03-05,P0031,C00693,S009,1,104.43,0.0,104.43,64.18,40.25,2024,3,5
O110441,2024-03-05,P0035,C00991,S010,1,21.89,0.1,19.7,12.25,7.45,2024,3,5
O106692,2024-03-05,P0033,C00137,S012,2,47.81,0.0,95.62,62.42,33.2,2024,3,5
O108693,2024-03-05,P0067,C00727,S012,1,5.57,0.05,5.29,3.25,2.04,2024,3,5
O106652,2024-03-05,P0098,C00573,S007,1,37.83,0.05,35.94,29.0,6.94,2024,3,5
O111908,2024-03-05,P0058,C00315,S002,2,123.22,0.0,246.44,118.94,127.5,2024,3,5
O110891,2024-03-05,P0052,C00873,S008,5,97.55,0.1,438.98,307.35,131.63,2024,3,5
O105316,2024-03-05,P0015,C00418,S008,1,36.03,0.0,36.03,18.61,17.42,2024,3,5
O109685,2024-03-05,P0092,C00474,S010,1,41.48,0.0,41.48,25.41,16.07,2024,3,5
O111562,2024-03-05,P0069,C00553,S006,2,85.27,0.05,162.01,131.72,30.29,2024,3,5
O103185,2024-03-05,P0074,C00646,S007,1,106.15,0.2,84.92,69.24,15.68,2024,3,5
O106975,2024-03-05,P0024,C00902,S005,1,722.65,0.0,722.65,423.58,299.07,2024,3,5
O102924,2024-03-05,P0084,C00530,S010,3,17.53,0.05,49.96,42.33,7.63,2024,3,5
O106897,2024-03-05,P0080,C01170,S002,2,20.59,0.15,35.0,27.88,7.12,2024,3,5
O102910,2024-03-05,P0074,C00197,S010,2,106.15,0.15,180.46,138.48,41.98,2024,3,5
O108130,2024-03-05,P0090,C00132,S009,1,575.16,0.0,575.16,375.73,199.43,2024,3,5
O104836,2024-03-05,P0015,C00854,S011,1,36.03,0.2,28.82,18.61,10.21,2024,3,5
O100731,2024-03-05,P0011,C00902,S003,3,713.82,0.0,2141.46,1355.49,785.97,2024,3,5
O105833,2024-03-06,P0099,C00205,S009,1,5.01,0.0,5.01,2.77,2.24,2024,3,6
O104046,2024-03-06,P0069,C00680,S008,2,85.27,0.0,170.54,131.72,38.82,2024,3,6
O110602,2024-03-06,P0087,C00735,S004,1,463.9,0.0,463.9,253.65,210.25,2024,3,6
O100298,2024-03-06,P0077,C01161,S004,4,130.07,0.05,494.27,430.6,63.67,2024,3,6
O102970,2024-03-06,P0049,C00720,S006,1,366.28,0.05,347.97,172.71,175.26,2024,3,6
O106609,2024-03-06,P0079,C00166,S009,1,120.53,0.2,96.42,93.1,3.32,2024,3,6
O103829,2024-03-06,P0083,C00691,S011,1,85.03,0.0,85.03,44.79,40.24,2024,3,6
O110208,2024-03-06,P0008,C00960,S005,2,22.28,0.1,40.1,22.28,17.82,2024,3,6
O110281,2024-03-06,P0048,C00764,S001,2,113.33,0.0,226.66,165.1,61.56,2024,3,6
O109170,2024-03-06,P0084,C00870,S005,1,17.53,0.0,17.53,14.11,3.42,2024,3,6
O103043,2024-03-06,P0043,C00204,S010,1,11.09,0.1,9.98,5.81,4.17,2024,3,6
O111223,2024-03-06,P0045,C00828,S002,2,131.19,0.0,262.38,213.76,48.62,2024,3,6
O102053,2024-03-07,P0039,C00312,S005,1,47.6,0.0,47.6,32.53,15.07,2024,3,7
O102063,2024-03-07,P0034,C00053,S007,2,84.19,0.0,168.38,138.08,30.3,2024,3,7
O105637,2024-03-07,P0009,C00642,S005,1,8.02,0.0,8.02,6.09,1.93,2024,3,7
O104163,2024-03-07,P0095,C00980,S006,1,118.84,0.0,118.84,78.17,40.67,2024,3,7
O103332,2024-03-07,P0092,C00744,S008,1,41.48,0.0,41.48,25.41,16.07,2024,3,7
O106965,2024-03-07,P0073,C00978,S009,1,36.7,0.1,33.03,18.22,14.81,2024,3,7
O106870,2024-03-07,P0010,C00772,S002,1,14.81,0.0,14.81,12.15,2.66,2024,3,7
O103344,2024-03-07,P0048,C00271,S005,1,113.33,0.05,107.66,82.55,25.11,2024,3,7
O107728,2024-03-07,P0084,C00870,S008,1,17.53,0.0,17.53,14.11,3.42,2024,3,7
O107018,2024-03-07,P0076,C00613,S002,3,301.81,0.0,905.43,743.67,161.76,2024,3,7
O105518,2024-03-07,P0069,C00942,S005,1,85.27,0.0,85.27,65.86,19.41,2024,3,7
O105482,2024-03-07,P0017,C00616,S007,1,25.27,0.0,25.27,17.77,7.5,2024,3,7
O103835,2024-03-07,P0014,C00499,S004,1,13.14,0.0,13.14,6.13,7.01,2024,3,7
O100410,2024-03-07,P0031,C00195,S009,1,104.43,0.0,104.43,64.18,40.25,2024,3,7
O100974,2024-03-07,P0026,C00795,S006,1,325.3,0.0,325.3,181.38,143.92,2024,3,7
O102572,2024-03-07,P0034,C00942,S009,2,84.19,0.1,151.54,138.08,13.46,2024,3,7
O108310,2024-03-07,P0009,C00498,S002,10,8.02,0.0,80.2,60.9,19.3,2024,3,7
O102547,2024-03-07,P0017,C00603,S001,1,25.27,0.1,22.74,17.77,4.97,2024,3,7
O104587,2024-03-07,P0049,C00038,S009,3,366.28,0.0,1098.84,518.13,580.71,2024,3,7
O108918,2024-03-08,P0027,C00983,S001,1,55.97,0.0,55.97,29.57,26.4,2024,3,8
O108761,2024-03-08,P0054,C00871,S004,2,42.97,0.2,68.75,58.24,10.51,2024,3,8
O110706,2024-03-08,P0037,C01044,S007,1,61.48,0.1,55.33,48.1,7.23,2024,3,8
O103546,2024-03-08,P0071,C00819,S005,2,9.68,0.05,18.39,14.76,3.63,2024,3,8
O108795,2024-03-08,P0098,C00288,S010,1,37.83,0.0,37.83,29.0,8.83,2024,3,8
O100448,2024-03-08,P0029,C00289,S006,1,93.75,0.0,93.75,68.76,24.99,2024,3,8
O111493,2024-03-08,P0077,C00387,S009,1,130.07,0.05,123.57,107.65,15.92,2024,3,8
O109874,2024-03-08,P0045,C00234,S009,1,131.19,0.0,131.19,106.88,24.31,2024,3,8
O105665,2024-03-08,P0071,C01065,S001,1,9.68,0.0,9.68,7.38,2.3,2024,3,8
O111982,2024-03-08,P0012,C01073,S004,1,88.36,0.0,88.36,62.9,25.46,2024,3,8
O106750,2024-03-08,P0034,C01147,S001,1,84.19,0.05,79.98,69.04,10.94,2024,3,8
O101780,2024-03-08,P0059,C00236,S005,2,10.64,0.05,20.22,15.4,4.82,2024,3,8
O107523,2024-03-08,P0053,C01018,S011,10,51.37,0.05,488.01,322.7,165.31,2024,3,8
O101163,2024-03-08,P0059,C01087,S006,3,10.64,0.05,30.32,23.1,7.22,2024,3,8
O101966,2024-03-08,P0020,C00272,S010,4,30.45,0.0,121.8,82.36,39.44,2024,3,8
O105769,2024-03-08,P0034,C00865,S007,1,84.19,0.0,84.19,69.04,15.15,2024,3,8
O103783,2024-03-08,P0084,C01071,S001,1,17.53,0.0,17.53,14.11,3.42,2024,3,8
O104616,2024-03-08,P0093,C00562,S007,1,13.08,0.0,13.08,9.16,3.92,2024,3,8
O101576,2024-03-08,P0075,C01074,S003,1,10.1,0.0,10.1,7.49,2.61,2024,3,8
O100311,2024-03-09,P0087,C01090,S010,1,463.9,0.0,463.9,253.65,210.25,2024,3,9
O103262,2024-03-09,P0051,C00119,S005,2,32.14,0.0,64.28,32.04,32.24,2024,3,9
O101514,2024-03-09,P0077,C01125,S005,1,130.07,0.15,110.56,107.65,2.91,2024,3,9
O102643,2024-03-09,P0048,C01135,S007,1,113.33,0.0,113.33,82.55,30.78,2024,3,9
O109199,2024-03-09,P0004,C00157,S010,1,29.55,0.2,23.64,14.48,9.16,2024,3,9
O102896,2024-03-09,P0059,C00983,S003,1,10.64,0.1,9.58,7.7,1.88,2024,3,9
O102632,2024-03-09,P0034,C00705,S008,5,84.19,0.15,357.81,345.2,12.61,2024,3,9
O109392,2024-03-09,P0001,C00397,S012,1,132.87,0.1,119.58,107.4,12.18,2024,3,9
O108298,2024-03-09,P0020,C01035,S010,2,30.45,0.1,54.81,41.18,13.63,2024,3,9
O103503,2024-03-09,P0091,C00417,S007,1,35.24,0.0,35.24,18.67,16.57,2024,3,9
O101268,2024-03-09,P0053,C01032,S008,1,51.37,0.0,51.37,32.27,19.1,2024,3,9
O101739,2024-03-09,P0018,C00320,S008,1,34.43,0.0,34.43,26.49,7.94,2024,3,9
O108553,2024-03-09,P0060,C00860,S005,1,80.71,0.0,80.71,51.25,29.46,2024,3,9
O100116,2024-03-09,P0098,C00797,S001,3,37.83,0.0,113.49,87.0,26.49,2024,3,9
O106559,2024-03-10,P0100,C00864,S009,1,142.46,0.05,135.34,91.14,44.2,2024,3,10
O105591,2024-03-10,P0033,C00433,S006,2,47.81,0.05,90.84,62.42,28.42,2024,3,10
O105082,2024-03-10,P0075,C00637,S008,1,10.1,0.05,9.59,7.49,2.1,2024,3,10
O105256,2024-03-10,P0081,C00940,S001,3,143.09,0.0,429.27,330.0,99.27,2024,3,10
O102672,2024-03-10,P0039,C00616,S001,2,47.6,0.05,90.44,65.06,25.38,2024,3,10
O102585,2024-03-10,P0022,C00362,S008,1,42.03,0.05,39.93,30.14,9.79,2024,3,10
O109333,2024-03-10,P0043,C00266,S001,10,11.09,0.0,110.9,58.1,52.8,2024,3,10
O105683,2024-03-10,P0001,C00729,S007,2,132.87,0.05,252.45,214.8,37.65,2024,3,10
O107956,2024-03-10,P0087,C00805,S011,1,463.9,0.15,394.32,253.65,140.67,2024,3,10
O101926,2024-03-10,P0055,C01008,S003,1,24.74,0.15,21.03,17.48,3.55,2024,3,10
O104368,2024-03-10,P0053,C00371,S004,2,51.37,0.0,102.74,64.54,38.2,2024,3,10
O106862,2024-03-10,P0026,C00132,S011,1,325.3,0.0,325.3,181.38,143.92,2024,3,10
O101144,2024-03-10,P0069,C00844,S003,1,85.27,0.0,85.27,65.86,19.41,2024,3,10
O101231,2024-03-10,P0012,C01153,S001,4,88.36,0.05,335.77,251.6,84.17,2024,3,10
O102524,2024-03-10,P0072,C01183,S008,2,149.26,0.1,268.67,139.02,129.65,2024,3,10
O111158,2024-03-10,P0095,C00484,S012,1,118.84,0.0,118.84,78.17,40.67,2024,3,10
O109109,2024-03-10,P0089,C01164,S008,4,39.28,0.15,133.55,72.6,60.95,2024,3,10
O105211,2024-03-11,P0089,C00979,S001,1,39.28,0.0,39.28,18.15,21.13,2024,3,11
O104874,2024-03-11,P0055,C00628,S008,2,24.74,0.1,44.53,34.96,9.57,2024,3,11
O104841,2024-03-11,P0028,C01009,S006,1,453.33,0.1,408.0,253.96,154.04,2024,3,11
O110633,2024-03-11,P0034,C00827,S010,1,84.19,0.05,79.98,69.04,10.94,2024,3,11
O105668,2024-03-11,P0041,C00629,S005,1,246.7,0.0,246.7,134.73,111.97,2024,3,11
O110450,2024-03-11,P0081,C01028,S011,2,143.09,0.05,271.87,220.0,51.87,2024,3,11
O105068,2024-03-11,P0045,C00618,S010,1,131.19,0.0,131.19,106.88,24.31,2024,3,11
O101793,2024-03-11,P0067,C00133,S003,1,5.57,0.0,5.57,3.25,2.32,2024,3,11
O102485,2024-03-11,P0001,C00544,S009,3,132.87,0.0,398.61,322.2,76.41,2024,3,11
O104971,2024-03-11,P0076,C00987,S007,2,301.81,0.0,603.62,495.78,107.84,2024,3,11
O110141,2024-03-11,P0004,C00327,S009,5,29.55,0.0,147.75,72.4,75.35,2024,3,11
O106342,2024-03-11,P0048,C00397,S005,3,113.33,0.1,305.99,247.65,58.34,2024,3,11
O105712,2024-03-11,P0062,C00736,S004,3,39.06,0.05,111.32,53.55,57.77,2024,3,11
O101943,2024-03-11,P0096,C00061,S007,1,63.84,0.0,63.84,35.05,28.79,2024,3,11
O100615,2024-03-11,P0060,C00317,S008,2,80.71,0.0,161.42,102.5,58.92,2024,3,11
O105628,2024-03-11,P0021,C00389,S011,2,25.8,0.0,51.6,25.14,26.46,2024,3,11
O103958,2024-03-11,P0073,C00770,S008,1,36.7,0.0,36.7,18.22,18.48,2024,3,11
O100732,2024-03-11,P0096,C00911,S002,1,63.84,0.0,63.84,35.05,28.79,2024,3,11
O110020,2024-03-12,P0024,C00913,S006,5,722.65,0.0,3613.25,2117.9,1495.35,2024,3,12
O111913,2024-03-12,P0030,C00822,S006,2,41.4,0.0,82.8,50.42,32.38,2024,3,12
O111572,2024-03-12,P0089,C00271,S003,2,39.28,0.0,78.56,36.3,42.26,2024,3,12
O104726,2024-03-12,P0038,C00969,S004,10,42.19,0.0,421.9,293.1,128.8,2024,3,12
O107434,2024-03-12,P0089,C00161,S007,2,39.28,0.1,70.7,36.3,34.4,2024,3,12
O105519,2024-03-12,P0066,C01037,S008,1,105.53,0.1,94.98,58.77,36.21,2024,3,12
O104481,2024-03-12,P0094,C01012,S008,1,21.21,0.0,21.21,12.17,9.04,2024,3,12
O102146,2024-03-12,P0053,C00149,S011,1,51.37,0.0,51.37,32.27,19.1,2024,3,12
O106946,2024-03-12,P0020,C00362,S010,2,30.45,0.0,60.9,41.18,19.72,2024,3,12
O102131,2024-03-12,P0067,C00152,S007,2,5.57,0.1,10.03,6.5,3.53,2024,3,12
O108864,2024-03-12,P0062,C00081,S010,2,39.06,0.0,78.12,35.7,42.42,2024,3,12
O111121,2024-03-12,P0044,C00556,S006,2,136.64,0.2,218.62,231.36,-12.74,2024,3,12
O102999,2024-03-12,P0070,C00847,S005,1,27.07,0.1,24.36,14.25,10.11,2024,3,12
O104674,2024-03-12,P0084,C00570,S009,2,17.53,0.0,35.06,28.22,6.84,2024,3,12
O105158,2024-03-12,P0046,C00952,S010,1,69.45,0.0,69.45,42.58,26.87,2024,3,12
O108067,2024-03-12,P0006,C00056,S003,1,74.01,0.15,62.91,43.08,19.83,2024,3,12
O102388,2024-03-12,P0077,C01138,S005,1,130.07,0.0,130.07,107.65,22.42,2024,3,12
O101138,2024-03-12,P0070,C00568,S011,1,27.07,0.0,27.07,14.25,12.82,2024,3,12
O111342,2024-03-12,P0026,C00583,S001,1,325.3,0.0,325.3,181.38,143.92,2024,3,12
O106805,2024-03-12,P0064,C00995,S004,1,12.06,0.0,12.06,5.48,6.58,2024,3,12
O110373,2024-03-12,P0073,C01079,S007,2,36.7,0.0,73.4,36.44,36.96,2024,3,12
O100636,2024-03-12,P0065,C00187,S009,1,776.21,0.05,737.4,385.54,351.86,2024,3,12
O106365,2024-03-13,P0006,C00321,S005,1,74.01,0.15,62.91,43.08,19.83,2024,3,13
O101619,2024-03-13,P0043,C00380,S011,1,11.09,0.0,11.09,5.81,5.28,2024,3,13
O101171,2024-03-13,P0083,C00414,S006,1,85.03,0.05,80.78,44.79,35.99,2024,3,13
O100278,2024-03-13,P0012,C01149,S011,3,88.36,0.1,238.57,188.7,49.87,2024,3,13
O109174,2024-03-13,P0066,C01145,S001,1,105.53,0.15,89.7,58.77,30.93,2024,3,13
O110548,2024-03-13,P0015,C00073,S004,1,36.03,0.1,32.43,18.61,13.82,2024,3,13
O102451,2024-03-13,P0006,C00325,S002,2,74.01,0.05,140.62,86.16,54.46,2024,3,13
O104222,2024-03-13,P0091,C01140,S007,2,35.24,0.0,70.48,37.34,33.14,2024,3,13
O104115,2024-03-13,P0022,C00815,S003,1,42.03,0.05,39.93,30.14,9.79,2024,3,13
O106457,2024-03-13,P0067,C00188,S006,1,5.57,0.0,5.57,3.25,2.32,2024,3,13
O101270,2024-03-13,P0088,C00717,S005,2,5.57,0.0,11.14,8.62,2.52,2024,3,13
O106521,2024-03-13,P0034,C00906,S010,2,84.19,0.0,168.38,138.08,30.3,2024,3,13
O102150,2024-03-13,P0028,C00174,S009,1,453.33,0.0,453.33,253.96,199.37,2024,3,13
O104359,2024-03-13,P0012,C00399,S002,2,88.36,0.0,176.72,125.8,50.92,2024,3,13
O110693,2024-03-13,P0054,C00306,S001,1,42.97,0.1,38.67,29.12,9.55,2024,3,13
O103827,2024-03-13,P0055,C00108,S012,2,24.74,0.0,49.48,34.96,14.52,2024,3,13
O102513,2024-03-13,P0006,C00505,S010,3,74.01,0.0,222.03,129.24,92.79,2024,3,13
O109613,2024-03-13,P0078,C00917,S012,10,18.31,0.05,173.94,128.4,45.54,2024,3,13
O102479,2024-03-14,P0086,C00277,S006,1,310.61,0.15,264.02,159.69,104.33,2024,3,14
O102918,2024-03-14,P0070,C01124,S003,1,27.07,0.0,27.07,14.25,12.82,2024,3,14
O111113,2024-03-14,P0046,C00945,S011,1,69.45,0.1,62.5,42.58,19.92,2024,3,14
O101903,2024-03-14,P0056,C00556,S005,1,20.73,0.05,19.69,16.75,2.94,2024,3,14
O100383,2024-03-14,P0013,C00037,S001,1,45.23,0.1,40.71,24.82,15.89,2024,3,14
O103618,2024-03-14,P0010,C00424,S010,2,14.81,0.15,25.18,24.3,0.88,2024,3,14
O101000,2024-03-14,P0068,C01045,S005,1,100.31,0.0,100.31,81.38,18.93,2024,3,14
O102031,2024-03-14,P0088,C00723,S009,1,5.57,0.0,5.57,4.31,1.26,2024,3,14
O111957,2024-03-14,P0012,C00237,S005,1,88.36,0.0,88.36,62.9,25.46,2024,3,14
O111594,2024-03-14,P0020,C00057,S002,2,30.45,0.0,60.9,41.18,19.72,2024,3,14
O109735,2024-03-14,P0021,C01185,S011,1,25.8,0.0,25.8,12.57,13.23,2024,3,14
O101072,2024-03-14,P0036,C00959,S001,1,15.34,0.1,13.81,8.29,5.52,2024,3,14
O101421,2024-03-14,P0079,C00315,S008,1,120.53,0.0,120.53,93.1,27.43,2024,3,14
O108774,2024-03-14,P0087,C00482,S011,1,463.9,0.0,463.9,253.65,210.25,2024,3,14
O106044,2024-03-14,P0020,C00835,S007,1,30.45,0.0,30.45,20.59,9.86,2024,3,14
O111996,2024-03-14,P0019,C00708,S010,1,138.62,0.0,138.62,68.15,70.47,2024,3,14
O103005,2024-03-14,P0094,C00899,S012,2,21.21,0.1,38.18,24.34,13.84,2024,3,14
O103094,2024-03-15,P0012,C00718,S001,2,88.36,0.15,150.21,125.8,24.41,2024,3,15
O103270,2024-03-15,P0033,C00169,S001,1,47.81,0.05,45.42,31.21,14.21,2024,3,15
O104985,2024-03-15,P0057,C00419,S001,1,157.4,0.0,157.4,131.61,25.79,2024,3,15
O101366,2024-03-15,P0050,C00303,S007,1,9.87,0.0,9.87,4.74,5.13,2024,3,15
O110003,2024-03-15,P0057,C01088,S011,3,157.4,0.0,472.2,394.83,77.37,2024,3,15
O108197,2024-03-15,P0092,C01046,S006,4,41.48,0.0,165.92,101.64,64.28,2024,3,15
O103294,2024-03-15,P0063,C00212,S003,1,112.94,0.0,112.94,90.69,22.25,2024,3,15
O100712,2024-03-15,P0090,C00452,S012,1,575.16,0.15,488.89,375.73,113.16,2024,3,15
O102109,2024-03-15,P0031,C00361,S007,1,104.43,0.0,104.43,64.18,40.25,2024,3,15
O100557,2024-03-15,P0067,C00145,S003,1,5.57,0.0,5.57,3.25,2.32,2024,3,15
O102087,2024-03-15,P0027,C00937,S005,3,55.97,0.0,167.91,88.71,79.2,2024,3,15
O102096,2024-03-15,P0018,C00435,S009,1,34.43,0.0,34.43,26.49,7.94,2024,3,15
O109971,2024-03-16,P0089,C01074,S011,1,39.28,0.0,39.28,18.15,21.13,2024,3,16
O102889,2024-03-16,P0025,C00651,S009,1,18.6,0.1,16.74,14.09,2.65,2024,3,16
O108902,2024-03-16,P0047,C00515,S007,2,125.46,0.1,225.83,119.8,106.03,2024,3,16
O103084,2024-03-16,P0058,C00944,S001,1,123.22,0.05,117.06,59.47,57.59,2024,3,16
O111265,2024-03-16,P0010,C01120,S003,1,14.81,0.1,13.33,12.15,1.18,2024,3,16
O108085,2024-03-16,P0062,C00652,S012,1,39.06,0.0,39.06,17.85,21.21,2024,3,16
O109211,2024-03-16,P0095,C00015,S003,4,118.84,0.0,475.36,312.68,162.68,2024,3,16
O111658,2024-03-16,P0071,C00376,S003,5,9.68,0.0,48.4,36.9,11.5,2024,3,16
O111148,2024-03-16,P0086,C00333,S012,1,310.61,0.05,295.08,159.69,135.39,2024,3,16
O104683,2024-03-16,P0097,C00139,S003,1,8.15,0.0,8.15,5.49,2.66,2024,3,16
O103753,2024-03-16,P0048,C01124,S009,1,113.33,0.0,113.33,82.55,30.78,2024,3,16
O107305,2024-03-16,P0040,C00552,S005,5,25.25,0.0,126.25,82.65,43.6,2024,3,16
O104220,2024-03-16,P0093,C01000,S002,5,13.08,0.0,65.4,45.8,19.6,2024,3,16
O106240,2024-03-16,P0067,C00506,S008,1,5.57,0.1,5.01,3.25,1.76,2024,3,16
O110261,2024-03-16,P0088,C00222,S010,2,5.57,0.15,9.47,8.62,0.85,2024,3,16
O109716,2024-03-16,P0061,C00031,S003,2,86.94,0.0,173.88,92.8,81.08,2024,3,16
O103686,2024-03-17,P0035,C01132,S008,2,21.89,0.0,43.78,24.5,19.28,2024,3,17
O110895,2024-03-17,P0082,C00793,S003,2,28.43,0.0,56.86,43.46,13.4,2024,3,17
O111527,2024-03-17,P0096,C00488,S010,2,63.84,0.0,127.68,70.1,57.58,2024,3,17
O103530,2024-03-17,P0047,C00901,S009,2,125.46,0.0,250.92,119.8,131.12,2024,3,17
O105884,2024-03-17,P0003,C00103,S002,1,44.76,0.1,40.28,33.14,7.14,2024,3,17
O102176,2024-03-17,P0043,C00278,S009,1,11.09,0.1,9.98,5.81,4.17,2024,3,17
O107241,2024-03-17,P0040,C00487,S007,2,25.25,0.0,50.5,33.06,17.44,2024,3,17
O102011,2024-03-17,P0060,C00706,S007,1,80.71,0.05,76.67,51.25,25.42,2024,3,17
O106494,2024-03-17,P0048,C00114,S005,1,113.33,0.15,96.33,82.55,13.78,2024,3,17
O105744,2024-03-17,P0007,C00217,S006,10,99.07,0.05,941.16,747.1,194.06,2024,3,17
O110479,2024-03-17,P0037,C00704,S010,1,61.48,0.05,58.41,48.1,10.31,2024,3,17
O104199,2024-03-17,P0043,C00270,S001,1,11.09,0.0,11.09,5.81,5.28,2024,3,17
O103535,2024-03-17,P0086,C00293,S009,1,310.61,0.05,295.08,159.69,135.39,2024,3,17
O104607,2024-03-17,P0064,C00900,S009,1,12.06,0.15,10.25,5.48,4.77,2024,3,17
O101304,2024-03-17,P0067,C00295,S012,10,5.57,0.0,55.7,32.5,23.2,2024,3,17
O104341,2024-03-17,P0008,C01147,S006,4,22.28,0.0,89.12,44.56,44.56,2024,3,17
O107178,2024-03-17,P0021,C01056,S010,1,25.8,0.0,25.8,12.57,13.23,2024,3,17
O102761,2024-03-17,P0030,C00667,S010,1,41.4,0.0,41.4,25.21,16.19,2024,3,17
O109012,2024-03-18,P0003,C01159,S008,1,44.76,0.1,40.28,33.14,7.14,2024,3,18
O100284,2024-03-18,P0036,C00219,S008,1,15.34,0.15,13.04,8.29,4.75,2024,3,18
O106964,2024-03-18,P0090,C00496,S003,1,575.16,0.0,575.16,375.73,199.43,2024,3,18
O107713,2024-03-18,P0044,C00920,S012,1,136.64,0.2,109.31,115.68,-6.37,2024,3,18
O104736,2024-03-18,P0089,C00795,S002,2,39.28,0.0,78.56,36.3,42.26,2024,3,18
O109700,2024-03-18,P0055,C00500,S010,1,24.74,0.0,24.74,17.48,7.26,2024,3,18
O108664,2024-03-18,P0067,C00147,S004,3,5.57,0.0,16.71,9.75,6.96,2024,3,18
O106509,2024-03-18,P0040,C00086,S011,1,25.25,0.0,25.25,16.53,8.72,2024,3,18
O107030,2024-03-18,P0053,C00362,S003,1,51.37,0.0,51.37,32.27,19.1,2024,3,18
O100639,2024-03-18,P0005,C00713,S007,2,15.5,0.0,31.0,24.14,6.86,2024,3,18
O103928,2024-03-18,P0087,C00796,S011,1,463.9,0.15,394.32,253.65,140.67,2024,3,18
O108599,2024-03-18,P0043,C00538,S005,1,11.09,0.15,9.43,5.81,3.62,2024,3,18
O107778,2024-03-18,P0095,C01063,S009,1,118.84,0.0,118.84,78.17,40.67,2024,3,18
O106286,2024-03-18,P0097,C00392,S002,2,8.15,0.0,16.3,10.98,5.32,2024,3,18
O110080,2024-03-18,P0073,C00092,S006,1,36.7,0.1,33.03,18.22,14.81,2024,3,18
O100809,2024-03-18,P0081,C00491,S008,2,143.09,0.0,286.18,220.0,66.18,2024,3,18
O100854,2024-03-18,P0038,C00684,S011,2,42.19,0.0,84.38,58.62,25.76,2024,3,18
O103771,2024-03-18,P0002,C00484,S005,1,130.95,0.0,130.95,100.06,30.89,2024,3,18
O100362,2024-03-18,P0084,C00858,S003,3,17.53,0.0,52.59,42.33,10.26,2024,3,18
O110588,2024-03-18,P0098,C01001,S007,1,37.83,0.0,37.83,29.0,8.83,2024,3,18
O100153,2024-03-18,P0057,C00724,S004,1,157.4,0.0,157.4,131.61,25.79,2024,3,18
O100324,2024-03-18,P0064,C00830,S002,1,12.06,0.2,9.65,5.48,4.17,2024,3,18
O105776,2024-03-19,P0052,C00482,S004,2,97.55,0.05,185.34,122.94,62.4,2024,3,19
O109531,2024-03-19,P0099,C00415,S009,2,5.01,0.05,9.52,5.54,3.98,2024,3,19
O109578,2024-03-19,P0074,C00318,S009,1,106.15,0.1,95.54,69.24,26.3,2024,3,19
O103260,2024-03-19,P0033,C00868,S003,1,47.81,0.0,47.81,31.21,16.6,2024,3,19
O108013,2024-03-19,P0059,C00171,S009,4,10.64,0.0,42.56,30.8,11.76,2024,3,19
O102860,2024-03-19,P0092,C00686,S009,1,41.48,0.0,41.48,25.41,16.07,2024,3,19
O107925,2024-03-19,P0041,C00565,S012,4,246.7,0.0,986.8,538.92,447.88,2024,3,19
O110357,2024-03-19,P0077,C00936,S010,1,130.07,0.05,123.57,107.65,15.92,2024,3,19
O109038,2024-03-19,P0033,C00515,S003,2,47.81,0.1,86.06,62.42,23.64,2024,3,19
O101166,2024-03-19,P0079,C00223,S007,1,120.53,0.0,120.53,93.1,27.43,2024,3,19
O111675,2024-03-19,P0034,C00026,S007,10,84.19,0.1,757.71,690.4,67.31,2024,3,19
O108167,2024-03-19,P0089,C00674,S002,1,39.28,0.0,39.28,18.15,21.13,2024,3,19
O103718,2024-03-19,P0071,C00838,S005,2,9.68,0.15,16.46,14.76,1.7,2024,3,19
O104762,2024-03-19,P0019,C00927,S012,1,138.62,0.05,131.69,68.15,63.54,2024,3,19
O103558,2024-03-19,P0095,C00410,S011,1,118.84,0.1,106.96,78.17,28.79,2024,3,19
O111315,2024-03-20,P0027,C00540,S006,1,55.97,0.1,50.37,29.57,20.8,2024,3,20
O107476,2024-03-20,P0094,C00526,S005,1,21.21,0.0,21.21,12.17,9.04,2024,3,20
O101815,2024-03-20,P0001,C00374,S008,1,132.87,0.15,112.94,107.4,5.54,2024,3,20
O109658,2024-03-20,P0023,C00011,S007,3,818.22,0.05,2331.93,1890.45,441.48,2024,3,20
O111326,2024-03-20,P0007,C00024,S004,1,99.07,0.2,79.26,74.71,4.55,2024,3,20
O105440,2024-03-20,P0026,C01008,S007,1,325.3,0.0,325.3,181.38,143.92,2024,3,20
O108349,2024-03-20,P0068,C00591,S006,1,100.31,0.1,90.28,81.38,8.9,2024,3,20
O102361,2024-03-20,P0021,C00916,S004,2,25.8,0.0,51.6,25.14,26.46,2024,3,20
O104079,2024-03-20,P0033,C00437,S011,2,47.81,0.0,95.62,62.42,33.2,2024,3,20
O106616,2024-03-20,P0099,C00594,S004,1,5.01,0.0,5.01,2.77,2.24,2024,3,20
O101685,2024-03-20,P0081,C00287,S011,1,143.09,0.0,143.09,110.0,33.09,2024,3,20
O101633,2024-03-20,P0065,C00774,S002,1,776.21,0.0,776.21,385.54,390.67,2024,3,20
O104796,2024-03-20,P0031,C00033,S003,4,104.43,0.0,417.72,256.72,161.0,2024,3,20
O106989,2024-03-20,P0007,C00317,S010,1,99.07,0.0,99.07,74.71,24.36,2024,3,20
O108140,2024-03-20,P0075,C00660,S004,1,10.1,0.05,9.59,7.49,2.1,2024,3,20
O102090,2024-03-20,P0100,C00605,S004,2,142.46,0.1,256.43,182.28,74.15,2024,3,20
O102042,2024-03-20,P0061,C00923,S010,2,86.94,0.1,156.49,92.8,63.69,2024,3,20
O111374,2024-03-20,P0054,C01094,S002,3,42.97,0.0,128.91,87.36,41.55,2024,3,20
O100543,2024-03-20,P0068,C00948,S006,1,100.31,0.0,100.31,81.38,18.93,2024,3,20
O104358,2024-03-20,P0049,C00916,S001,2,366.28,0.0,732.56,345.42,387.14,2024,3,20
O105502,2024-03-21,P0076,C00095,S001,1,301.81,0.0,301.81,247.89,53.92,2024,3,21
O108168,2024-03-21,P0052,C00716,S006,2,97.55,0.1,175.59,122.94,52.65,2024,3,21
O109494,2024-03-21,P0067,C00781,S002,1,5.57,0.0,5.57,3.25,2.32,2024,3,21
O105698,2024-03-21,P0066,C01177,S012,1,105.53,0.0,105.53,58.77,46.76,2024,3,21
O107436,2024-03-21,P0076,C00764,S003,1,301.81,0.0,301.81,247.89,53.92,2024,3,21
O110611,2024-03-21,P0061,C00882,S010,1,86.94,0.0,86.94,46.4,40.54,2024,3,21
O109926,2024-03-21,P0033,C00312,S006,1,47.81,0.0,47.81,31.21,16.6,2024,3,21
O103334,2024-03-21,P0007,C00569,S007,1,99.07,0.0,99.07,74.71,24.36,2024,3,21
O105247,2024-03-21,P0056,C00979,S004,1,20.73,0.0,20.73,16.75,3.98,2024,3,21
O108625,2024-03-21,P0004,C00458,S002,4,29.55,0.0,118.2,57.92,60.28,2024,3,21
O109257,2024-03-21,P0055,C00042,S005,4,24.74,0.0,98.96,69.92,29.04,2024,3,21
O105095,2024-03-21,P0054,C00002,S007,1,42.97,0.0,42.97,29.12,13.85,2024,3,21
O101457,2024-03-21,P0087,C00598,S011,1,463.9,0.0,463.9,253.65,210.25,2024,3,21
O109839,2024-03-21,P0041,C01176,S008,2,246.7,0.15,419.39,269.46,149.93,2024,3,21
O110778,2024-03-21,P0045,C00499,S010,1,131.19,0.05,124.63,106.88,17.75,2024,3,21
O105622,2024-03-21,P0077,C00409,S012,4,130.07,0.0,520.28,430.6,89.68,2024,3,21
O111114,2024-03-21,P0012,C00416,S012,1,88.36,0.0,88.36,62.9,25.46,2024,3,21
O103405,2024-03-22,P0016,C00395,S001,2,547.4,0.0,1094.8,794.82,299.98,2024,3,22
O103243,2024-03-22,P0076,C00154,S005,1,301.81,0.1,271.63,247.89,23.74,2024,3,22
O104639,2024-03-22,P0007,C00141,S003,1,99.07,0.0,99.07,74.71,24.36,2024,3,22
O108915,2024-03-22,P0084,C00117,S001,1,17.53,0.1,15.78,14.11,1.67,2024,3,22
O109373,2024-03-22,P0036,C00857,S001,2,15.34,0.0,30.68,16.58,14.1,2024,3,22
O109331,2024-03-22,P0063,C00019,S002,1,112.94,0.05,107.29,90.69,16.6,2024,3,22
O102239,2024-03-22,P0039,C00349,S003,2,47.6,0.0,95.2,65.06,30.14,2024,3,22
O107598,2024-03-22,P0011,C00054,S009,2,713.82,0.1,1284.88,903.66,381.22,2024,3,22
O103012,2024-03-22,P0002,C01003,S005,1,130.95,0.0,130.95,100.06,30.89,2024,3,22
O109698,2024-03-22,P0041,C01169,S003,1,246.7,0.0,246.7,134.73,111.97,2024,3,22
O103792,2024-03-22,P0096,C00311,S007,1,63.84,0.2,51.07,35.05,16.02,2024,3,22
O107217,2024-03-22,P0006,C00052,S003,2,74.01,0.0,148.02,86.16,61.86,2024,3,22
O101218,2024-03-22,P0066,C00185,S010,2,105.53,0.15,179.4,117.54,61.86,2024,3,22
O111152,2024-03-22,P0052,C00831,S003,2,97.55,0.0,195.1,122.94,72.16,2024,3,22
O111737,2024-03-22,P0040,C00116,S010,2,25.25,0.0,50.5,33.06,17.44,2024,3,22
O100422,2024-03-22,P0067,C01147,S002,2,5.57,0.1,10.03,6.5,3.53,2024,3,22
O106822,2024-03-22,P0092,C00039,S008,1,41.48,0.05,39.41,25.41,14.0,2024,3,22
O102931,2024-03-23,P0080,C00093,S011,2,20.59,0.0,41.18,27.88,13.3,2024,3,23
O110353,2024-03-23,P0061,C00752,S005,1,86.94,0.05,82.59,46.4,36.19,2024,3,23
O106467,2024-03-23,P0002,C00145,S004,2,130.95,0.0,261.9,200.12,61.78,2024,3,23
O109335,2024-03-23,P0095,C00962,S003,4,118.84,0.0,475.36,312.68,162.68,2024,3,23
O103018,2024-03-23,P0047,C00478,S004,1,125.46,0.05,119.19,59.9,59.29,2024,3,23
O104233,2024-03-23,P0055,C01192,S005,2,24.74,0.0,49.48,34.96,14.52,2024,3,23
O103122,2024-03-23,P0092,C00855,S004,1,41.48,0.0,41.48,25.41,16.07,2024,3,23
O103814,2024-03-23,P0067,C00901,S003,1,5.57,0.0,5.57,3.25,2.32,2024,3,23
O105792,2024-03-23,P0041,C00579,S010,2,246.7,0.1,444.06,269.46,174.6,2024,3,23
O101488,2024-03-23,P0094,C00358,S001,1,21.21,0.0,21.21,12.17,9.04,2024,3,23
O109280,2024-03-23,P0018,C00300,S001,1,34.43,0.15,29.27,26.49,2.78,2024,3,23
O109180,2024-03-23,P0081,C00674,S010,3,143.09,0.0,429.27,330.0,99.27,2024,3,23
O103103,2024-03-23,P0022,C00980,S010,3,42.03,0.0,126.09,90.42,35.67,2024,3,23
O105558,2024-03-23,P0011,C00880,S004,1,713.82,0.05,678.13,451.83,226.3,2024,3,23
O100029,2024-03-23,P0087,C00239,S003,1,463.9,0.0,463.9,253.65,210.25,2024,3,23
O105238,2024-03-23,P0092,C00011,S007,1,41.48,0.0,41.48,25.41,16.07,2024,3,23
O106419,2024-03-24,P0047,C00798,S003,1,125.46,0.0,125.46,59.9,65.56,2024,3,24
O111570,2024-03-24,P0032,C00599,S008,5,62.15,0.1,279.68,226.45,53.23,2024,3,24
O108898,2024-03-24,P0098,C00995,S005,10,37.83,0.15,321.55,290.0,31.55,2024,3,24
O106403,2024-03-24,P0025,C00617,S006,3,18.6,0.0,55.8,42.27,13.53,2024,3,24
O104073,2024-03-24,P0088,C00920,S006,1,5.57,0.0,5.57,4.31,1.26,2024,3,24
O105079,2024-03-24,P0081,C00963,S005,1,143.09,0.0,143.09,110.0,33.09,2024,3,24
O107601,2024-03-24,P0005,C00060,S009,1,15.5,0.05,14.72,12.07,2.65,2024,3,24
O109576,2024-03-24,P0052,C00355,S006,1,97.55,0.0,97.55,61.47,36.08,2024,3,24
O110394,2024-03-24,P0052,C01184,S012,1,97.55,0.05,92.67,61.47,31.2,2024,3,24
O106930,2024-03-24,P0001,C00155,S001,1,132.87,0.0,132.87,107.4,25.47,2024,3,24
O107092,2024-03-24,P0098,C01200,S011,1,37.83,0.1,34.05,29.0,5.05,2024,3,24
O104226,2024-03-24,P0095,C00759,S005,1,118.84,0.0,118.84,78.17,40.67,2024,3,24
O102264,2024-03-24,P0032,C00305,S004,1,62.15,0.1,55.94,45.29,10.65,2024,3,24
O100920,2024-03-24,P0096,C00916,S001,1,63.84,0.0,63.84,35.05,28.79,2024,3,24
O107214,2024-03-24,P0029,C00343,S011,2,93.75,0.0,187.5,137.52,49.98,2024,3,24
O110735,2024-03-25,P0076,C01121,S003,2,301.81,0.0,603.62,495.78,107.84,2024,3,25
O107160,2024-03-25,P0051,C00609,S002,2,32.14,0.0,64.28,32.04,32.24,2024,3,25
O100342,2024-03-25,P0013,C00882,S012,2,45.23,0.0,90.46,49.64,40.82,2024,3,25
O106575,2024-03-25,P0071,C00668,S006,1,9.68,0.1,8.71,7.38,1.33,2024,3,25
O104251,2024-03-25,P0044,C00984,S003,1,136.64,0.0,136.64,115.68,20.96,2024,3,25
O109507,2024-03-25,P0002,C00943,S003,2,130.95,0.0,261.9,200.12,61.78,2024,3,25
O101897,2024-03-25,P0057,C01006,S003,5,157.4,0.0,787.0,658.05,128.95,2024,3,25
O102036,2024-03-25,P0054,C00129,S011,1,42.97,0.0,42.97,29.12,13.85,2024,3,25
O105496,2024-03-25,P0055,C00997,S001,3,24.74,0.0,74.22,52.44,21.78,2024,3,25
O106032,2024-03-25,P0025,C00482,S012,4,18.6,0.05,70.68,56.36,14.32,2024,3,25
O104114,2024-03-25,P0035,C00253,S005,1,21.89,0.15,18.61,12.25,6.36,2024,3,25
O104697,2024-03-25,P0022,C00422,S004,1,42.03,0.0,42.03,30.14,11.89,2024,3,25
O104658,2024-03-25,P0040,C00735,S001,2,25.25,0.0,50.5,33.06,17.44,2024,3,25
O103924,2024-03-25,P0014,C00603,S010,1,13.14,0.0,13.14,6.13,7.01,2024,3,25
O102038,2024-03-25,P0041,C00974,S010,4,246.7,0.05,937.46,538.92,398.54,2024,3,25
O100716,2024-03-25,P0053,C00771,S011,1,51.37,0.0,51.37,32.27,19.1,2024,3,25
O107635,2024-03-25,P0032,C00534,S008,1,62.15,0.15,52.83,45.29,7.54,2024,3,25
O106274,2024-03-26,P0044,C00756,S011,1,136.64,0.0,136.64,115.68,20.96,2024,3,26
O105418,2024-03-26,P0035,C01082,S012,1,21.89,0.0,21.89,12.25,9.64,2024,3,26
O106699,2024-03-26,P0080,C00291,S005,1,20.59,0.05,19.56,13.94,5.62,2024,3,26
O107150,2024-03-26,P0089,C00661,S002,2,39.28,0.0,78.56,36.3,42.26,2024,3,26
O109590,2024-03-26,P0025,C00279,S009,2,18.6,0.0,37.2,28.18,9.02,2024,3,26
O104313,2024-03-26,P0091,C01088,S007,2,35.24,0.0,70.48,37.34,33.14,2024,3,26
O106043,2024-03-26,P0039,C00012,S006,1,47.6,0.0,47.6,32.53,15.07,2024,3,26
O100503,2024-03-26,P0050,C01058,S004,2,9.87,0.15,16.78,9.48,7.3,2024,3,26
O105210,2024-03-26,P0073,C00698,S001,1,36.7,0.15,31.2,18.22,12.98,2024,3,26
O106374,2024-03-26,P0023,C01009,S006,2,818.22,0.0,1636.44,1260.3,376.14,2024,3,26
O104409,2024-03-26,P0050,C01159,S008,3,9.87,0.15,25.17,14.22,10.95,2024,3,26
O106101,2024-03-26,P0019,C00910,S003,1,138.62,0.1,124.76,68.15,56.61,2024,3,26
O107023,2024-03-26,P0100,C01160,S011,5,142.46,0.0,712.3,455.7,256.6,2024,3,26
O106566,2024-03-26,P0087,C01140,S001,1,463.9,0.0,463.9,253.65,210.25,2024,3,26
O104448,2024-03-26,P0065,C00460,S012,1,776.21,0.0,776.21,385.54,390.67,2024,3,26
O106784,2024-03-26,P0037,C00822,S006,1,61.48,0.1,55.33,48.1,7.23,2024,3,26
O104427,2024-03-27,P0006,C00461,S002,2,74.01,0.05,140.62,86.16,54.46,2024,3,27
O100941,2024-03-27,P0010,C00269,S012,2,14.81,0.1,26.66,24.3,2.36,2024,3,27
O107637,2024-03-27,P0042,C00061,S004,1,9.86,0.1,8.87,6.23,2.64,2024,3,27
O101162,2024-03-27,P0043,C00757,S008,1,11.09,0.0,11.09,5.81,5.28,2024,3,27
O104538,2024-03-27,P0010,C00994,S003,3,14.81,0.05,42.21,36.45,5.76,2024,3,27
O107871,2024-03-27,P0089,C00379,S003,1,39.28,0.0,39.28,18.15,21.13,2024,3,27
O107360,2024-03-27,P0082,C00954,S002,1,28.43,0.0,28.43,21.73,6.7,2024,3,27
O110498,2024-03-27,P0030,C01111,S009,1,41.4,0.0,41.4,25.21,16.19,2024,3,27
O111426,2024-03-27,P0055,C00129,S005,3,24.74,0.1,66.8,52.44,14.36,2024,3,27
O111703,2024-03-27,P0008,C01168,S009,3,22.28,0.0,66.84,33.42,33.42,2024,3,27
O102815,2024-03-27,P0040,C00547,S011,2,25.25,0.0,50.5,33.06,17.44,2024,3,27
O101326,2024-03-27,P0068,C00996,S006,1,100.31,0.0,100.31,81.38,18.93,2024,3,27
O103539,2024-03-27,P0072,C01155,S008,1,149.26,0.0,149.26,69.51,79.75,2024,3,27
O105266,2024-03-28,P0063,C00444,S009,1,112.94,0.1,101.65,90.69,10.96,2024,3,28
O111966,2024-03-28,P0026,C01004,S008,1,325.3,0.0,325.3,181.38,143.92,2024,3,28
O107603,2024-03-28,P0010,C01016,S006,2,14.81,0.0,29.62,24.3,5.32,2024,3,28
O105240,2024-03-28,P0061,C00955,S008,1,86.94,0.2,69.55,46.4,23.15,2024,3,28
O110704,2024-03-28,P0033,C00759,S003,1,47.81,0.0,47.81,31.21,16.6,2024,3,28
O109289,2024-03-28,P0039,C00400,S007,1,47.6,0.1,42.84,32.53,10.31,2024,3,28
O100648,2024-03-28,P0035,C00752,S010,1,21.89,0.0,21.89,12.25,9.64,2024,3,28
O102350,2024-03-28,P0066,C00165,S009,2,105.53,0.0,211.06,117.54,93.52,2024,3,28
O102801,2024-03-28,P0076,C00055,S003,2,301.81,0.05,573.44,495.78,77.66,2024,3,28
O104054,2024-03-28,P0062,C00828,S003,1,39.06,0.1,35.15,17.85,17.3,2024,3,28
O104873,2024-03-28,P0025,C00831,S004,1,18.6,0.05,17.67,14.09,3.58,2024,3,28
O100949,2024-03-28,P0024,C00968,S007,1,722.65,0.1,650.38,423.58,226.8,2024,3,28
O101603,2024-03-28,P0019,C00501,S005,2,138.62,0.0,277.24,136.3,140.94,2024,3,28
O106226,2024-03-28,P0052,C01031,S011,1,97.55,0.0,97.55,61.47,36.08,2024,3,28
O103818,2024-03-28,P0079,C00844,S002,2,120.53,0.0,241.06,186.2,54.86,2024,3,28
O100357,2024-03-28,P0054,C00938,S005,2,42.97,0.05,81.64,58.24,23.4,2024,3,28
O101118,2024-03-28,P0087,C00474,S001,1,463.9,0.05,440.7,253.65,187.05,2024,3,28
O111284,2024-03-28,P0045,C00385,S009,3,131.19,0.0,393.57,320.64,72.93,2024,3,28
O107136,2024-03-29,P0090,C00104,S005,2,575.16,0.0,1150.32,751.46,398.86,2024,3,29
O106290,2024-03-29,P0049,C00428,S012,3,366.28,0.1,988.96,518.13,470.83,2024,3,29
O111413,2024-03-29,P0090,C00812,S008,2,575.16,0.0,1150.32,751.46,398.86,2024,3,29
O108036,2024-03-29,P0050,C01050,S008,4,9.87,0.15,33.56,18.96,14.6,2024,3,29
O106242,2024-03-29,P0080,C00614,S001,2,20.59,0.0,41.18,27.88,13.3,2024,3,29
O107780,2024-03-29,P0077,C00170,S011,5,130.07,0.0,650.35,538.25,112.1,2024,3,29
O111427,2024-03-29,P0014,C00835,S011,1,13.14,0.0,13.14,6.13,7.01,2024,3,29
O109269,2024-03-29,P0011,C00628,S008,2,713.82,0.1,1284.88,903.66,381.22,2024,3,29
O110338,2024-03-30,P0076,C00484,S008,4,301.81,0.0,1207.24,991.56,215.68,2024,3,30
O104277,2024-03-30,P0055,C00987,S004,1,24.74,0.15,21.03,17.48,3.55,2024,3,30
O102616,2024-03-30,P0001,C00523,S005,1,132.87,0.0,132.87,107.4,25.47,2024,3,30
O101413,2024-03-30,P0018,C00211,S008,2,34.43,0.0,68.86,52.98,15.88,2024,3,30
O105353,2024-03-30,P0090,C00076,S001,1,575.16,0.0,575.16,375.73,199.43,2024,3,30
O109268,2024-03-30,P0063,C00280,S006,1,112.94,0.0,112.94,90.69,22.25,2024,3,30
O102424,2024-03-30,P0090,C01046,S011,2,575.16,0.0,1150.32,751.46,398.86,2024,3,30
O105319,2024-03-30,P0088,C00925,S007,2,5.57,0.05,10.58,8.62,1.96,2024,3,30
O108321,2024-03-30,P0097,C00534,S010,1,8.15,0.05,7.74,5.49,2.25,2024,3,30
O104406,2024-03-30,P0063,C00593,S008,1,112.94,0.0,112.94,90.69,22.25,2024,3,30
O106002,2024-03-30,P0042,C00048,S007,10,9.86,0.0,98.6,62.3,36.3,2024,3,30
O100961,2024-03-30,P0058,C00442,S006,1,123.22,0.0,123.22,59.47,63.75,2024,3,30
O104334,2024-03-30,P0059,C00985,S004,1,10.64,0.0,10.64,7.7,2.94,2024,3,30
O103911,2024-03-30,P0099,C00823,S002,1,5.01,0.0,5.01,2.77,2.24,2024,3,30
O104468,2024-03-30,P0044,C00359,S010,2,136.64,0.1,245.95,231.36,14.59,2024,3,30
O107732,2024-03-30,P0029,C00688,S007,2,93.75,0.0,187.5,137.52,49.98,2024,3,30
O103037,2024-03-30,P0021,C01165,S001,1,25.8,0.15,21.93,12.57,9.36,2024,3,30
O106913,2024-03-30,P0026,C00054,S010,1,325.3,0.1,292.77,181.38,111.39,2024,3,30
O100018,2024-03-30,P0061,C00532,S005,1,86.94,0.2,69.55,46.4,23.15,2024,3,30
O106570,2024-03-30,P0024,C00620,S001,2,722.65,0.0,1445.3,847.16,598.14,2024,3,30
O101089,2024-03-30,P0059,C00621,S005,1,10.64,0.0,10.64,7.7,2.94,2024,3,30
O108888,2024-03-31,P0016,C00359,S001,1,547.4,0.0,547.4,397.41,149.99,2024,3,31
O104554,2024-03-31,P0080,C00475,S001,1,20.59,0.0,20.59,13.94,6.65,2024,3,31
O107858,2024-03-31,P0089,C01007,S004,1,39.28,0.0,39.28,18.15,21.13,2024,3,31
O105846,2024-03-31,P0071,C00324,S008,5,9.68,0.0,48.4,36.9,11.5,2024,3,31
O101749,2024-03-31,P0040,C00902,S006,10,25.25,0.1,227.25,165.3,61.95,2024,3,31
O104727,2024-03-31,P0003,C00206,S003,1,44.76,0.15,38.05,33.14,4.91,2024,3,31
O104735,2024-03-31,P0063,C00975,S009,1,112.94,0.2,90.35,90.69,-0.34,2024,3,31
O100413,2024-03-31,P0024,C00294,S010,1,722.65,0.0,722.65,423.58,299.07,2024,3,31
O108543,2024-03-31,P0097,C01048,S007,1,8.15,0.0,8.15,5.49,2.66,2024,3,31
O108838,2024-03-31,P0083,C00320,S012,1,85.03,0.05,80.78,44.79,35.99,2024,3,31
O110636,2024-03-31,P0060,C00679,S001,2,80.71,0.0,161.42,102.5,58.92,2024,3,31
O101659,2024-03-31,P0024,C00609,S001,2,722.65,0.0,1445.3,847.16,598.14,2024,3,31
O100198,2024-03-31,P0075,C00185,S004,2,10.1,0.05,19.19,14.98,4.21,2024,3,31
O106074,2024-03-31,P0087,C00554,S002,2,463.9,0.15,788.63,507.3,281.33,2024,3,31
O103974,2024-03-31,P0060,C00345,S004,1,80.71,0.05,76.67,51.25,25.42,2024,3,31
O100213,2024-03-31,P0099,C00039,S010,1,5.01,0.05,4.76,2.77,1.99,2024,3,31
O107365,2024-03-31,P0055,C01067,S008,1,24.74,0.0,24.74,17.48,7.26,2024,3,31
O100626,2024-03-31,P0046,C00706,S009,1,69.45,0.05,65.98,42.58,23.4,2024,3,31
O109332,2024-04-01,P0072,C00425,S006,10,149.26,0.0,1492.6,695.1,797.5,2024,4,1
O101444,2024-04-01,P0078,C00071,S012,1,18.31,0.0,18.31,12.84,5.47,2024,4,1
O100826,2024-04-01,P0099,C01052,S006,1,5.01,0.0,5.01,2.77,2.24,2024,4,1
O106437,2024-04-01,P0021,C00626,S003,2,25.8,0.0,51.6,25.14,26.46,2024,4,1
O102359,2024-04-01,P0051,C01162,S007,1,32.14,0.1,28.93,16.02,12.91,2024,4,1
O109261,2024-04-01,P0078,C00021,S012,2,18.31,0.15,31.13,25.68,5.45,2024,4,1
O100105,2024-04-01,P0037,C00707,S007,1,61.48,0.0,61.48,48.1,13.38,2024,4,1
O102215,2024-04-01,P0078,C00788,S003,1,18.31,0.0,18.31,12.84,5.47,2024,4,1
O108088,2024-04-01,P0086,C00560,S007,1,310.61,0.05,295.08,159.69,135.39,2024,4,1
O103261,2024-04-01,P0028,C00423,S012,1,453.33,0.0,453.33,253.96,199.37,2024,4,1
O108480,2024-04-01,P0014,C00009,S012,2,13.14,0.0,26.28,12.26,14.02,2024,4,1
O108938,2024-04-01,P0074,C00562,S007,1,106.15,0.2,84.92,69.24,15.68,2024,4,1
O107051,2024-04-01,P0041,C00978,S001,4,246.7,0.0,986.8,538.92,447.88,2024,4,1
O107829,2024-04-02,P0088,C00285,S011,5,5.57,0.0,27.85,21.55,6.3,2024,4,2
O105724,2024-04-02,P0044,C00023,S002,1,136.64,0.0,136.64,115.68,20.96,2024,4,2
O105010,2024-04-02,P0091,C00216,S012,1,35.24,0.0,35.24,18.67,16.57,2024,4,2
O101719,2024-04-02,P0017,C01088,S011,2,25.27,0.0,50.54,35.54,15.0,2024,4,2
O103439,2024-04-02,P0067,C01165,S008,1,5.57,0.15,4.73,3.25,1.48,2024,4,2
O102508,2024-04-02,P0079,C00979,S005,1,120.53,0.0,120.53,93.1,27.43,2024,4,2
O108213,2024-04-02,P0072,C00043,S006,5,149.26,0.05,708.98,347.55,361.43,2024,4,2
O106184,2024-04-02,P0053,C00418,S010,1,51.37,0.0,51.37,32.27,19.1,2024,4,2
O108315,2024-04-02,P0093,C00569,S003,1,13.08,0.0,13.08,9.16,3.92,2024,4,2
O110325,2024-04-02,P0011,C00420,S012,4,713.82,0.05,2712.52,1807.32,905.2,2024,4,2
O100345,2024-04-02,P0017,C00734,S008,10,25.27,0.0,252.7,177.7,75.0,2024,4,2
O106574,2024-04-02,P0075,C00411,S001,1,10.1,0.0,10.1,7.49,2.61,2024,4,2
O104837,2024-04-02,P0045,C00706,S008,3,131.19,0.1,354.21,320.64,33.57,2024,4,2
O107875,2024-04-03,P0062,C00381,S012,3,39.06,0.2,93.74,53.55,40.19,2024,4,3
O102755,2024-04-03,P0077,C00911,S010,1,130.07,0.0,130.07,107.65,22.42,2024,4,3
O107391,2024-04-03,P0047,C01063,S004,1,125.46,0.0,125.46,59.9,65.56,2024,4,3
O111508,2024-04-03,P0087,C00017,S006,1,463.9,0.0,463.9,253.65,210.25,2024,4,3
O107430,2024-04-03,P0055,C01060,S004,1,24.74,0.0,24.74,17.48,7.26,2024,4,3
O104885,2024-04-03,P0065,C00042,S002,1,776.21,0.1,698.59,385.54,313.05,2024,4,3
O108620,2024-04-03,P0024,C00327,S011,1,722.65,0.0,722.65,423.58,299.07,2024,4,3
O111710,2024-04-03,P0060,C01048,S001,1,80.71,0.1,72.64,51.25,21.39,2024,4,3
O111632,2024-04-03,P0092,C00492,S003,1,41.48,0.05,39.41,25.41,14.0,2024,4,3
O111174,2024-04-03,P0013,C00564,S004,2,45.23,0.1,81.41,49.64,31.77,2024,4,3
O111914,2024-04-03,P0063,C00760,S003,1,112.94,0.0,112.94,90.69,22.25,2024,4,3
O110632,2024-04-04,P0010,C00206,S008,1,14.81,0.1,13.33,12.15,1.18,2024,4,4
O108398,2024-04-04,P0035,C00964,S003,1,21.89,0.05,20.8,12.25,8.55,2024,4,4
O100300,2024-04-04,P0029,C00632,S008,1,93.75,0.1,84.38,68.76,15.62,2024,4,4
O101057,2024-04-04,P0026,C00740,S005,1,325.3,0.0,325.3,181.38,143.92,2024,4,4
O107222,2024-04-04,P0038,C01052,S011,1,42.19,0.1,37.97,29.31,8.66,2024,4,4
O109562,2024-04-04,P0015,C00960,S008,1,36.03,0.05,34.23,18.61,15.62,2024,4,4
O107549,2024-04-04,P0013,C00464,S009,1,45.23,0.1,40.71,24.82,15.89,2024,4,4
O109828,2024-04-04,P0004,C00319,S003,4,29.55,0.1,106.38,57.92,48.46,2024,4,4
O104567,2024-04-04,P0058,C00325,S008,1,123.22,0.0,123.22,59.47,63.75,2024,4,4
O102236,2024-04-04,P0036,C01155,S005,2,15.34,0.1,27.61,16.58,11.03,2024,4,4
O111433,2024-04-04,P0039,C00710,S012,2,47.6,0.0,95.2,65.06,30.14,2024,4,4
O101954,2024-04-04,P0043,C00705,S004,2,11.09,0.0,22.18,11.62,10.56,2024,4,4
O101151,2024-04-04,P0087,C00152,S012,1,463.9,0.0,463.9,253.65,210.25,2024,4,4
O107924,2024-04-04,P0005,C00871,S005,1,15.5,0.1,13.95,12.07,1.88,2024,4,4
O104635,2024-04-04,P0028,C00714,S001,4,453.33,0.0,1813.32,1015.84,797.48,2024,4,4
O107689,2024-04-05,P0071,C00767,S007,1,9.68,0.0,9.68,7.38,2.3,2024,4,5
O103277,2024-04-05,P0068,C00146,S012,5,100.31,0.0,501.55,406.9,94.65,2024,4,5
O110577,2024-04-05,P0095,C00872,S012,2,118.84,0.0,237.68,156.34,81.34,2024,4,5
O109951,2024-04-05,P0031,C00966,S009,4,104.43,0.15,355.06,256.72,98.34,2024,4,5
O102825,2024-04-05,P0062,C00906,S005,3,39.06,0.0,117.18,53.55,63.63,2024,4,5
O104638,2024-04-05,P0091,C01102,S011,1,35.24,0.2,28.19,18.67,9.52,2024,4,5
O108259,2024-04-05,P0049,C00561,S012,2,366.28,0.1,659.3,345.42,313.88,2024,4,5
O110384,2024-04-05,P0050,C00173,S008,1,9.87,0.1,8.88,4.74,4.14,2024,4,5
O105932,2024-04-05,P0007,C01084,S011,1,99.07,0.0,99.07,74.71,24.36,2024,4,5
O111964,2024-04-05,P0007,C00285,S011,2,99.07,0.0,198.14,149.42,48.72,2024,4,5
O100717,2024-04-05,P0079,C00442,S006,1,120.53,0.1,108.48,93.1,15.38,2024,4,5
O104063,2024-04-05,P0090,C00793,S004,1,575.16,0.0,575.16,375.73,199.43,2024,4,5
O107969,2024-04-05,P0004,C00298,S008,1,29.55,0.0,29.55,14.48,15.07,2024,4,5
O102963,2024-04-05,P0085,C00044,S006,4,34.17,0.1,123.01,110.0,13.01,2024,4,5
O103698,2024-04-05,P0046,C00722,S007,1,69.45,0.0,69.45,42.58,26.87,2024,4,5
O109870,2024-04-05,P0088,C01150,S004,3,5.57,0.0,16.71,12.93,3.78,2024,4,5
O109021,2024-04-05,P0037,C00663,S007,1,61.48,0.05,58.41,48.1,10.31,2024,4,5
O109497,2024-04-05,P0084,C00655,S008,2,17.53,0.0,35.06,28.22,6.84,2024,4,5
O106340,2024-04-05,P0029,C01093,S009,1,93.75,0.2,75.0,68.76,6.24,2024,4,5
O111587,2024-04-05,P0067,C00775,S004,3,5.57,0.0,16.71,9.75,6.96,2024,4,5
O105428,2024-04-05,P0070,C00355,S012,4,27.07,0.0,108.28,57.0,51.28,2024,4,5
O110514,2024-04-05,P0054,C00031,S007,1,42.97,0.1,38.67,29.12,9.55,2024,4,5
O109967,2024-04-05,P0083,C00889,S012,1,85.03,0.05,80.78,44.79,35.99,2024,4,5
O108103,2024-04-06,P0073,C00470,S005,1,36.7,0.0,36.7,18.22,18.48,2024,4,6
O108673,2024-04-06,P0001,C01169,S011,1,132.87,0.0,132.87,107.4,25.47,2024,4,6
O100637,2024-04-06,P0027,C00569,S005,1,55.97,0.0,55.97,29.57,26.4,2024,4,6
O103189,2024-04-06,P0029,C00668,S011,1,93.75,0.0,93.75,68.76,24.99,2024,4,6
O100885,2024-04-06,P0082,C01089,S002,1,28.43,0.05,27.01,21.73,5.28,2024,4,6
O102960,2024-04-06,P0037,C00532,S011,1,61.48,0.1,55.33,48.1,7.23,2024,4,6
O101316,2024-04-06,P0006,C01026,S002,1,74.01,0.0,74.01,43.08,30.93,2024,4,6
O105673,2024-04-06,P0019,C00441,S007,1,138.62,0.0,138.62,68.15,70.47,2024,4,6
O106076,2024-04-06,P0097,C01057,S005,1,8.15,0.0,8.15,5.49,2.66,2024,4,6
O108478,2024-04-07,P0024,C00753,S008,2,722.65,0.2,1156.24,847.16,309.08,2024,4,7
O110041,2024-04-07,P0083,C00597,S012,3,85.03,0.0,255.09,134.37,120.72,2024,4,7
O106778,2024-04-07,P0043,C01067,S001,1,11.09,0.0,11.09,5.81,5.28,2024,4,7
O100610,2024-04-07,P0088,C00728,S011,1,5.57,0.0,5.57,4.31,1.26,2024,4,7
O111695,2024-04-07,P0022,C00674,S007,1,42.03,0.2,33.62,30.14,3.48,2024,4,7
O111532,2024-04-07,P0063,C01194,S006,2,112.94,0.0,225.88,181.38,44.5,2024,4,7
O100763,2024-04-07,P0071,C00726,S001,1,9.68,0.0,9.68,7.38,2.3,2024,4,7
O111719,2024-04-07,P0065,C00628,S005,4,776.21,0.0,3104.84,1542.16,1562.68,2024,4,7
O111196,2024-04-07,P0033,C00925,S005,2,47.81,0.0,95.62,62.42,33.2,2024,4,7
O102909,2024-04-07,P0061,C00149,S004,1,86.94,0.05,82.59,46.4,36.19,2024,4,7
O100118,2024-04-07,P0082,C00946,S009,1,28.43,0.1,25.59,21.73,3.86,2024,4,7
O101395,2024-04-07,P0002,C00534,S002,2,130.95,0.0,261.9,200.12,61.78,2024,4,7
O108857,2024-04-07,P0049,C00391,S005,1,366.28,0.15,311.34,172.71,138.63,2024,4,7
O105873,2024-04-07,P0024,C00223,S009,1,722.65,0.0,722.65,423.58,299.07,2024,4,7
O106497,2024-04-07,P0028,C00202,S006,2,453.33,0.15,770.66,507.92,262.74,2024,4,7
O111090,2024-04-07,P0028,C00833,S011,2,453.33,0.1,815.99,507.92,308.07,2024,4,7
O108826,2024-04-07,P0026,C00164,S004,1,325.3,0.0,325.3,181.38,143.92,2024,4,7
O107319,2024-04-07,P0095,C00840,S006,1,118.84,0.0,118.84,78.17,40.67,2024,4,7
O107247,2024-04-07,P0079,C00135,S004,1,120.53,0.1,108.48,93.1,15.38,2024,4,7
O108126,2024-04-08,P0062,C00920,S008,1,39.06,0.05,37.11,17.85,19.26,2024,4,8
O107765,2024-04-08,P0072,C00274,S006,2,149.26,0.05,283.59,139.02,144.57,2024,4,8
O110105,2024-04-08,P0013,C00532,S012,1,45.23,0.1,40.71,24.82,15.89,2024,4,8
O107731,2024-04-08,P0029,C01090,S005,3,93.75,0.1,253.12,206.28,46.84,2024,4,8
O106821,2024-04-08,P0002,C00089,S005,1,130.95,0.0,130.95,100.06,30.89,2024,4,8
O103650,2024-04-08,P0084,C00450,S001,4,17.53,0.0,70.12,56.44,13.68,2024,4,8
O100163,2024-04-08,P0066,C01199,S011,1,105.53,0.0,105.53,58.77,46.76,2024,4,8
O110625,2024-04-08,P0007,C01132,S008,1,99.07,0.0,99.07,74.71,24.36,2024,4,8
O103495,2024-04-08,P0031,C00116,S005,1,104.43,0.1,93.99,64.18,29.81,2024,4,8
O111213,2024-04-08,P0028,C01193,S003,1,453.33,0.05,430.66,253.96,176.7,2024,4,8
O103347,2024-04-08,P0028,C00288,S011,1,453.33,0.0,453.33,253.96,199.37,2024,4,8
O108759,2024-04-08,P0020,C00916,S010,3,30.45,0.0,91.35,61.77,29.58,2024,4,8
O109321,2024-04-08,P0098,C00152,S006,2,37.83,0.0,75.66,58.0,17.66,2024,4,8
O105004,2024-04-08,P0020,C00436,S010,2,30.45,0.05,57.86,41.18,16.68,2024,4,8
O103523,2024-04-08,P0018,C00409,S001,1,34.43,0.0,34.43,26.49,7.94,2024,4,8
O109369,2024-04-08,P0007,C00420,S003,1,99.07,0.05,94.12,74.71,19.41,2024,4,8
O110552,2024-04-08,P0024,C00155,S004,3,722.65,0.0,2167.95,1270.74,897.21,2024,4,8
O109802,2024-04-08,P0100,C00076,S007,1,142.46,0.0,142.46,91.14,51.32,2024,4,8
O100276,2024-04-09,P0069,C00917,S001,3,85.27,0.0,255.81,197.58,58.23,2024,4,9
O104595,2024-04-09,P0026,C01112,S007,1,325.3,0.05,309.03,181.38,127.65,2024,4,9
O100391,2024-04-09,P0074,C00801,S010,1,106.15,0.2,84.92,69.24,15.68,2024,4,9
O106506,2024-04-09,P0030,C00072,S008,1,41.4,0.0,41.4,25.21,16.19,2024,4,9
O111897,2024-04-09,P0037,C01162,S012,1,61.48,0.0,61.48,48.1,13.38,2024,4,9
O103743,2024-04-09,P0049,C01140,S005,2,366.28,0.0,732.56,345.42,387.14,2024,4,9
O111466,2024-04-09,P0067,C00179,S006,1,5.57,0.0,5.57,3.25,2.32,2024,4,9
O104655,2024-04-09,P0038,C00545,S011,2,42.19,0.0,84.38,58.62,25.76,2024,4,9
O103136,2024-04-09,P0087,C01040,S009,2,463.9,0.0,927.8,507.3,420.5,2024,4,9
O106780,2024-04-09,P0072,C00184,S009,1,149.26,0.0,149.26,69.51,79.75,2024,4,9
O108330,2024-04-09,P0056,C00211,S012,1,20.73,0.0,20.73,16.75,3.98,2024,4,9
O111598,2024-04-09,P0077,C00700,S012,1,130.07,0.0,130.07,107.65,22.42,2024,4,9
O101183,2024-04-09,P0062,C00307,S002,1,39.06,0.0,39.06,17.85,21.21,2024,4,9
O100380,2024-04-09,P0047,C00279,S004,2,125.46,0.1,225.83,119.8,106.03,2024,4,9
O104730,2024-04-09,P0076,C00157,S011,2,301.81,0.0,603.62,495.78,107.84,2024,4,9
O103486,2024-04-09,P0044,C00428,S011,1,136.64,0.0,136.64,115.68,20.96,2024,4,9
O104315,2024-04-09,P0045,C00620,S008,3,131.19,0.0,393.57,320.64,72.93,2024,4,9
O111406,2024-04-09,P0020,C00993,S006,1,30.45,0.0,30.45,20.59,9.86,2024,4,9
O104753,2024-04-09,P0011,C00327,S008,1,713.82,0.0,713.82,451.83,261.99,2024,4,9
O108728,2024-04-09,P0070,C01024,S004,1,27.07,0.15,23.01,14.25,8.76,2024,4,9
O102390,2024-04-10,P0084,C00971,S002,1,17.53,0.0,17.53,14.11,3.42,2024,4,10
O103719,2024-04-10,P0079,C00412,S001,2,120.53,0.0,241.06,186.2,54.86,2024,4,10
O105659,2024-04-10,P0043,C00227,S006,1,11.09,0.1,9.98,5.81,4.17,2024,4,10
O108815,2024-04-10,P0084,C00357,S012,1,17.53,0.15,14.9,14.11,0.79,2024,4,10
O110379,2024-04-10,P0009,C00750,S003,3,8.02,0.05,22.86,18.27,4.59,2024,4,10
O105697,2024-04-10,P0062,C00351,S010,1,39.06,0.05,37.11,17.85,19.26,2024,4,10
O102634,2024-04-10,P0098,C00362,S012,5,37.83,0.0,189.15,145.0,44.15,2024,4,10
O103046,2024-04-10,P0076,C00854,S012,2,301.81,0.0,603.62,495.78,107.84,2024,4,10
O100788,2024-04-10,P0003,C00746,S004,2,44.76,0.05,85.04,66.28,18.76,2024,4,10
O109928,2024-04-10,P0005,C00519,S006,1,15.5,0.0,15.5,12.07,3.43,2024,4,10
O106935,2024-04-10,P0078,C00512,S007,5,18.31,0.0,91.55,64.2,27.35,2024,4,10
O102783,2024-04-10,P0007,C00248,S009,1,99.07,0.0,99.07,74.71,24.36,2024,4,10
O107697,2024-04-10,P0084,C00648,S004,1,17.53,0.0,17.53,14.11,3.42,2024,4,10
O107387,2024-04-10,P0089,C00578,S010,3,39.28,0.05,111.95,54.45,57.5,2024,4,10
O110982,2024-04-10,P0061,C01026,S007,1,86.94,0.0,86.94,46.4,40.54,2024,4,10
O105299,2024-04-10,P0041,C01053,S008,2,246.7,0.1,444.06,269.46,174.6,2024,4,10
O109437,2024-04-10,P0055,C01095,S005,1,24.74,0.1,22.27,17.48,4.79,2024,4,10
O103390,2024-04-10,P0035,C01193,S012,1,21.89,0.0,21.89,12.25,9.64,2024,4,10
O107700,2024-04-10,P0075,C00844,S011,1,10.1,0.0,10.1,7.49,2.61,2024,4,10
O102874,2024-04-10,P0082,C00163,S011,3,28.43,0.0,85.29,65.19,20.1,2024,4,10
O100474,2024-04-10,P0058,C00281,S009,3,123.22,0.15,314.21,178.41,135.8,2024,4,10
O109164,2024-04-10,P0028,C00391,S011,1,453.33,0.1,408.0,253.96,154.04,2024,4,10
O102993,2024-04-11,P0024,C00841,S002,1,722.65,0.0,722.65,423.58,299.07,2024,4,11
O104549,2024-04-11,P0074,C00761,S011,1,106.15,0.1,95.54,69.24,26.3,2024,4,11
O108325,2024-04-11,P0075,C00874,S007,1,10.1,0.0,10.1,7.49,2.61,2024,4,11
O101535,2024-04-11,P0063,C00650,S010,2,112.94,0.2,180.7,181.38,-0.68,2024,4,11
O101247,2024-04-11,P0022,C00822,S009,1,42.03,0.1,37.83,30.14,7.69,2024,4,11
O111137,2024-04-11,P0084,C00534,S001,2,17.53,0.05,33.31,28.22,5.09,2024,4,11
O108578,2024-04-11,P0009,C00813,S007,1,8.02,0.2,6.42,6.09,0.33,2024,4,11
O103613,2024-04-11,P0007,C00465,S002,2,99.07,0.0,198.14,149.42,48.72,2024,4,11
O102282,2024-04-11,P0074,C00161,S012,2,106.15,0.0,212.3,138.48,73.82,2024,4,11
O105498,2024-04-12,P0082,C01175,S006,2,28.43,0.0,56.86,43.46,13.4,2024,4,12
O106796,2024-04-12,P0029,C01050,S002,1,93.75,0.1,84.38,68.76,15.62,2024,4,12
O100842,2024-04-12,P0047,C00295,S006,2,125.46,0.2,200.74,119.8,80.94,2024,4,12
O111235,2024-04-12,P0095,C00454,S011,1,118.84,0.1,106.96,78.17,28.79,2024,4,12
O107043,2024-04-12,P0003,C00675,S009,3,44.76,0.05,127.57,99.42,28.15,2024,4,12
O106605,2024-04-12,P0042,C00302,S011,3,9.86,0.0,29.58,18.69,10.89,2024,4,12
O108636,2024-04-12,P0010,C00962,S011,1,14.81,0.0,14.81,12.15,2.66,2024,4,12
O109933,2024-04-12,P0086,C00769,S007,1,310.61,0.0,310.61,159.69,150.92,2024,4,12
O101383,2024-04-12,P0016,C00935,S012,2,547.4,0.0,1094.8,794.82,299.98,2024,4,12
O106248,2024-04-12,P0053,C01068,S001,1,51.37,0.0,51.37,32.27,19.1,2024,4,12
O111929,2024-04-12,P0016,C01185,S006,1,547.4,0.0,547.4,397.41,149.99,2024,4,12
O106353,2024-04-12,P0031,C00386,S001,3,104.43,0.05,297.63,192.54,105.09,2024,4,12
O111649,2024-04-12,P0050,C00249,S004,2,9.87,0.05,18.75,9.48,9.27,2024,4,12
O100535,2024-04-12,P0059,C00485,S011,1,10.64,0.1,9.58,7.7,1.88,2024,4,12
O106196,2024-04-12,P0030,C00492,S005,2,41.4,0.0,82.8,50.42,32.38,2024,4,12
O108566,2024-04-12,P0070,C00560,S007,1,27.07,0.05,25.72,14.25,11.47,2024,4,12
O101789,2024-04-12,P0048,C00336,S004,4,113.33,0.0,453.32,330.2,123.12,2024,4,12
O111772,2024-04-12,P0031,C00652,S001,1,104.43,0.1,93.99,64.18,29.81,2024,4,12
O108521,2024-04-13,P0050,C00198,S004,1,9.87,0.0,9.87,4.74,5.13,2024,4,13
O110097,2024-04-13,P0016,C00443,S008,1,547.4,0.0,547.4,397.41,149.99,2024,4,13
O103962,2024-04-13,P0058,C01164,S009,4,123.22,0.2,394.3,237.88,156.42,2024,4,13
O101895,2024-04-13,P0064,C00359,S002,1,12.06,0.0,12.06,5.48,6.58,2024,4,13
O100855,2024-04-13,P0035,C00995,S004,2,21.89,0.2,35.02,24.5,10.52,2024,4,13
O106812,2024-04-13,P0066,C00440,S004,2,105.53,0.15,179.4,117.54,61.86,2024,4,13
O111699,2024-04-13,P0010,C00047,S011,1,14.81,0.1,13.33,12.15,1.18,2024,4,13
O111280,2024-04-13,P0033,C01195,S003,1,47.81,0.0,47.81,31.21,16.6,2024,4,13
O101598,2024-04-13,P0093,C00804,S008,1,13.08,0.05,12.43,9.16,3.27,2024,4,13
O105983,2024-04-13,P0050,C00169,S011,1,9.87,0.1,8.88,4.74,4.14,2024,4,13
O106529,2024-04-13,P0073,C00668,S010,2,36.7,0.1,66.06,36.44,29.62,2024,4,13
O107487,2024-04-13,P0056,C01136,S002,1,20.73,0.0,20.73,16.75,3.98,2024,4,13
O105753,2024-04-14,P0056,C01038,S009,2,20.73,0.0,41.46,33.5,7.96,2024,4,14
O102950,2024-04-14,P0034,C00033,S003,1,84.19,0.0,84.19,69.04,15.15,2024,4,14
O101015,2024-04-14,P0085,C00248,S002,2,34.17,0.0,68.34,55.0,13.34,2024,4,14
O105747,2024-04-14,P0087,C00566,S006,1,463.9,0.05,440.7,253.65,187.05,2024,4,14
O110362,2024-04-14,P0055,C01091,S002,4,24.74,0.0,98.96,69.92,29.04,2024,4,14
O105139,2024-04-14,P0062,C00274,S009,1,39.06,0.15,33.2,17.85,15.35,2024,4,14
O107054,2024-04-14,P0050,C00344,S001,2,9.87,0.0,19.74,9.48,10.26,2024,4,14
O103659,2024-04-14,P0074,C00634,S008,2,106.15,0.05,201.68,138.48,63.2,2024,4,14
O103004,2024-04-14,P0030,C01169,S012,1,41.4,0.0,41.4,25.21,16.19,2024,4,14
O105543,2024-04-14,P0098,C00319,S004,2,37.83,0.0,75.66,58.0,17.66,2024,4,14
O100821,2024-04-14,P0003,C00619,S001,1,44.76,0.1,40.28,33.14,7.14,2024,4,14
O104976,2024-04-14,P0013,C00816,S002,1,45.23,0.0,45.23,24.82,20.41,2024,4,14
O103979,2024-04-14,P0059,C00980,S003,5,10.64,0.1,47.88,38.5,9.38,2024,4,14
O107930,2024-04-14,P0048,C00532,S002,1,113.33,0.05,107.66,82.55,25.11,2024,4,14
O106066,2024-04-14,P0065,C00253,S005,2,776.21,0.0,1552.42,771.08,781.34,2024,4,14
O100170,2024-04-15,P0053,C00501,S011,2,51.37,0.0,102.74,64.54,38.2,2024,4,15
O107717,2024-04-15,P0049,C00824,S002,1,366.28,0.1,329.65,172.71,156.94,2024,4,15
O109147,2024-04-15,P0009,C01054,S012,2,8.02,0.0,16.04,12.18,3.86,2024,4,15
O109246,2024-04-15,P0096,C00447,S007,1,63.84,0.1,57.46,35.05,22.41,2024,4,15
O104000,2024-04-15,P0077,C01149,S008,1,130.07,0.0,130.07,107.65,22.42,2024,4,15
O103161,2024-04-15,P0026,C00316,S011,1,325.3,0.0,325.3,181.38,143.92,2024,4,15
O102368,2024-04-15,P0039,C00656,S007,1,47.6,0.15,40.46,32.53,7.93,2024,4,15
O106162,2024-04-15,P0018,C00697,S002,1,34.43,0.0,34.43,26.49,7.94,2024,4,15
O105998,2024-04-15,P0029,C00740,S002,1,93.75,0.05,89.06,68.76,20.3,2024,4,15
O109633,2024-04-15,P0054,C00659,S001,1,42.97,0.0,42.97,29.12,13.85,2024,4,15
O100835,2024-04-16,P0041,C00063,S002,1,246.7,0.0,246.7,134.73,111.97,2024,4,16
O109452,2024-04-16,P0010,C00056,S005,3,14.81,0.0,44.43,36.45,7.98,2024,4,16
O103516,2024-04-16,P0061,C00748,S004,1,86.94,0.05,82.59,46.4,36.19,2024,4,16
O103431,2024-04-16,P0002,C00773,S012,2,130.95,0.0,261.9,200.12,61.78,2024,4,16
O110574,2024-04-16,P0010,C00264,S005,1,14.81,0.0,14.81,12.15,2.66,2024,4,16
O101999,2024-04-16,P0051,C00471,S002,1,32.14,0.0,32.14,16.02,16.12,2024,4,16
O107212,2024-04-16,P0065,C00244,S011,1,776.21,0.0,776.21,385.54,390.67,2024,4,16
O107730,2024-04-16,P0081,C01063,S001,1,143.09,0.0,143.09,110.0,33.09,2024,4,16
O105546,2024-04-16,P0038,C00712,S006,2,42.19,0.0,84.38,58.62,25.76,2024,4,16
O110711,2024-04-16,P0006,C00690,S012,1,74.01,0.0,74.01,43.08,30.93,2024,4,16
O101528,2024-04-16,P0075,C00389,S007,4,10.1,0.05,38.38,29.96,8.42,2024,4,16
O102797,2024-04-16,P0051,C00289,S008,2,32.14,0.15,54.64,32.04,22.6,2024,4,16
O111789,2024-04-16,P0098,C01076,S012,1,37.83,0.05,35.94,29.0,6.94,2024,4,16
O107997,2024-04-16,P0085,C01071,S012,1,34.17,0.0,34.17,27.5,6.67,2024,4,16
O106443,2024-04-16,P0011,C00594,S010,2,713.82,0.0,1427.64,903.66,523.98,2024,4,16
O103857,2024-04-16,P0033,C00246,S011,1,47.81,0.0,47.81,31.21,16.6,2024,4,16
O105391,2024-04-16,P0034,C01189,S008,1,84.19,0.05,79.98,69.04,10.94,2024,4,16
O107024,2024-04-16,P0100,C00333,S004,3,142.46,0.05,406.01,273.42,132.59,2024,4,16
O105831,2024-04-16,P0058,C00674,S009,2,123.22,0.1,221.8,118.94,102.86,2024,4,16
O105705,2024-04-16,P0100,C00692,S008,2,142.46,0.0,284.92,182.28,102.64,2024,4,16
O109566,2024-04-16,P0098,C00603,S012,1,37.83,0.0,37.83,29.0,8.83,2024,4,16
O110830,2024-04-16,P0070,C00478,S006,3,27.07,0.1,73.09,42.75,30.34,2024,4,16
O102569,2024-04-16,P0044,C00674,S006,1,136.64,0.05,129.81,115.68,14.13,2024,4,16
O100707,2024-04-17,P0034,C00357,S010,2,84.19,0.05,159.96,138.08,21.88,2024,4,17
O111014,2024-04-17,P0048,C00118,S008,1,113.33,0.0,113.33,82.55,30.78,2024,4,17
O103831,2024-04-17,P0038,C00099,S006,1,42.19,0.05,40.08,29.31,10.77,2024,4,17
O111727,2024-04-17,P0023,C00313,S011,1,818.22,0.0,818.22,630.15,188.07,2024,4,17
O108121,2024-04-17,P0070,C01002,S009,1,27.07,0.0,27.07,14.25,12.82,2024,4,17
O103361,2024-04-17,P0088,C00965,S012,1,5.57,0.05,5.29,4.31,0.98,2024,4,17
O103511,2024-04-17,P0042,C01191,S010,1,9.86,0.0,9.86,6.23,3.63,2024,4,17
O100897,2024-04-17,P0040,C00901,S008,1,25.25,0.0,25.25,16.53,8.72,2024,4,17
O105061,2024-04-17,P0099,C00842,S008,2,5.01,0.05,9.52,5.54,3.98,2024,4,17
O106005,2024-04-17,P0017,C00551,S002,2,25.27,0.05,48.01,35.54,12.47,2024,4,17
O100913,2024-04-17,P0026,C01032,S011,1,325.3,0.0,325.3,181.38,143.92,2024,4,17
O105997,2024-04-17,P0018,C00718,S006,3,34.43,0.1,92.96,79.47,13.49,2024,4,17
O103810,2024-04-17,P0031,C00242,S005,1,104.43,0.05,99.21,64.18,35.03,2024,4,17
O109817,2024-04-17,P0074,C00905,S005,10,106.15,0.0,1061.5,692.4,369.1,2024,4,17
O109126,2024-04-18,P0077,C00711,S001,2,130.07,0.0,260.14,215.3,44.84,2024,4,18
O107619,2024-04-18,P0044,C00737,S011,3,136.64,0.05,389.42,347.04,42.38,2024,4,18
O105815,2024-04-18,P0056,C00862,S003,5,20.73,0.2,82.92,83.75,-0.83,2024,4,18
O104407,2024-04-18,P0003,C00401,S003,1,44.76,0.15,38.05,33.14,4.91,2024,4,18
O106741,2024-04-18,P0095,C00468,S012,1,118.84,0.15,101.01,78.17,22.84,2024,4,18
O109435,2024-04-18,P0026,C00644,S008,2,325.3,0.15,553.01,362.76,190.25,2024,4,18
O100210,2024-04-18,P0089,C01165,S012,2,39.28,0.0,78.56,36.3,42.26,2024,4,18
O109782,2024-04-18,P0038,C00761,S008,1,42.19,0.0,42.19,29.31,12.88,2024,4,18
O105848,2024-04-18,P0007,C00600,S004,4,99.07,0.0,396.28,298.84,97.44,2024,4,18
O100836,2024-04-18,P0036,C00889,S003,3,15.34,0.0,46.02,24.87,21.15,2024,4,18
O102846,2024-04-18,P0055,C00405,S001,1,24.74,0.0,24.74,17.48,7.26,2024,4,18
O110901,2024-04-18,P0068,C00346,S011,1,100.31,0.1,90.28,81.38,8.9,2024,4,18
O108255,2024-04-18,P0097,C00717,S010,1,8.15,0.0,8.15,5.49,2.66,2024,4,18
O109406,2024-04-18,P0066,C00124,S003,2,105.53,0.05,200.51,117.54,82.97,2024,4,18
O103855,2024-04-18,P0014,C00296,S006,1,13.14,0.0,13.14,6.13,7.01,2024,4,18
O105117,2024-04-18,P0024,C00060,S001,4,722.65,0.0,2890.6,1694.32,1196.28,2024,4,18
O106013,2024-04-18,P0068,C00738,S004,1,100.31,0.1,90.28,81.38,8.9,2024,4,18
O100891,2024-04-18,P0050,C00010,S001,1,9.87,0.05,9.38,4.74,4.64,2024,4,18
O109516,2024-04-19,P0066,C00054,S010,1,105.53,0.0,105.53,58.77,46.76,2024,4,19
O111542,2024-04-19,P0032,C00190,S002,2,62.15,0.0,124.3,90.58,33.72,2024,4,19
O101181,2024-04-19,P0090,C01006,S008,1,575.16,0.1,517.64,375.73,141.91,2024,4,19
O108842,2024-04-19,P0053,C00362,S003,1,51.37,0.0,51.37,32.27,19.1,2024,4,19
O109944,2024-04-19,P0082,C01002,S010,2,28.43,0.0,56.86,43.46,13.4,2024,4,19
O105375,2024-04-19,P0071,C00693,S002,2,9.68,0.0,19.36,14.76,4.6,2024,4,19
O110358,2024-04-19,P0046,C00255,S005,1,69.45,0.05,65.98,42.58,23.4,2024,4,19
O102739,2024-04-19,P0018,C00185,S002,3,34.43,0.0,103.29,79.47,23.82,2024,4,19
O107734,2024-04-19,P0017,C00412,S004,1,25.27,0.0,25.27,17.77,7.5,2024,4,19
O105579,2024-04-19,P0029,C00249,S004,2,93.75,0.05,178.12,137.52,40.6,2024,4,19
O104367,2024-04-19,P0043,C01087,S012,1,11.09,0.0,11.09,5.81,5.28,2024,4,19
O109865,2024-04-19,P0021,C00720,S002,1,25.8,0.1,23.22,12.57,10.65,2024,4,19
O108502,2024-04-19,P0058,C00704,S006,1,123.22,0.0,123.22,59.47,63.75,2024,4,19
O101653,2024-04-19,P0099,C00819,S001,1,5.01,0.0,5.01,2.77,2.24,2024,4,19
O108124,2024-04-19,P0090,C00434,S003,2,575.16,0.0,1150.32,751.46,398.86,2024,4,19
O107752,2024-04-19,P0006,C00940,S001,1,74.01,0.1,66.61,43.08,23.53,2024,4,19
O110118,2024-04-19,P0085,C00238,S012,3,34.17,0.0,102.51,82.5,20.01,2024,4,19
O101992,2024-04-19,P0055,C00608,S004,2,24.74,0.0,49.48,34.96,14.52,2024,4,19
O100083,2024-04-20,P0046,C00417,S007,3,69.45,0.2,166.68,127.74,38.94,2024,4,20
O100382,2024-04-20,P0080,C00494,S003,4,20.59,0.0,82.36,55.76,26.6,2024,4,20
O111480,2024-04-20,P0030,C00654,S004,1,41.4,0.0,41.4,25.21,16.19,2024,4,20
O109053,2024-04-20,P0009,C00437,S007,1,8.02,0.0,8.02,6.09,1.93,2024,4,20
O106216,2024-04-20,P0086,C00763,S001,1,310.61,0.15,264.02,159.69,104.33,2024,4,20
O105930,2024-04-20,P0018,C00798,S009,3,34.43,0.0,103.29,79.47,23.82,2024,4,20
O105700,2024-04-20,P0081,C00742,S003,1,143.09,0.05,135.94,110.0,25.94,2024,4,20
O105940,2024-04-20,P0066,C00492,S009,2,105.53,0.05,200.51,117.54,82.97,2024,4,20
O100121,2024-04-20,P0081,C01015,S002,1,143.09,0.0,143.09,110.0,33.09,2024,4,20
O109676,2024-04-20,P0069,C01061,S006,1,85.27,0.0,85.27,65.86,19.41,2024,4,20
O100590,2024-04-20,P0048,C00529,S012,1,113.33,0.05,107.66,82.55,25.11,2024,4,20
O103956,2024-04-20,P0052,C00624,S001,2,97.55,0.0,195.1,122.94,72.16,2024,4,20
O104844,2024-04-20,P0044,C00011,S007,2,136.64,0.05,259.62,231.36,28.26,2024,4,20
O106696,2024-04-20,P0073,C00529,S004,2,36.7,0.0,73.4,36.44,36.96,2024,4,20
O103054,2024-04-20,P0014,C00102,S006,1,13.14,0.1,11.83,6.13,5.7,2024,4,20
O108125,2024-04-20,P0086,C00945,S009,3,310.61,0.0,931.83,479.07,452.76,2024,4,20
O100911,2024-04-20,P0020,C00152,S002,10,30.45,0.0,304.5,205.9,98.6,2024,4,20
O106496,2024-04-21,P0076,C00843,S001,2,301.81,0.1,543.26,495.78,47.48,2024,4,21
O102854,2024-04-21,P0058,C00508,S002,1,123.22,0.1,110.9,59.47,51.43,2024,4,21
O108120,2024-04-21,P0072,C00929,S007,1,149.26,0.0,149.26,69.51,79.75,2024,4,21
O110949,2024-04-21,P0039,C01149,S004,2,47.6,0.15,80.92,65.06,15.86,2024,4,21
O109513,2024-04-21,P0041,C00399,S010,1,246.7,0.15,209.7,134.73,74.97,2024,4,21
O105644,2024-04-21,P0002,C00327,S011,2,130.95,0.0,261.9,200.12,61.78,2024,4,21
O107208,2024-04-21,P0016,C01102,S007,1,547.4,0.1,492.66,397.41,95.25,2024,4,21
O110046,2024-04-21,P0043,C00640,S007,1,11.09,0.0,11.09,5.81,5.28,2024,4,21
O108313,2024-04-21,P0078,C00130,S004,4,18.31,0.15,62.25,51.36,10.89,2024,4,21
O110648,2024-04-21,P0053,C00687,S006,2,51.37,0.0,102.74,64.54,38.2,2024,4,21
O100632,2024-04-21,P0096,C00121,S008,1,63.84,0.0,63.84,35.05,28.79,2024,4,21
O108600,2024-04-21,P0061,C01096,S005,5,86.94,0.0,434.7,232.0,202.7,2024,4,21
O109528,2024-04-21,P0042,C00062,S005,1,9.86,0.0,9.86,6.23,3.63,2024,4,21
O103312,2024-04-21,P0025,C00563,S011,2,18.6,0.0,37.2,28.18,9.02,2024,4,21
O104411,2024-04-22,P0038,C01146,S009,2,42.19,0.0,84.38,58.62,25.76,2024,4,22
O100483,2024-04-22,P0024,C00910,S002,1,722.65,0.0,722.65,423.58,299.07,2024,4,22
O105253,2024-04-22,P0053,C00099,S002,1,51.37,0.0,51.37,32.27,19.1,2024,4,22
O108672,2024-04-22,P0066,C00227,S004,1,105.53,0.2,84.42,58.77,25.65,2024,4,22
O109511,2024-04-22,P0066,C00442,S004,2,105.53,0.0,211.06,117.54,93.52,2024,4,22
O105370,2024-04-22,P0010,C00171,S012,1,14.81,0.0,14.81,12.15,2.66,2024,4,22
O102850,2024-04-22,P0014,C00678,S007,1,13.14,0.0,13.14,6.13,7.01,2024,4,22
O100290,2024-04-22,P0043,C01036,S008,1,11.09,0.1,9.98,5.81,4.17,2024,4,22
O110984,2024-04-22,P0090,C00322,S005,1,575.16,0.0,575.16,375.73,199.43,2024,4,22
O103828,2024-04-22,P0080,C00183,S012,2,20.59,0.0,41.18,27.88,13.3,2024,4,22
O109461,2024-04-22,P0017,C00862,S006,1,25.27,0.05,24.01,17.77,6.24,2024,4,22
O106945,2024-04-22,P0054,C00561,S006,1,42.97,0.0,42.97,29.12,13.85,2024,4,22
O103728,2024-04-22,P0065,C01056,S009,1,776.21,0.2,620.97,385.54,235.43,2024,4,22
O101139,2024-04-23,P0011,C00218,S001,1,713.82,0.1,642.44,451.83,190.61,2024,4,23
O105456,2024-04-23,P0006,C00412,S006,1,74.01,0.2,59.21,43.08,16.13,2024,4,23
O105492,2024-04-23,P0012,C01111,S006,2,88.36,0.0,176.72,125.8,50.92,2024,4,23
O104375,2024-04-23,P0035,C00002,S007,1,21.89,0.15,18.61,12.25,6.36,2024,4,23
O110491,2024-04-23,P0031,C00148,S004,2,104.43,0.15,177.53,128.36,49.17,2024,4,23
O111477,2024-04-23,P0100,C00379,S010,10,142.46,0.0,1424.6,911.4,513.2,2024,4,23
O111499,2024-04-23,P0055,C00361,S011,1,24.74,0.0,24.74,17.48,7.26,2024,4,23
O103241,2024-04-23,P0087,C00101,S001,2,463.9,0.0,927.8,507.3,420.5,2024,4,23
O100638,2024-04-23,P0051,C00913,S011,1,32.14,0.15,27.32,16.02,11.3,2024,4,23
O101442,2024-04-23,P0013,C00223,S007,1,45.23,0.0,45.23,24.82,20.41,2024,4,23
O100461,2024-04-23,P0045,C00940,S005,1,131.19,0.0,131.19,106.88,24.31,2024,4,23
O108654,2024-04-23,P0018,C00239,S005,1,34.43,0.0,34.43,26.49,7.94,2024,4,23
O105875,2024-04-23,P0098,C00079,S011,2,37.83,0.0,75.66,58.0,17.66,2024,4,23
O110779,2024-04-23,P0060,C00043,S008,1,80.71,0.0,80.71,51.25,29.46,2024,4,23
O105466,2024-04-23,P0093,C00178,S011,1,13.08,0.1,11.77,9.16,2.61,2024,4,23
O109626,2024-04-24,P0052,C00799,S008,2,97.55,0.0,195.1,122.94,72.16,2024,4,24
O106872,2024-04-24,P0045,C01169,S002,4,131.19,0.0,524.76,427.52,97.24,2024,4,24
O103825,2024-04-24,P0096,C00187,S011,5,63.84,0.15,271.32,175.25,96.07,2024,4,24
O105144,2024-04-24,P0071,C00097,S005,1,9.68,0.0,9.68,7.38,2.3,2024,4,24
O106441,2024-04-24,P0003,C00009,S002,1,44.76,0.05,42.52,33.14,9.38,2024,4,24
O102661,2024-04-24,P0049,C00924,S009,1,366.28,0.05,347.97,172.71,175.26,2024,4,24
O100706,2024-04-24,P0009,C00150,S004,1,8.02,0.0,8.02,6.09,1.93,2024,4,24
O106488,2024-04-24,P0064,C00661,S001,2,12.06,0.1,21.71,10.96,10.75,2024,4,24
O107799,2024-04-24,P0001,C00082,S008,1,132.87,0.05,126.23,107.4,18.83,2024,4,24
O101899,2024-04-24,P0020,C00593,S004,2,30.45,0.15,51.76,41.18,10.58,2024,4,24
O102851,2024-04-24,P0088,C00773,S012,1,5.57,0.0,5.57,4.31,1.26,2024,4,24
O103473,2024-04-24,P0030,C00253,S011,1,41.4,0.0,41.4,25.21,16.19,2024,4,24
O103978,2024-04-24,P0100,C00322,S011,1,142.46,0.0,142.46,91.14,51.32,2024,4,24
O106706,2024-04-25,P0073,C00801,S007,1,36.7,0.0,36.7,18.22,18.48,2024,4,25
O110222,2024-04-25,P0058,C00214,S011,4,123.22,0.0,492.88,237.88,255.0,2024,4,25
O108820,2024-04-25,P0060,C00748,S001,3,80.71,0.0,242.13,153.75,88.38,2024,4,25
O108031,2024-04-25,P0022,C01046,S008,3,42.03,0.0,126.09,90.42,35.67,2024,4,25
O107586,2024-04-25,P0049,C00353,S006,1,366.28,0.0,366.28,172.71,193.57,2024,4,25
O103051,2024-04-25,P0039,C01176,S007,2,47.6,0.0,95.2,65.06,30.14,2024,4,25
O109637,2024-04-25,P0061,C00030,S001,2,86.94,0.1,156.49,92.8,63.69,2024,4,25
O110775,2024-04-25,P0059,C00123,S012,2,10.64,0.0,21.28,15.4,5.88,2024,4,25
O107850,2024-04-25,P0076,C00538,S002,2,301.81,0.0,603.62,495.78,107.84,2024,4,25
O100431,2024-04-25,P0077,C01036,S005,1,130.07,0.0,130.07,107.65,22.42,2024,4,25
O109427,2024-04-25,P0098,C00591,S006,2,37.83,0.15,64.31,58.0,6.31,2024,4,25
O109075,2024-04-25,P0052,C00493,S009,1,97.55,0.0,97.55,61.47,36.08,2024,4,25
O109313,2024-04-25,P0033,C00678,S002,10,47.81,0.0,478.1,312.1,166.0,2024,4,25
O101192,2024-04-25,P0057,C00753,S009,1,157.4,0.0,157.4,131.61,25.79,2024,4,25
O111538,2024-04-26,P0096,C00782,S009,2,63.84,0.05,121.3,70.1,51.2,2024,4,26
O104492,2024-04-26,P0089,C01051,S002,1,39.28,0.0,39.28,18.15,21.13,2024,4,26
O105129,2024-04-26,P0039,C00569,S005,1,47.6,0.0,47.6,32.53,15.07,2024,4,26
O110821,2024-04-26,P0050,C00393,S004,1,9.87,0.0,9.87,4.74,5.13,2024,4,26
O103373,2024-04-26,P0036,C00452,S012,2,15.34,0.0,30.68,16.58,14.1,2024,4,26
O102608,2024-04-26,P0070,C00857,S009,3,27.07,0.0,81.21,42.75,38.46,2024,4,26
O102878,2024-04-26,P0031,C01096,S006,1,104.43,0.0,104.43,64.18,40.25,2024,4,26
O106383,2024-04-26,P0082,C00532,S004,1,28.43,0.1,25.59,21.73,3.86,2024,4,26
O102026,2024-04-26,P0002,C00634,S002,1,130.95,0.05,124.4,100.06,24.34,2024,4,26
O106021,2024-04-26,P0061,C00907,S004,1,86.94,0.0,86.94,46.4,40.54,2024,4,26
O106676,2024-04-26,P0022,C00774,S008,2,42.03,0.0,84.06,60.28,23.78,2024,4,26
O108243,2024-04-26,P0029,C00561,S010,1,93.75,0.0,93.75,68.76,24.99,2024,4,26
O102613,2024-04-26,P0061,C00668,S010,1,86.94,0.05,82.59,46.4,36.19,2024,4,26
O100578,2024-04-26,P0046,C00520,S002,1,69.45,0.05,65.98,42.58,23.4,2024,4,26
O106281,2024-04-26,P0057,C01009,S001,1,157.4,0.0,157.4,131.61,25.79,2024,4,26
O104603,2024-04-26,P0082,C00678,S012,2,28.43,0.0,56.86,43.46,13.4,2024,4,26
O107944,2024-04-26,P0054,C00780,S011,1,42.97,0.0,42.97,29.12,13.85,2024,4,26
O110242,2024-04-26,P0033,C00739,S005,1,47.81,0.0,47.81,31.21,16.6,2024,4,26
O104783,2024-04-26,P0010,C01031,S002,2,14.81,0.0,29.62,24.3,5.32,2024,4,26
O109061,2024-04-26,P0043,C00335,S003,1,11.09,0.05,10.54,5.81,4.73,2024,4,26
O107761,2024-04-26,P0008,C00709,S004,1,22.28,0.0,22.28,11.14,11.14,2024,4,26
O109391,2024-04-26,P0002,C00492,S003,2,130.95,0.0,261.9,200.12,61.78,2024,4,26
O106641,2024-04-26,P0088,C00541,S001,1,5.57,0.1,5.01,4.31,0.7,2024,4,26
O110926,2024-04-26,P0058,C00851,S003,1,123.22,0.0,123.22,59.47,63.75,2024,4,26
O109743,2024-04-27,P0019,C01021,S003,1,138.62,0.1,124.76,68.15,56.61,2024,4,27
O110473,2024-04-27,P0084,C00343,S011,1,17.53,0.0,17.53,14.11,3.42,2024,4,27
O106625,2024-04-27,P0039,C01054,S009,2,47.6,0.05,90.44,65.06,25.38,2024,4,27
O106927,2024-04-27,P0022,C00607,S002,2,42.03,0.0,84.06,60.28,23.78,2024,4,27
O101161,2024-04-27,P0025,C01061,S001,1,18.6,0.15,15.81,14.09,1.72,2024,4,27
O104982,2024-04-27,P0021,C00422,S011,1,25.8,0.0,25.8,12.57,13.23,2024,4,27
O105570,2024-04-27,P0046,C01028,S005,1,69.45,0.1,62.5,42.58,19.92,2024,4,27
O104157,2024-04-27,P0036,C00258,S002,1,15.34,0.05,14.57,8.29,6.28,2024,4,27
O100922,2024-04-27,P0073,C00915,S006,1,36.7,0.1,33.03,18.22,14.81,2024,4,27
O105296,2024-04-27,P0001,C00267,S001,2,132.87,0.1,239.17,214.8,24.37,2024,4,27
O103634,2024-04-28,P0030,C00867,S001,1,41.4,0.0,41.4,25.21,16.19,2024,4,28
O108637,2024-04-28,P0017,C00711,S008,1,25.27,0.0,25.27,17.77,7.5,2024,4,28
O102172,2024-04-28,P0057,C00142,S009,2,157.4,0.1,283.32,263.22,20.1,2024,4,28
O108150,2024-04-28,P0004,C00791,S009,1,29.55,0.0,29.55,14.48,15.07,2024,4,28
O104534,2024-04-28,P0010,C00242,S008,1,14.81,0.0,14.81,12.15,2.66,2024,4,28
O106332,2024-04-28,P0001,C00716,S001,5,132.87,0.1,597.92,537.0,60.92,2024,4,28
O105576,2024-04-28,P0003,C01166,S008,2,44.76,0.0,89.52,66.28,23.24,2024,4,28
O111039,2024-04-28,P0062,C00228,S006,1,39.06,0.15,33.2,17.85,15.35,2024,4,28
O105116,2024-04-28,P0094,C00806,S007,1,21.21,0.0,21.21,12.17,9.04,2024,4,28
O106305,2024-04-28,P0080,C00372,S002,10,20.59,0.0,205.9,139.4,66.5,2024,4,28
O105213,2024-04-28,P0073,C00663,S004,3,36.7,0.0,110.1,54.66,55.44,2024,4,28
O110465,2024-04-28,P0010,C00990,S007,4,14.81,0.0,59.24,48.6,10.64,2024,4,28
O106406,2024-04-28,P0069,C01103,S011,1,85.27,0.1,76.74,65.86,10.88,2024,4,28
O104010,2024-04-28,P0005,C00499,S011,1,15.5,0.15,13.18,12.07,1.11,2024,4,28
O100693,2024-04-28,P0084,C00509,S004,1,17.53,0.1,15.78,14.11,1.67,2024,4,28
O105987,2024-04-28,P0028,C00180,S005,1,453.33,0.05,430.66,253.96,176.7,2024,4,28
O105971,2024-04-28,P0064,C00675,S006,1,12.06,0.15,10.25,5.48,4.77,2024,4,28
O105032,2024-04-29,P0064,C01040,S009,1,12.06,0.0,12.06,5.48,6.58,2024,4,29
O102890,2024-04-29,P0012,C00530,S006,1,88.36,0.05,83.94,62.9,21.04,2024,4,29
O108791,2024-04-29,P0015,C00255,S001,1,36.03,0.05,34.23,18.61,15.62,2024,4,29
O105302,2024-04-29,P0060,C00125,S002,2,80.71,0.0,161.42,102.5,58.92,2024,4,29
O110375,2024-04-29,P0064,C01186,S006,1,12.06,0.0,12.06,5.48,6.58,2024,4,29
O109801,2024-04-29,P0075,C00243,S008,1,10.1,0.1,9.09,7.49,1.6,2024,4,29
O111937,2024-04-29,P0072,C00558,S008,1,149.26,0.1,134.33,69.51,64.82,2024,4,29
O109703,2024-04-29,P0011,C00008,S004,2,713.82,0.0,1427.64,903.66,523.98,2024,4,29
O108210,2024-04-29,P0032,C00220,S012,1,62.15,0.1,55.94,45.29,10.65,2024,4,29
O105790,2024-04-29,P0085,C00401,S009,1,34.17,0.0,34.17,27.5,6.67,2024,4,29
O103777,2024-04-29,P0083,C00832,S010,1,85.03,0.05,80.78,44.79,35.99,2024,4,29
O101363,2024-04-29,P0018,C00719,S010,3,34.43,0.0,103.29,79.47,23.82,2024,4,29
O105504,2024-04-29,P0032,C00881,S001,1,62.15,0.0,62.15,45.29,16.86,2024,4,29
O100332,2024-04-29,P0062,C00330,S005,1,39.06,0.1,35.15,17.85,17.3,2024,4,29
O107863,2024-04-29,P0097,C00405,S005,1,8.15,0.05,7.74,5.49,2.25,2024,4,29
O110128,2024-04-29,P0097,C00915,S006,2,8.15,0.0,16.3,10.98,5.32,2024,4,29
O109850,2024-04-29,P0035,C00534,S006,2,21.89,0.15,37.21,24.5,12.71,2024,4,29
O102799,2024-04-29,P0060,C00092,S004,1,80.71,0.15,68.6,51.25,17.35,2024,4,29
O111275,2024-04-29,P0077,C00525,S012,1,130.07,0.0,130.07,107.65,22.42,2024,4,29
O101578,2024-04-29,P0028,C00610,S002,4,453.33,0.05,1722.65,1015.84,706.81,2024,4,29
O105192,2024-04-29,P0050,C00911,S005,1,9.87,0.0,9.87,4.74,5.13,2024,4,29
O105676,2024-04-29,P0006,C00175,S005,2,74.01,0.05,140.62,86.16,54.46,2024,4,29
O107296,2024-04-30,P0038,C00836,S012,2,42.19,0.0,84.38,58.62,25.76,2024,4,30
O105123,2024-04-30,P0094,C00160,S006,1,21.21,0.1,19.09,12.17,6.92,2024,4,30
O102561,2024-04-30,P0033,C00737,S005,1,47.81,0.15,40.64,31.21,9.43,2024,4,30
O103629,2024-04-30,P0017,C00582,S002,2,25.27,0.05,48.01,35.54,12.47,2024,4,30
O108267,2024-04-30,P0091,C00918,S004,2,35.24,0.0,70.48,37.34,33.14,2024,4,30
O109942,2024-04-30,P0031,C00713,S009,1,104.43,0.2,83.54,64.18,19.36,2024,4,30
O100701,2024-04-30,P0012,C00792,S004,1,88.36,0.05,83.94,62.9,21.04,2024,4,30
O105224,2024-04-30,P0080,C00209,S012,2,20.59,0.1,37.06,27.88,9.18,2024,4,30
O111447,2024-04-30,P0083,C00961,S012,2,85.03,0.05,161.56,89.58,71.98,2024,4,30
O102222,2024-04-30,P0072,C00227,S011,2,149.26,0.1,268.67,139.02,129.65,2024,4,30
O100599,2024-04-30,P0072,C00062,S004,1,149.26,0.0,149.26,69.51,79.75,2024,4,30
O102111,2024-04-30,P0060,C00868,S001,1,80.71,0.0,80.71,51.25,29.46,2024,4,30
O101625,2024-04-30,P0026,C00942,S009,1,325.3,0.0,325.3,181.38,143.92,2024,4,30
O106325,2024-04-30,P0069,C00247,S012,2,85.27,0.1,153.49,131.72,21.77,2024,4,30
O110593,2024-04-30,P0070,C00014,S003,1,27.07,0.0,27.07,14.25,12.82,2024,4,30
O104106,2024-04-30,P0041,C01185,S005,1,246.7,0.0,246.7,134.73,111.97,2024,4,30
O103617,2024-04-30,P0023,C00139,S007,2,818.22,0.2,1309.15,1260.3,48.85,2024,4,30
O110857,2024-04-30,P0014,C00536,S011,5,13.14,0.0,65.7,30.65,35.05,2024,4,30
O108912,2024-04-30,P0059,C00788,S002,2,10.64,0.0,21.28,15.4,5.88,2024,4,30
O103908,2024-04-30,P0071,C00171,S001,1,9.68,0.0,9.68,7.38,2.3,2024,4,30
O105464,2024-05-01,P0097,C00357,S001,1,8.15,0.0,8.15,5.49,2.66,2024,5,1
O101399,2024-05-01,P0010,C00854,S003,2,14.81,0.0,29.62,24.3,5.32,2024,5,1
O105483,2024-05-01,P0010,C00876,S006,1,14.81,0.0,14.81,12.15,2.66,2024,5,1
O102926,2024-05-01,P0039,C00973,S005,1,47.6,0.1,42.84,32.53,10.31,2024,5,1
O100812,2024-05-01,P0100,C00690,S012,2,142.46,0.2,227.94,182.28,45.66,2024,5,1
O105203,2024-05-01,P0056,C00072,S002,3,20.73,0.0,62.19,50.25,11.94,2024,5,1
O108980,2024-05-01,P0015,C00338,S006,1,36.03,0.0,36.03,18.61,17.42,2024,5,1
O106099,2024-05-01,P0045,C00117,S002,1,131.19,0.0,131.19,106.88,24.31,2024,5,1
O108807,2024-05-01,P0073,C00497,S011,1,36.7,0.15,31.2,18.22,12.98,2024,5,1
O108925,2024-05-01,P0024,C00926,S005,1,722.65,0.0,722.65,423.58,299.07,2024,5,1
O107830,2024-05-01,P0086,C00473,S004,3,310.61,0.0,931.83,479.07,452.76,2024,5,1
O100759,2024-05-01,P0080,C00417,S002,1,20.59,0.0,20.59,13.94,6.65,2024,5,1
O102871,2024-05-02,P0007,C00437,S002,2,99.07,0.0,198.14,149.42,48.72,2024,5,2
O101422,2024-05-02,P0038,C00095,S011,1,42.19,0.15,35.86,29.31,6.55,2024,5,2
O109179,2024-05-02,P0092,C00924,S007,1,41.48,0.0,41.48,25.41,16.07,2024,5,2
O111909,2024-05-02,P0077,C00453,S004,1,130.07,0.0,130.07,107.65,22.42,2024,5,2
O100458,2024-05-02,P0100,C00161,S007,1,142.46,0.0,142.46,91.14,51.32,2024,5,2
O106695,2024-05-02,P0027,C00817,S008,1,55.97,0.0,55.97,29.57,26.4,2024,5,2
O110528,2024-05-02,P0072,C00977,S002,1,149.26,0.05,141.8,69.51,72.29,2024,5,2
O103520,2024-05-02,P0033,C01138,S008,1,47.81,0.0,47.81,31.21,16.6,2024,5,2
O108572,2024-05-02,P0095,C00830,S009,2,118.84,0.05,225.8,156.34,69.46,2024,5,2
O106228,2024-05-02,P0069,C01086,S008,2,85.27,0.15,144.96,131.72,13.24,2024,5,2
O100005,2024-05-02,P0002,C00109,S008,4,130.95,0.0,523.8,400.24,123.56,2024,5,2
O101466,2024-05-02,P0036,C00768,S001,1,15.34,0.0,15.34,8.29,7.05,2024,5,2
O107681,2024-05-02,P0064,C01012,S004,1,12.06,0.0,12.06,5.48,6.58,2024,5,2
O104039,2024-05-02,P0058,C00485,S012,1,123.22,0.0,123.22,59.47,63.75,2024,5,2
O103941,2024-05-02,P0076,C00164,S009,4,301.81,0.0,1207.24,991.56,215.68,2024,5,2
O108024,2024-05-02,P0054,C00280,S003,1,42.97,0.1,38.67,29.12,9.55,2024,5,2
O108223,2024-05-02,P0012,C00748,S003,1,88.36,0.0,88.36,62.9,25.46,2024,5,2
O107197,2024-05-02,P0071,C00769,S001,1,9.68,0.2,7.74,7.38,0.36,2024,5,2
O105839,2024-05-02,P0096,C00253,S012,1,63.84,0.2,51.07,35.05,16.02,2024,5,2
O100179,2024-05-02,P0086,C00671,S011,1,310.61,0.0,310.61,159.69,150.92,2024,5,2
O106705,2024-05-02,P0090,C00140,S012,1,575.16,0.0,575.16,375.73,199.43,2024,5,2
O106871,2024-05-02,P0040,C01173,S010,1,25.25,0.15,21.46,16.53,4.93,2024,5,2
O103602,2024-05-03,P0067,C00835,S001,2,5.57,0.15,9.47,6.5,2.97,2024,5,3
O110220,2024-05-03,P0020,C00737,S009,1,30.45,0.05,28.93,20.59,8.34,2024,5,3
O111074,2024-05-03,P0021,C00976,S009,2,25.8,0.0,51.6,25.14,26.46,2024,5,3
O111179,2024-05-03,P0019,C00564,S010,2,138.62,0.0,277.24,136.3,140.94,2024,5,3
O101871,2024-05-03,P0096,C00359,S009,1,63.84,0.0,63.84,35.05,28.79,2024,5,3
O102662,2024-05-03,P0072,C00053,S002,1,149.26,0.05,141.8,69.51,72.29,2024,5,3
O109538,2024-05-03,P0089,C00990,S006,5,39.28,0.0,196.4,90.75,105.65,2024,5,3
O107227,2024-05-03,P0050,C00219,S010,10,9.87,0.1,88.83,47.4,41.43,2024,5,3
O107865,2024-05-03,P0009,C00523,S001,1,8.02,0.0,8.02,6.09,1.93,2024,5,3
O108341,2024-05-03,P0064,C01007,S001,3,12.06,0.0,36.18,16.44,19.74,2024,5,3
O102732,2024-05-03,P0020,C00187,S012,2,30.45,0.0,60.9,41.18,19.72,2024,5,3
O102593,2024-05-03,P0077,C01173,S003,1,130.07,0.0,130.07,107.65,22.42,2024,5,3
O104641,2024-05-03,P0010,C00600,S006,10,14.81,0.1,133.29,121.5,11.79,2024,5,3
O108178,2024-05-03,P0021,C00740,S006,2,25.8,0.05,49.02,25.14,23.88,2024,5,3
O110762,2024-05-03,P0046,C01054,S001,1,69.45,0.0,69.45,42.58,26.87,2024,5,3
O106215,2024-05-03,P0044,C00997,S006,1,136.64,0.0,136.64,115.68,20.96,2024,5,3
O110388,2024-05-03,P0038,C00697,S004,1,42.19,0.0,42.19,29.31,12.88,2024,5,3
O105566,2024-05-03,P0074,C00257,S007,1,106.15,0.0,106.15,69.24,36.91,2024,5,3
O105012,2024-05-03,P0050,C01043,S002,1,9.87,0.0,9.87,4.74,5.13,2024,5,3
O106126,2024-05-03,P0005,C00882,S009,1,15.5,0.0,15.5,12.07,3.43,2024,5,3
O108981,2024-05-04,P0078,C00459,S001,1,18.31,0.0,18.31,12.84,5.47,2024,5,4
O111599,2024-05-04,P0063,C01109,S011,10,112.94,0.0,1129.4,906.9,222.5,2024,5,4
O101552,2024-05-04,P0014,C00400,S011,1,13.14,0.05,12.48,6.13,6.35,2024,5,4
O106601,2024-05-04,P0091,C00464,S008,1,35.24,0.1,31.72,18.67,13.05,2024,5,4
O101343,2024-05-04,P0029,C00616,S008,2,93.75,0.0,187.5,137.52,49.98,2024,5,4
O111942,2024-05-04,P0020,C01105,S011,2,30.45,0.0,60.9,41.18,19.72,2024,5,4
O100802,2024-05-04,P0049,C01089,S007,1,366.28,0.0,366.28,172.71,193.57,2024,5,4
O104200,2024-05-04,P0008,C00048,S003,2,22.28,0.0,44.56,22.28,22.28,2024,5,4
O103446,2024-05-04,P0091,C00874,S007,1,35.24,0.0,35.24,18.67,16.57,2024,5,4
O106716,2024-05-04,P0078,C00736,S012,1,18.31,0.0,18.31,12.84,5.47,2024,5,4
O108998,2024-05-04,P0052,C00510,S002,1,97.55,0.0,97.55,61.47,36.08,2024,5,4
O111368,2024-05-04,P0089,C00911,S005,1,39.28,0.05,37.32,18.15,19.17,2024,5,4
O108944,2024-05-04,P0049,C00640,S002,2,366.28,0.05,695.93,345.42,350.51,2024,5,4
O111712,2024-05-04,P0035,C00683,S011,5,21.89,0.0,109.45,61.25,48.2,2024,5,4
O102509,2024-05-04,P0096,C00862,S011,3,63.84,0.05,181.94,105.15,76.79,2024,5,4
O108777,2024-05-04,P0023,C00357,S005,1,818.22,0.0,818.22,630.15,188.07,2024,5,4
O101234,2024-05-04,P0024,C00069,S010,2,722.65,0.05,1373.04,847.16,525.88,2024,5,4
O106224,2024-05-04,P0017,C00541,S007,5,25.27,0.0,126.35,88.85,37.5,2024,5,4
O104188,2024-05-05,P0036,C01109,S004,1,15.34,0.0,15.34,8.29,7.05,2024,5,5
O108413,2024-05-05,P0022,C00235,S010,1,42.03,0.0,42.03,30.14,11.89,2024,5,5
O108611,2024-05-05,P0022,C00758,S005,1,42.03,0.0,42.03,30.14,11.89,2024,5,5
O104264,2024-05-05,P0009,C00331,S008,1,8.02,0.0,8.02,6.09,1.93,2024,5,5
O110074,2024-05-05,P0049,C01195,S004,1,366.28,0.1,329.65,172.71,156.94,2024,5,5
O109540,2024-05-05,P0090,C01116,S002,2,575.16,0.05,1092.8,751.46,341.34,2024,5,5
O102147,2024-05-05,P0042,C00947,S010,1,9.86,0.1,8.87,6.23,2.64,2024,5,5
O110660,2024-05-05,P0034,C00801,S006,2,84.19,0.0,168.38,138.08,30.3,2024,5,5
O102428,2024-05-05,P0064,C00375,S006,2,12.06,0.0,24.12,10.96,13.16,2024,5,5
O107587,2024-05-05,P0034,C00470,S004,1,84.19,0.1,75.77,69.04,6.73,2024,5,5
O107698,2024-05-05,P0023,C00650,S007,1,818.22,0.0,818.22,630.15,188.07,2024,5,5
O102059,2024-05-05,P0085,C01075,S009,2,34.17,0.05,64.92,55.0,9.92,2024,5,5
O109025,2024-05-05,P0074,C00523,S004,1,106.15,0.2,84.92,69.24,15.68,2024,5,5
O108982,2024-05-05,P0097,C00812,S007,2,8.15,0.0,16.3,10.98,5.32,2024,5,5
O105285,2024-05-05,P0005,C01092,S001,1,15.5,0.0,15.5,12.07,3.43,2024,5,5
O109342,2024-05-05,P0017,C00994,S003,5,25.27,0.0,126.35,88.85,37.5,2024,5,5
O102364,2024-05-05,P0040,C01133,S010,3,25.25,0.0,75.75,49.59,26.16,2024,5,5
O106381,2024-05-06,P0046,C00119,S011,2,69.45,0.0,138.9,85.16,53.74,2024,5,6
O104414,2024-05-06,P0007,C00155,S007,1,99.07,0.1,89.16,74.71,14.45,2024,5,6
O101675,2024-05-06,P0073,C00663,S006,1,36.7,0.0,36.7,18.22,18.48,2024,5,6
O107407,2024-05-06,P0077,C00908,S005,1,130.07,0.2,104.06,107.65,-3.59,2024,5,6
O110008,2024-05-06,P0076,C00301,S006,1,301.81,0.0,301.81,247.89,53.92,2024,5,6
O102091,2024-05-06,P0045,C00085,S005,3,131.19,0.0,393.57,320.64,72.93,2024,5,6
O100323,2024-05-06,P0028,C00374,S011,2,453.33,0.0,906.66,507.92,398.74,2024,5,6
O110392,2024-05-06,P0089,C00091,S007,1,39.28,0.0,39.28,18.15,21.13,2024,5,6
O108976,2024-05-06,P0050,C01150,S006,1,9.87,0.0,9.87,4.74,5.13,2024,5,6
O108105,2024-05-06,P0098,C00900,S012,1,37.83,0.0,37.83,29.0,8.83,2024,5,6
O108587,2024-05-06,P0050,C00061,S001,1,9.87,0.0,9.87,4.74,5.13,2024,5,6
O101930,2024-05-06,P0032,C00713,S009,1,62.15,0.05,59.04,45.29,13.75,2024,5,6
O102422,2024-05-06,P0059,C01022,S009,1,10.64,0.1,9.58,7.7,1.88,2024,5,6
O103942,2024-05-06,P0046,C01168,S010,1,69.45,0.0,69.45,42.58,26.87,2024,5,6
O108526,2024-05-06,P0002,C00871,S003,2,130.95,0.0,261.9,200.12,61.78,2024,5,6
O106891,2024-05-07,P0046,C00292,S010,1,69.45,0.1,62.5,42.58,19.92,2024,5,7
O110445,2024-05-07,P0025,C00908,S003,3,18.6,0.0,55.8,42.27,13.53,2024,5,7
O111876,2024-05-07,P0079,C00926,S009,1,120.53,0.15,102.45,93.1,9.35,2024,5,7
O100411,2024-05-07,P0083,C00162,S005,1,85.03,0.0,85.03,44.79,40.24,2024,5,7
O100487,2024-05-07,P0011,C01091,S008,1,713.82,0.2,571.06,451.83,119.23,2024,5,7
O104830,2024-05-07,P0060,C00921,S006,1,80.71,0.15,68.6,51.25,17.35,2024,5,7
O110733,2024-05-07,P0085,C00054,S002,1,34.17,0.0,34.17,27.5,6.67,2024,5,7
O101188,2024-05-07,P0015,C00526,S006,1,36.03,0.15,30.63,18.61,12.02,2024,5,7
O106771,2024-05-07,P0078,C00807,S002,1,18.31,0.15,15.56,12.84,2.72,2024,5,7
O105634,2024-05-07,P0055,C01133,S002,3,24.74,0.0,74.22,52.44,21.78,2024,5,7
O102525,2024-05-07,P0100,C00221,S009,1,142.46,0.0,142.46,91.14,51.32,2024,5,7
O109693,2024-05-07,P0061,C00237,S003,1,86.94,0.0,86.94,46.4,40.54,2024,5,7
O101155,2024-05-07,P0095,C00507,S003,2,118.84,0.0,237.68,156.34,81.34,2024,5,7
O106033,2024-05-07,P0053,C00559,S007,2,51.37,0.0,102.74,64.54,38.2,2024,5,7
O110049,2024-05-07,P0098,C01059,S006,1,37.83,0.0,37.83,29.0,8.83,2024,5,7
O111341,2024-05-08,P0082,C00964,S012,1,28.43,0.0,28.43,21.73,6.7,2024,5,8
O108870,2024-05-08,P0085,C00021,S005,1,34.17,0.0,34.17,27.5,6.67,2024,5,8
O100128,2024-05-08,P0064,C01194,S009,1,12.06,0.05,11.46,5.48,5.98,2024,5,8
O109838,2024-05-08,P0038,C00913,S005,3,42.19,0.0,126.57,87.93,38.64,2024,5,8
O103869,2024-05-08,P0072,C00069,S012,2,149.26,0.0,298.52,139.02,159.5,2024,5,8
O101051,2024-05-08,P0052,C00681,S006,2,97.55,0.0,195.1,122.94,72.16,2024,5,8
O106142,2024-05-08,P0088,C00727,S011,4,5.57,0.05,21.17,17.24,3.93,2024,5,8
O101168,2024-05-08,P0069,C00092,S003,1,85.27,0.05,81.01,65.86,15.15,2024,5,8
O103233,2024-05-08,P0023,C00471,S004,2,818.22,0.0,1636.44,1260.3,376.14,2024,5,8
O102925,2024-05-08,P0080,C01058,S003,2,20.59,0.15,35.0,27.88,7.12,2024,5,8
O101446,2024-05-08,P0016,C00979,S009,1,547.4,0.05,520.03,397.41,122.62,2024,5,8
O104214,2024-05-08,P0050,C00041,S001,1,9.87,0.05,9.38,4.74,4.64,2024,5,8
O102241,2024-05-09,P0063,C00356,S009,10,112.94,0.15,959.99,906.9,53.09,2024,5,9
O104991,2024-05-09,P0052,C00972,S008,1,97.55,0.0,97.55,61.47,36.08,2024,5,9
O100597,2024-05-09,P0047,C00016,S003,1,125.46,0.05,119.19,59.9,59.29,2024,5,9
O105510,2024-05-09,P0097,C00025,S007,2,8.15,0.0,16.3,10.98,5.32,2024,5,9
O107159,2024-05-09,P0022,C00082,S007,1,42.03,0.1,37.83,30.14,7.69,2024,5,9
O105063,2024-05-09,P0022,C00387,S005,3,42.03,0.0,126.09,90.42,35.67,2024,5,9
O103451,2024-05-09,P0003,C00783,S010,4,44.76,0.05,170.09,132.56,37.53,2024,5,9
O101605,2024-05-09,P0011,C01111,S005,2,713.82,0.15,1213.49,903.66,309.83,2024,5,9
O106058,2024-05-09,P0030,C00368,S004,1,41.4,0.0,41.4,25.21,16.19,2024,5,9
O109909,2024-05-09,P0019,C00582,S006,2,138.62,0.0,277.24,136.3,140.94,2024,5,9
O111823,2024-05-09,P0065,C00457,S006,2,776.21,0.05,1474.8,771.08,703.72,2024,5,9
O109623,2024-05-09,P0072,C00641,S001,1,149.26,0.0,149.26,69.51,79.75,2024,5,9
O106259,2024-05-09,P0058,C00572,S001,1,123.22,0.0,123.22,59.47,63.75,2024,5,9
O108275,2024-05-09,P0016,C00450,S002,3,547.4,0.1,1477.98,1192.23,285.75,2024,5,9
O109659,2024-05-09,P0071,C00607,S004,1,9.68,0.0,9.68,7.38,2.3,2024,5,9
O101979,2024-05-09,P0053,C00210,S004,2,51.37,0.05,97.6,64.54,33.06,2024,5,9
O102704,2024-05-10,P0060,C00412,S005,2,80.71,0.05,153.35,102.5,50.85,2024,5,10
O104008,2024-05-10,P0053,C00825,S009,1,51.37,0.1,46.23,32.27,13.96,2024,5,10
O101682,2024-05-10,P0068,C00896,S010,1,100.31,0.05,95.29,81.38,13.91,2024,5,10
O104815,2024-05-10,P0037,C00593,S008,1,61.48,0.0,61.48,48.1,13.38,2024,5,10
O111878,2024-05-10,P0065,C00136,S005,3,776.21,0.05,2212.2,1156.62,1055.58,2024,5,10
O106772,2024-05-10,P0007,C00603,S006,1,99.07,0.0,99.07,74.71,24.36,2024,5,10
O100087,2024-05-10,P0025,C01186,S009,1,18.6,0.0,18.6,14.09,4.51,2024,5,10
O103668,2024-05-10,P0030,C00187,S001,1,41.4,0.2,33.12,25.21,7.91,2024,5,10
O109144,2024-05-10,P0015,C00551,S010,2,36.03,0.0,72.06,37.22,34.84,2024,5,10
O104564,2024-05-10,P0010,C00983,S004,1,14.81,0.0,14.81,12.15,2.66,2024,5,10
O103917,2024-05-10,P0052,C00128,S003,2,97.55,0.0,195.1,122.94,72.16,2024,5,10
O106144,2024-05-10,P0087,C00895,S008,3,463.9,0.0,1391.7,760.95,630.75,2024,5,10
O104853,2024-05-10,P0055,C00037,S006,1,24.74,0.0,24.74,17.48,7.26,2024,5,10
O107445,2024-05-10,P0060,C00336,S008,1,80.71,0.1,72.64,51.25,21.39,2024,5,10
O110089,2024-05-10,P0052,C00695,S007,1,97.55,0.0,97.55,61.47,36.08,2024,5,10
O103203,2024-05-10,P0004,C00054,S008,1,29.55,0.0,29.55,14.48,15.07,2024,5,10
O106138,2024-05-11,P0082,C00779,S012,2,28.43,0.0,56.86,43.46,13.4,2024,5,11
O103893,2024-05-11,P0063,C00742,S006,4,112.94,0.05,429.17,362.76,66.41,2024,5,11
O100912,2024-05-11,P0088,C00744,S010,2,5.57,0.1,10.03,8.62,1.41,2024,5,11
O111157,2024-05-11,P0016,C01069,S005,1,547.4,0.05,520.03,397.41,122.62,2024,5,11
O104785,2024-05-11,P0082,C00663,S003,1,28.43,0.0,28.43,21.73,6.7,2024,5,11
O104935,2024-05-11,P0071,C01041,S008,5,9.68,0.0,48.4,36.9,11.5,2024,5,11
O101416,2024-05-11,P0026,C00506,S001,1,325.3,0.05,309.03,181.38,127.65,2024,5,11
O101344,2024-05-11,P0062,C00509,S004,1,39.06,0.1,35.15,17.85,17.3,2024,5,11
O104823,2024-05-11,P0058,C00082,S006,1,123.22,0.0,123.22,59.47,63.75,2024,5,11
O108280,2024-05-11,P0073,C00254,S001,1,36.7,0.1,33.03,18.22,14.81,2024,5,11
O110399,2024-05-12,P0024,C00018,S008,4,722.65,0.0,2890.6,1694.32,1196.28,2024,5,12
O111155,2024-05-12,P0062,C00255,S001,1,39.06,0.0,39.06,17.85,21.21,2024,5,12
O105661,2024-05-12,P0046,C00565,S010,1,69.45,0.0,69.45,42.58,26.87,2024,5,12
O107089,2024-05-12,P0036,C00886,S007,1,15.34,0.0,15.34,8.29,7.05,2024,5,12
O106983,2024-05-12,P0065,C01096,S002,4,776.21,0.0,3104.84,1542.16,1562.68,2024,5,12
O108871,2024-05-12,P0017,C00154,S010,3,25.27,0.0,75.81,53.31,22.5,2024,5,12
O104879,2024-05-12,P0070,C00708,S007,1,27.07,0.0,27.07,14.25,12.82,2024,5,12
O102094,2024-05-12,P0100,C00749,S009,1,142.46,0.1,128.21,91.14,37.07,2024,5,12
O109239,2024-05-12,P0087,C00120,S004,1,463.9,0.1,417.51,253.65,163.86,2024,5,12
O102868,2024-05-12,P0023,C00633,S007,3,818.22,0.1,2209.19,1890.45,318.74,2024,5,12
O104297,2024-05-12,P0068,C01019,S011,1,100.31,0.2,80.25,81.38,-1.13,2024,5,12
O101362,2024-05-12,P0022,C00297,S010,1,42.03,0.0,42.03,30.14,11.89,2024,5,12
O106235,2024-05-13,P0095,C00215,S002,1,118.84,0.0,118.84,78.17,40.67,2024,5,13
O106459,2024-05-13,P0052,C00169,S006,1,97.55,0.05,92.67,61.47,31.2,2024,5,13
O105087,2024-05-13,P0027,C00858,S005,4,55.97,0.0,223.88,118.28,105.6,2024,5,13
O103738,2024-05-13,P0038,C00877,S011,1,42.19,0.0,42.19,29.31,12.88,2024,5,13
O108164,2024-05-13,P0064,C00906,S006,2,12.06,0.0,24.12,10.96,13.16,2024,5,13
O107802,2024-05-13,P0039,C00327,S007,2,47.6,0.2,76.16,65.06,11.1,2024,5,13
O101312,2024-05-13,P0058,C00148,S006,1,123.22,0.0,123.22,59.47,63.75,2024,5,13
O103656,2024-05-13,P0068,C00848,S009,1,100.31,0.2,80.25,81.38,-1.13,2024,5,13
O105863,2024-05-13,P0024,C00597,S010,1,722.65,0.1,650.38,423.58,226.8,2024,5,13
O109710,2024-05-13,P0094,C00058,S005,1,21.21,0.0,21.21,12.17,9.04,2024,5,13
O106389,2024-05-13,P0075,C00846,S010,1,10.1,0.0,10.1,7.49,2.61,2024,5,13
O103180,2024-05-13,P0077,C01192,S011,1,130.07,0.1,117.06,107.65,9.41,2024,5,13
O109509,2024-05-13,P0085,C00840,S005,1,34.17,0.0,34.17,27.5,6.67,2024,5,13
O109490,2024-05-13,P0032,C01009,S010,10,62.15,0.15,528.28,452.9,75.38,2024,5,13
O106951,2024-05-13,P0082,C01058,S007,1,28.43,0.0,28.43,21.73,6.7,2024,5,13
O109885,2024-05-13,P0093,C00340,S010,4,13.08,0.1,47.09,36.64,10.45,2024,5,13
O104696,2024-05-13,P0035,C00753,S010,4,21.89,0.0,87.56,49.0,38.56,2024,5,13
O103259,2024-05-14,P0097,C00933,S010,1,8.15,0.05,7.74,5.49,2.25,2024,5,14
O102020,2024-05-14,P0079,C00235,S005,1,120.53,0.0,120.53,93.1,27.43,2024,5,14
O108805,2024-05-14,P0071,C00337,S006,10,9.68,0.0,96.8,73.8,23.0,2024,5,14
O106994,2024-05-14,P0031,C00282,S005,1,104.43,0.0,104.43,64.18,40.25,2024,5,14
O109577,2024-05-14,P0069,C00538,S006,2,85.27,0.0,170.54,131.72,38.82,2024,5,14
O101567,2024-05-14,P0069,C00939,S011,3,85.27,0.1,230.23,197.58,32.65,2024,5,14
O103476,2024-05-14,P0016,C01172,S009,1,547.4,0.0,547.4,397.41,149.99,2024,5,14
O106794,2024-05-14,P0035,C00911,S011,1,21.89,0.0,21.89,12.25,9.64,2024,5,14
O107540,2024-05-14,P0058,C00638,S007,3,123.22,0.0,369.66,178.41,191.25,2024,5,14
O111860,2024-05-14,P0016,C00481,S010,1,547.4,0.0,547.4,397.41,149.99,2024,5,14
O102806,2024-05-14,P0030,C00645,S008,2,41.4,0.0,82.8,50.42,32.38,2024,5,14
O108170,2024-05-14,P0048,C00301,S004,3,113.33,0.1,305.99,247.65,58.34,2024,5,14
O101994,2024-05-14,P0017,C00909,S002,1,25.27,0.0,25.27,17.77,7.5,2024,5,14
O109063,2024-05-14,P0073,C00355,S007,1,36.7,0.1,33.03,18.22,14.81,2024,5,14
O106277,2024-05-14,P0064,C00214,S005,3,12.06,0.1,32.56,16.44,16.12,2024,5,14
O101702,2024-05-15,P0067,C00063,S009,1,5.57,0.05,5.29,3.25,2.04,2024,5,15
O103750,2024-05-15,P0043,C00781,S010,3,11.09,0.0,33.27,17.43,15.84,2024,5,15
O105597,2024-05-15,P0004,C00511,S010,1,29.55,0.0,29.55,14.48,15.07,2024,5,15
O106591,2024-05-15,P0001,C00846,S008,1,132.87,0.0,132.87,107.4,25.47,2024,5,15
O101642,2024-05-15,P0056,C00897,S011,1,20.73,0.0,20.73,16.75,3.98,2024,5,15
O108109,2024-05-15,P0026,C00760,S006,1,325.3,0.0,325.3,181.38,143.92,2024,5,15
O101223,2024-05-15,P0077,C01021,S005,1,130.07,0.0,130.07,107.65,22.42,2024,5,15
O100775,2024-05-15,P0009,C00546,S004,1,8.02,0.0,8.02,6.09,1.93,2024,5,15
O108628,2024-05-15,P0016,C00135,S002,4,547.4,0.05,2080.12,1589.64,490.48,2024,5,15
O108710,2024-05-15,P0069,C01005,S008,2,85.27,0.0,170.54,131.72,38.82,2024,5,15
O102064,2024-05-15,P0047,C00292,S006,1,125.46,0.0,125.46,59.9,65.56,2024,5,15
O103632,2024-05-15,P0058,C00950,S005,1,123.22,0.0,123.22,59.47,63.75,2024,5,15
O105054,2024-05-15,P0054,C00073,S007,1,42.97,0.0,42.97,29.12,13.85,2024,5,15
O100188,2024-05-15,P0087,C00381,S004,1,463.9,0.0,463.9,253.65,210.25,2024,5,15
O107559,2024-05-15,P0032,C00142,S007,1,62.15,0.15,52.83,45.29,7.54,2024,5,15
O101666,2024-05-15,P0088,C00541,S012,1,5.57,0.15,4.73,4.31,0.42,2024,5,15
O107965,2024-05-15,P0023,C00331,S012,3,818.22,0.0,2454.66,1890.45,564.21,2024,5,15
O110351,2024-05-15,P0080,C00270,S006,3,20.59,0.0,61.77,41.82,19.95,2024,5,15
O104720,2024-05-15,P0066,C00964,S002,2,105.53,0.2,168.85,117.54,51.31,2024,5,15
O108241,2024-05-15,P0077,C00201,S011,1,130.07,0.0,130.07,107.65,22.42,2024,5,15
O100575,2024-05-15,P0058,C01189,S007,1,123.22,0.0,123.22,59.47,63.75,2024,5,15
O104854,2024-05-15,P0011,C00269,S001,2,713.82,0.1,1284.88,903.66,381.22,2024,5,15
O109454,2024-05-16,P0041,C01128,S001,1,246.7,0.0,246.7,134.73,111.97,2024,5,16
O105421,2024-05-16,P0072,C00839,S008,2,149.26,0.05,283.59,139.02,144.57,2024,5,16
O105025,2024-05-16,P0081,C00217,S010,1,143.09,0.0,143.09,110.0,33.09,2024,5,16
O105241,2024-05-16,P0068,C00528,S001,5,100.31,0.05,476.47,406.9,69.57,2024,5,16
O111851,2024-05-16,P0031,C00486,S004,1,104.43,0.05,99.21,64.18,35.03,2024,5,16
O110536,2024-05-16,P0093,C01068,S010,1,13.08,0.0,13.08,9.16,3.92,2024,5,16
O101206,2024-05-16,P0019,C00931,S008,1,138.62,0.0,138.62,68.15,70.47,2024,5,16
O103448,2024-05-16,P0050,C00275,S011,1,9.87,0.15,8.39,4.74,3.65,2024,5,16
O104824,2024-05-16,P0059,C00658,S009,1,10.64,0.15,9.04,7.7,1.34,2024,5,16
O109176,2024-05-16,P0024,C00530,S011,1,722.65,0.0,722.65,423.58,299.07,2024,5,16
O101849,2024-05-16,P0062,C01178,S008,1,39.06,0.05,37.11,17.85,19.26,2024,5,16
O109079,2024-05-16,P0010,C00029,S004,1,14.81,0.05,14.07,12.15,1.92,2024,5,16
O105704,2024-05-16,P0081,C00330,S009,1,143.09,0.0,143.09,110.0,33.09,2024,5,16
O107915,2024-05-16,P0054,C00669,S003,3,42.97,0.0,128.91,87.36,41.55,2024,5,16
O110350,2024-05-16,P0021,C01024,S008,4,25.8,0.0,103.2,50.28,52.92,2024,5,16
O108855,2024-05-17,P0011,C01061,S003,1,713.82,0.05,678.13,451.83,226.3,2024,5,17
O105300,2024-05-17,P0100,C00661,S008,1,142.46,0.0,142.46,91.14,51.32,2024,5,17
O108187,2024-05-17,P0064,C00462,S002,1,12.06,0.0,12.06,5.48,6.58,2024,5,17
O107240,2024-05-17,P0061,C01108,S004,2,86.94,0.0,173.88,92.8,81.08,2024,5,17
O107692,2024-05-17,P0020,C00337,S006,1,30.45,0.05,28.93,20.59,8.34,2024,5,17
O109330,2024-05-17,P0052,C00352,S010,1,97.55,0.0,97.55,61.47,36.08,2024,5,17
O108801,2024-05-17,P0010,C01016,S006,5,14.81,0.0,74.05,60.75,13.3,2024,5,17
O108254,2024-05-17,P0026,C01146,S011,1,325.3,0.05,309.03,181.38,127.65,2024,5,17
O102373,2024-05-17,P0001,C00663,S009,1,132.87,0.0,132.87,107.4,25.47,2024,5,17
O110764,2024-05-17,P0080,C00834,S011,4,20.59,0.0,82.36,55.76,26.6,2024,5,17
O104072,2024-05-17,P0043,C00846,S001,2,11.09,0.0,22.18,11.62,10.56,2024,5,17
O110694,2024-05-17,P0070,C00616,S010,1,27.07,0.0,27.07,14.25,12.82,2024,5,17
O100834,2024-05-17,P0082,C00186,S003,1,28.43,0.1,25.59,21.73,3.86,2024,5,17
O103651,2024-05-17,P0004,C00679,S008,1,29.55,0.0,29.55,14.48,15.07,2024,5,17
O104798,2024-05-17,P0099,C00603,S003,1,5.01,0.15,4.26,2.77,1.49,2024,5,17
O103176,2024-05-17,P0026,C00341,S005,2,325.3,0.05,618.07,362.76,255.31,2024,5,17
O109770,2024-05-17,P0009,C01158,S009,1,8.02,0.05,7.62,6.09,1.53,2024,5,17
O105889,2024-05-17,P0086,C00198,S008,2,310.61,0.1,559.1,319.38,239.72,2024,5,17
O107401,2024-05-17,P0085,C00491,S012,1,34.17,0.1,30.75,27.5,3.25,2024,5,17
O101752,2024-05-17,P0024,C01073,S005,4,722.65,0.0,2890.6,1694.32,1196.28,2024,5,17
O107439,2024-05-17,P0082,C00661,S004,1,28.43,0.0,28.43,21.73,6.7,2024,5,17
O109711,2024-05-18,P0014,C00095,S002,1,13.14,0.0,13.14,6.13,7.01,2024,5,18
O108783,2024-05-18,P0012,C00414,S006,2,88.36,0.1,159.05,125.8,33.25,2024,5,18
O100026,2024-05-18,P0092,C01061,S001,10,41.48,0.0,414.8,254.1,160.7,2024,5,18
O106068,2024-05-18,P0071,C00216,S006,1,9.68,0.1,8.71,7.38,1.33,2024,5,18
O101122,2024-05-18,P0026,C00862,S009,2,325.3,0.1,585.54,362.76,222.78,2024,5,18
O109279,2024-05-18,P0096,C00220,S008,3,63.84,0.0,191.52,105.15,86.37,2024,5,18
O106472,2024-05-18,P0016,C00918,S003,4,547.4,0.1,1970.64,1589.64,381.0,2024,5,18
O111445,2024-05-18,P0063,C00368,S007,1,112.94,0.05,107.29,90.69,16.6,2024,5,18
O107441,2024-05-18,P0047,C00368,S003,1,125.46,0.0,125.46,59.9,65.56,2024,5,18
O111567,2024-05-18,P0066,C00520,S003,1,105.53,0.0,105.53,58.77,46.76,2024,5,18
O102179,2024-05-18,P0021,C00763,S008,2,25.8,0.0,51.6,25.14,26.46,2024,5,18
O111553,2024-05-18,P0002,C00771,S007,2,130.95,0.15,222.61,200.12,22.49,2024,5,18
O101200,2024-05-18,P0058,C01002,S002,1,123.22,0.05,117.06,59.47,57.59,2024,5,18
O102012,2024-05-18,P0096,C00864,S002,1,63.84,0.05,60.65,35.05,25.6,2024,5,18
O101473,2024-05-18,P0068,C00695,S010,1,100.31,0.15,85.26,81.38,3.88,2024,5,18
O108525,2024-05-18,P0033,C00699,S010,1,47.81,0.05,45.42,31.21,14.21,2024,5,18
O108444,2024-05-18,P0065,C00111,S011,1,776.21,0.0,776.21,385.54,390.67,2024,5,18
O101294,2024-05-18,P0092,C00636,S008,2,41.48,0.0,82.96,50.82,32.14,2024,5,18
O102462,2024-05-18,P0062,C00768,S012,1,39.06,0.0,39.06,17.85,21.21,2024,5,18
O107877,2024-05-18,P0058,C00062,S008,1,123.22,0.0,123.22,59.47,63.75,2024,5,18
O100232,2024-05-19,P0071,C01080,S004,2,9.68,0.1,17.42,14.76,2.66,2024,5,19
O111971,2024-05-19,P0100,C01143,S010,2,142.46,0.15,242.18,182.28,59.9,2024,5,19
O110257,2024-05-19,P0014,C00239,S012,1,13.14,0.1,11.83,6.13,5.7,2024,5,19
O111111,2024-05-19,P0072,C00733,S009,2,149.26,0.0,298.52,139.02,159.5,2024,5,19
O101924,2024-05-19,P0080,C00760,S009,4,20.59,0.0,82.36,55.76,26.6,2024,5,19
O109736,2024-05-19,P0090,C00301,S012,1,575.16,0.0,575.16,375.73,199.43,2024,5,19
O108430,2024-05-19,P0035,C00556,S009,1,21.89,0.0,21.89,12.25,9.64,2024,5,19
O111731,2024-05-19,P0060,C00050,S004,1,80.71,0.0,80.71,51.25,29.46,2024,5,19
O103948,2024-05-19,P0065,C00724,S007,4,776.21,0.05,2949.6,1542.16,1407.44,2024,5,19
O106254,2024-05-19,P0062,C00977,S002,2,39.06,0.15,66.4,35.7,30.7,2024,5,19
O110477,2024-05-19,P0096,C00685,S004,2,63.84,0.0,127.68,70.1,57.58,2024,5,19
O108385,2024-05-19,P0055,C01071,S002,3,24.74,0.0,74.22,52.44,21.78,2024,5,19
O102540,2024-05-19,P0008,C00728,S002,1,22.28,0.15,18.94,11.14,7.8,2024,5,19
O110996,2024-05-19,P0073,C01082,S011,5,36.7,0.15,155.98,91.1,64.88,2024,5,19
O111589,2024-05-19,P0092,C00853,S011,2,41.48,0.0,82.96,50.82,32.14,2024,5,19
O106717,2024-05-19,P0056,C00636,S006,1,20.73,0.0,20.73,16.75,3.98,2024,5,19
O100075,2024-05-19,P0035,C00666,S011,1,21.89,0.0,21.89,12.25,9.64,2024,5,19
O104175,2024-05-20,P0026,C00611,S004,1,325.3,0.1,292.77,181.38,111.39,2024,5,20
O103340,2024-05-20,P0044,C00949,S004,1,136.64,0.0,136.64,115.68,20.96,2024,5,20
O103556,2024-05-20,P0053,C00731,S011,1,51.37,0.0,51.37,32.27,19.1,2024,5,20
O103384,2024-05-20,P0046,C00516,S003,2,69.45,0.0,138.9,85.16,53.74,2024,5,20
O100875,2024-05-20,P0039,C01058,S010,1,47.6,0.05,45.22,32.53,12.69,2024,5,20
O109629,2024-05-20,P0069,C00231,S006,4,85.27,0.05,324.03,263.44,60.59,2024,5,20
O104737,2024-05-20,P0007,C01115,S009,1,99.07,0.2,79.26,74.71,4.55,2024,5,20
O108885,2024-05-20,P0020,C00269,S002,1,30.45,0.0,30.45,20.59,9.86,2024,5,20
O104666,2024-05-20,P0089,C00375,S005,1,39.28,0.0,39.28,18.15,21.13,2024,5,20
O111746,2024-05-20,P0067,C00201,S003,1,5.57,0.0,5.57,3.25,2.32,2024,5,20
O105037,2024-05-20,P0100,C00666,S001,1,142.46,0.0,142.46,91.14,51.32,2024,5,20
O100245,2024-05-20,P0059,C00785,S003,1,10.64,0.0,10.64,7.7,2.94,2024,5,20
O103391,2024-05-20,P0084,C00345,S003,1,17.53,0.1,15.78,14.11,1.67,2024,5,20
O100228,2024-05-20,P0072,C01178,S006,2,149.26,0.05,283.59,139.02,144.57,2024,5,20
O108081,2024-05-20,P0091,C00494,S010,1,35.24,0.1,31.72,18.67,13.05,2024,5,20
O105743,2024-05-20,P0084,C00211,S002,3,17.53,0.15,44.7,42.33,2.37,2024,5,20
O102258,2024-05-21,P0057,C00141,S001,3,157.4,0.0,472.2,394.83,77.37,2024,5,21
O105929,2024-05-21,P0021,C01189,S010,1,25.8,0.0,25.8,12.57,13.23,2024,5,21
O108184,2024-05-21,P0010,C00818,S009,1,14.81,0.0,14.81,12.15,2.66,2024,5,21
O106986,2024-05-21,P0004,C00873,S005,1,29.55,0.0,29.55,14.48,15.07,2024,5,21
O107902,2024-05-21,P0019,C00709,S012,1,138.62,0.0,138.62,68.15,70.47,2024,5,21
O103171,2024-05-21,P0085,C00619,S010,1,34.17,0.05,32.46,27.5,4.96,2024,5,21
O101555,2024-05-21,P0050,C01073,S007,1,9.87,0.1,8.88,4.74,4.14,2024,5,21
O111728,2024-05-21,P0036,C00453,S006,2,15.34,0.0,30.68,16.58,14.1,2024,5,21
O102523,2024-05-21,P0024,C01004,S002,1,722.65,0.1,650.38,423.58,226.8,2024,5,21
O107144,2024-05-21,P0057,C00287,S009,1,157.4,0.0,157.4,131.61,25.79,2024,5,21
O104273,2024-05-21,P0069,C01131,S012,1,85.27,0.0,85.27,65.86,19.41,2024,5,21
O109163,2024-05-21,P0005,C00537,S012,1,15.5,0.0,15.5,12.07,3.43,2024,5,21
O100598,2024-05-21,P0025,C00398,S005,1,18.6,0.05,17.67,14.09,3.58,2024,5,21
O110129,2024-05-21,P0092,C00130,S007,1,41.48,0.05,39.41,25.41,14.0,2024,5,21
O108659,2024-05-21,P0019,C00340,S009,1,138.62,0.0,138.62,68.15,70.47,2024,5,21
O103467,2024-05-21,P0002,C00273,S007,1,130.95,0.1,117.85,100.06,17.79,2024,5,21
O104591,2024-05-21,P0087,C00352,S008,5,463.9,0.0,2319.5,1268.25,1051.25,2024,5,21
O104432,2024-05-21,P0005,C00882,S004,1,15.5,0.1,13.95,12.07,1.88,2024,5,21
O107283,2024-05-21,P0080,C00800,S006,1,20.59,0.0,20.59,13.94,6.65,2024,5,21
O106962,2024-05-21,P0027,C00086,S011,4,55.97,0.0,223.88,118.28,105.6,2024,5,21
O110095,2024-05-21,P0015,C00626,S007,1,36.03,0.0,36.03,18.61,17.42,2024,5,21
O109893,2024-05-22,P0040,C00673,S006,1,25.25,0.1,22.72,16.53,6.19,2024,5,22
O104330,2024-05-22,P0084,C00773,S005,1,17.53,0.0,17.53,14.11,3.42,2024,5,22
O111425,2024-05-22,P0071,C00286,S003,1,9.68,0.05,9.2,7.38,1.82,2024,5,22
O102066,2024-05-22,P0058,C00928,S003,3,123.22,0.0,369.66,178.41,191.25,2024,5,22
O111500,2024-05-22,P0005,C00117,S010,1,15.5,0.1,13.95,12.07,1.88,2024,5,22
O103586,2024-05-22,P0011,C00457,S007,1,713.82,0.1,642.44,451.83,190.61,2024,5,22
O103883,2024-05-22,P0026,C01195,S008,1,325.3,0.0,325.3,181.38,143.92,2024,5,22
O106282,2024-05-22,P0021,C00729,S005,2,25.8,0.0,51.6,25.14,26.46,2024,5,22
O100476,2024-05-22,P0094,C00732,S003,1,21.21,0.0,21.21,12.17,9.04,2024,5,22
O102366,2024-05-22,P0067,C00992,S010,1,5.57,0.1,5.01,3.25,1.76,2024,5,22
O108735,2024-05-22,P0067,C00001,S003,1,5.57,0.0,5.57,3.25,2.32,2024,5,22
O105083,2024-05-22,P0032,C00849,S003,1,62.15,0.0,62.15,45.29,16.86,2024,5,22
O107494,2024-05-22,P0087,C00091,S009,2,463.9,0.0,927.8,507.3,420.5,2024,5,22
O100291,2024-05-22,P0021,C01106,S009,1,25.8,0.0,25.8,12.57,13.23,2024,5,22
O108027,2024-05-22,P0003,C00814,S012,1,44.76,0.05,42.52,33.14,9.38,2024,5,22
O103242,2024-05-22,P0057,C00080,S005,1,157.4,0.0,157.4,131.61,25.79,2024,5,22
O101967,2024-05-22,P0086,C00512,S005,2,310.61,0.0,621.22,319.38,301.84,2024,5,22
O108899,2024-05-23,P0094,C01150,S007,1,21.21,0.0,21.21,12.17,9.04,2024,5,23
O104787,2024-05-23,P0057,C00780,S001,2,157.4,0.1,283.32,263.22,20.1,2024,5,23
O109140,2024-05-23,P0098,C00987,S002,1,37.83,0.0,37.83,29.0,8.83,2024,5,23
O103032,2024-05-23,P0080,C00816,S012,2,20.59,0.15,35.0,27.88,7.12,2024,5,23
O104999,2024-05-23,P0009,C00856,S006,2,8.02,0.0,16.04,12.18,3.86,2024,5,23
O110433,2024-05-23,P0033,C01092,S001,2,47.81,0.0,95.62,62.42,33.2,2024,5,23
O109790,2024-05-23,P0058,C00443,S007,2,123.22,0.0,246.44,118.94,127.5,2024,5,23
O108367,2024-05-23,P0057,C00401,S005,10,157.4,0.0,1574.0,1316.1,257.9,2024,5,23
O104194,2024-05-23,P0065,C00280,S009,2,776.21,0.0,1552.42,771.08,781.34,2024,5,23
O111603,2024-05-23,P0078,C00803,S005,4,18.31,0.0,73.24,51.36,21.88,2024,5,23
O111010,2024-05-23,P0002,C00959,S007,2,130.95,0.0,261.9,200.12,61.78,2024,5,23
O109985,2024-05-23,P0025,C00780,S010,1,18.6,0.0,18.6,14.09,4.51,2024,5,23
O104102,2024-05-23,P0035,C00257,S006,1,21.89,0.0,21.89,12.25,9.64,2024,5,23
O103681,2024-05-24,P0050,C00045,S003,1,9.87,0.0,9.87,4.74,5.13,2024,5,24
O100642,2024-05-24,P0027,C00935,S001,1,55.97,0.0,55.97,29.57,26.4,2024,5,24
O109864,2024-05-24,P0064,C01045,S008,1,12.06,0.0,12.06,5.48,6.58,2024,5,24
O102537,2024-05-24,P0100,C01152,S004,2,142.46,0.05,270.67,182.28,88.39,2024,5,24
O109036,2024-05-24,P0085,C00179,S006,2,34.17,0.0,68.34,55.0,13.34,2024,5,24
O107381,2024-05-24,P0089,C01038,S001,1,39.28,0.0,39.28,18.15,21.13,2024,5,24
O102774,2024-05-24,P0088,C00216,S002,1,5.57,0.0,5.57,4.31,1.26,2024,5,24
O108156,2024-05-24,P0022,C00423,S012,1,42.03,0.0,42.03,30.14,11.89,2024,5,24
O107082,2024-05-24,P0058,C00893,S002,1,123.22,0.0,123.22,59.47,63.75,2024,5,24
O111042,2024-05-24,P0003,C01181,S006,1,44.76,0.0,44.76,33.14,11.62,2024,5,24
O107449,2024-05-24,P0079,C00360,S010,1,120.53,0.0,120.53,93.1,27.43,2024,5,24
O107215,2024-05-24,P0035,C00674,S009,1,21.89,0.15,18.61,12.25,6.36,2024,5,24
O107581,2024-05-24,P0015,C00911,S006,2,36.03,0.0,72.06,37.22,34.84,2024,5,24
O110285,2024-05-24,P0026,C00758,S003,1,325.3,0.0,325.3,181.38,143.92,2024,5,24
O106663,2024-05-24,P0047,C00138,S002,1,125.46,0.15,106.64,59.9,46.74,2024,5,24
O101931,2024-05-24,P0036,C00651,S008,1,15.34,0.15,13.04,8.29,4.75,2024,5,24
O101437,2024-05-24,P0003,C01075,S008,1,44.76,0.1,40.28,33.14,7.14,2024,5,24
O108598,2024-05-24,P0088,C00602,S007,2,5.57,0.05,10.58,8.62,1.96,2024,5,24
O111739,2024-05-24,P0022,C00998,S008,1,42.03,0.0,42.03,30.14,11.89,2024,5,24
O109664,2024-05-25,P0055,C00370,S012,2,24.74,0.05,47.01,34.96,12.05,2024,5,25
O101079,2024-05-25,P0035,C00271,S002,2,21.89,0.1,39.4,24.5,14.9,2024,5,25
O104126,2024-05-25,P0064,C00863,S002,3,12.06,0.0,36.18,16.44,19.74,2024,5,25
O102781,2024-05-25,P0038,C00116,S003,2,42.19,0.0,84.38,58.62,25.76,2024,5,25
O105849,2024-05-25,P0058,C00915,S002,1,123.22,0.1,110.9,59.47,51.43,2024,5,25
O106161,2024-05-25,P0010,C00946,S007,10,14.81,0.0,148.1,121.5,26.6,2024,5,25
O103341,2024-05-25,P0058,C00461,S002,1,123.22,0.0,123.22,59.47,63.75,2024,5,25
O107348,2024-05-25,P0095,C00451,S003,1,118.84,0.0,118.84,78.17,40.67,2024,5,25
O110858,2024-05-25,P0035,C01161,S001,3,21.89,0.2,52.54,36.75,15.79,2024,5,25
O100588,2024-05-25,P0030,C00517,S010,1,41.4,0.0,41.4,25.21,16.19,2024,5,25
O103725,2024-05-25,P0072,C00327,S001,1,149.26,0.05,141.8,69.51,72.29,2024,5,25
O110160,2024-05-25,P0023,C00981,S012,1,818.22,0.05,777.31,630.15,147.16,2024,5,25
O104318,2024-05-25,P0032,C00959,S011,4,62.15,0.0,248.6,181.16,67.44,2024,5,25
O102495,2024-05-26,P0030,C00468,S006,1,41.4,0.1,37.26,25.21,12.05,2024,5,26
O111543,2024-05-26,P0069,C00120,S011,2,85.27,0.0,170.54,131.72,38.82,2024,5,26
O107307,2024-05-26,P0093,C00264,S010,5,13.08,0.0,65.4,45.8,19.6,2024,5,26
O108166,2024-05-26,P0080,C00619,S007,1,20.59,0.0,20.59,13.94,6.65,2024,5,26
O109473,2024-05-26,P0062,C00050,S005,2,39.06,0.0,78.12,35.7,42.42,2024,5,26
O101029,2024-05-26,P0065,C00133,S010,1,776.21,0.05,737.4,385.54,351.86,2024,5,26
O109285,2024-05-26,P0055,C00613,S008,3,24.74,0.0,74.22,52.44,21.78,2024,5,26
O107067,2024-05-26,P0009,C00778,S001,1,8.02,0.05,7.62,6.09,1.53,2024,5,26
O102991,2024-05-26,P0057,C00371,S006,1,157.4,0.0,157.4,131.61,25.79,2024,5,26
O108518,2024-05-26,P0034,C00030,S011,1,84.19,0.0,84.19,69.04,15.15,2024,5,26
O105617,2024-05-26,P0008,C00590,S010,3,22.28,0.05,63.5,33.42,30.08,2024,5,26
O108785,2024-05-26,P0067,C00707,S006,1,5.57,0.05,5.29,3.25,2.04,2024,5,26
O108107,2024-05-26,P0063,C00860,S003,2,112.94,0.0,225.88,181.38,44.5,2024,5,26
O104037,2024-05-26,P0047,C01098,S005,1,125.46,0.1,112.91,59.9,53.01,2024,5,26
O102952,2024-05-26,P0011,C00776,S012,1,713.82,0.15,606.75,451.83,154.92,2024,5,26
O100726,2024-05-26,P0094,C00488,S003,2,21.21,0.0,42.42,24.34,18.08,2024,5,26
O101533,2024-05-26,P0098,C00220,S010,2,37.83,0.1,68.09,58.0,10.09,2024,5,26
O105056,2024-05-26,P0050,C00637,S003,1,9.87,0.0,9.87,4.74,5.13,2024,5,26
O100108,2024-05-27,P0037,C01011,S009,1,61.48,0.0,61.48,48.1,13.38,2024,5,27
O101198,2024-05-27,P0039,C00522,S001,2,47.6,0.0,95.2,65.06,30.14,2024,5,27
O109420,2024-05-27,P0031,C01009,S010,1,104.43,0.0,104.43,64.18,40.25,2024,5,27
O111253,2024-05-27,P0021,C00355,S003,5,25.8,0.1,116.1,62.85,53.25,2024,5,27
O104148,2024-05-27,P0096,C01024,S003,3,63.84,0.1,172.37,105.15,67.22,2024,5,27
O111015,2024-05-27,P0052,C00692,S002,1,97.55,0.0,97.55,61.47,36.08,2024,5,27
O101274,2024-05-27,P0094,C00546,S011,1,21.21,0.0,21.21,12.17,9.04,2024,5,27
O110044,2024-05-27,P0072,C01139,S004,1,149.26,0.0,149.26,69.51,79.75,2024,5,27
O104107,2024-05-27,P0017,C00879,S003,1,25.27,0.0,25.27,17.77,7.5,2024,5,27
O106006,2024-05-27,P0016,C01006,S002,3,547.4,0.1,1477.98,1192.23,285.75,2024,5,27
O102714,2024-05-27,P0084,C00932,S011,4,17.53,0.0,70.12,56.44,13.68,2024,5,27
O105216,2024-05-27,P0096,C00742,S012,1,63.84,0.1,57.46,35.05,22.41,2024,5,27
O103984,2024-05-27,P0001,C00591,S001,1,132.87,0.0,132.87,107.4,25.47,2024,5,27
O110943,2024-05-27,P0055,C00495,S002,2,24.74,0.0,49.48,34.96,14.52,2024,5,27
O108420,2024-05-27,P0093,C00701,S011,1,13.08,0.0,13.08,9.16,3.92,2024,5,27
O102080,2024-05-27,P0079,C00176,S006,2,120.53,0.0,241.06,186.2,54.86,2024,5,27
O100244,2024-05-27,P0035,C00473,S008,1,21.89,0.0,21.89,12.25,9.64,2024,5,27
O105608,2024-05-28,P0068,C00351,S005,1,100.31,0.1,90.28,81.38,8.9,2024,5,28
O102749,2024-05-28,P0056,C00761,S004,1,20.73,0.0,20.73,16.75,3.98,2024,5,28
O102071,2024-05-28,P0013,C00940,S008,2,45.23,0.05,85.94,49.64,36.3,2024,5,28
O105348,2024-05-28,P0029,C00008,S007,1,93.75,0.0,93.75,68.76,24.99,2024,5,28
O110770,2024-05-28,P0095,C01191,S010,1,118.84,0.0,118.84,78.17,40.67,2024,5,28
O102639,2024-05-28,P0065,C00619,S004,3,776.21,0.0,2328.63,1156.62,1172.01,2024,5,28
O108695,2024-05-28,P0050,C00157,S012,1,9.87,0.15,8.39,4.74,3.65,2024,5,28
O106133,2024-05-28,P0086,C00450,S001,1,310.61,0.0,310.61,159.69,150.92,2024,5,28
O106301,2024-05-28,P0060,C01099,S006,1,80.71,0.0,80.71,51.25,29.46,2024,5,28
O109979,2024-05-28,P0086,C01088,S002,2,310.61,0.0,621.22,319.38,301.84,2024,5,28
O104933,2024-05-28,P0025,C00943,S002,3,18.6,0.0,55.8,42.27,13.53,2024,5,28
O105797,2024-05-28,P0046,C00576,S009,2,69.45,0.2,111.12,85.16,25.96,2024,5,28
O100656,2024-05-28,P0048,C00195,S006,2,113.33,0.0,226.66,165.1,61.56,2024,5,28
O109910,2024-05-28,P0093,C00805,S004,3,13.08,0.15,33.35,27.48,5.87,2024,5,28
O103534,2024-05-29,P0066,C00816,S008,2,105.53,0.05,200.51,117.54,82.97,2024,5,29
O101900,2024-05-29,P0082,C01113,S009,1,28.43,0.1,25.59,21.73,3.86,2024,5,29
O105674,2024-05-29,P0046,C00370,S011,3,69.45,0.0,208.35,127.74,80.61,2024,5,29
O101314,2024-05-29,P0019,C00805,S003,2,138.62,0.05,263.38,136.3,127.08,2024,5,29
O102115,2024-05-29,P0087,C00557,S010,1,463.9,0.0,463.9,253.65,210.25,2024,5,29
O108840,2024-05-29,P0085,C00481,S001,2,34.17,0.0,68.34,55.0,13.34,2024,5,29
O102727,2024-05-29,P0066,C00938,S002,3,105.53,0.15,269.1,176.31,92.79,2024,5,29
O101546,2024-05-29,P0050,C00256,S007,4,9.87,0.0,39.48,18.96,20.52,2024,5,29
O103762,2024-05-29,P0024,C01146,S003,2,722.65,0.05,1373.04,847.16,525.88,2024,5,29
O100819,2024-05-29,P0048,C00456,S006,1,113.33,0.0,113.33,82.55,30.78,2024,5,29
O105923,2024-05-29,P0046,C01097,S008,1,69.45,0.1,62.5,42.58,19.92,2024,5,29
O111989,2024-05-29,P0063,C00787,S002,1,112.94,0.0,112.94,90.69,22.25,2024,5,29
O100006,2024-05-29,P0083,C00763,S002,1,85.03,0.15,72.28,44.79,27.49,2024,5,29
O105277,2024-05-29,P0038,C00653,S001,4,42.19,0.0,168.76,117.24,51.52,2024,5,29
O102988,2024-05-29,P0015,C01108,S003,1,36.03,0.0,36.03,18.61,17.42,2024,5,29
O102244,2024-05-30,P0030,C00565,S011,1,41.4,0.0,41.4,25.21,16.19,2024,5,30
O111382,2024-05-30,P0091,C00200,S009,2,35.24,0.1,63.43,37.34,26.09,2024,5,30
O103643,2024-05-30,P0079,C00975,S005,1,120.53,0.15,102.45,93.1,9.35,2024,5,30
O105448,2024-05-30,P0007,C00333,S012,1,99.07,0.1,89.16,74.71,14.45,2024,5,30
O107607,2024-05-30,P0006,C01078,S012,1,74.01,0.0,74.01,43.08,30.93,2024,5,30
O104290,2024-05-30,P0011,C00289,S002,1,713.82,0.1,642.44,451.83,190.61,2024,5,30
O102283,2024-05-30,P0047,C00778,S010,3,125.46,0.1,338.74,179.7,159.04,2024,5,30
O106271,2024-05-30,P0034,C00104,S005,4,84.19,0.05,319.92,276.16,43.76,2024,5,30
O104524,2024-05-30,P0074,C00708,S010,1,106.15,0.05,100.84,69.24,31.6,2024,5,30
O110542,2024-05-30,P0069,C00586,S002,1,85.27,0.15,72.48,65.86,6.62,2024,5,30
O105959,2024-05-30,P0057,C00844,S012,1,157.4,0.0,157.4,131.61,25.79,2024,5,30
O103599,2024-05-30,P0053,C00613,S010,1,51.37,0.1,46.23,32.27,13.96,2024,5,30
O102725,2024-05-30,P0091,C00349,S002,1,35.24,0.0,35.24,18.67,16.57,2024,5,30
O101062,2024-05-30,P0003,C00431,S002,1,44.76,0.0,44.76,33.14,11.62,2024,5,30
O103985,2024-05-30,P0052,C00965,S004,1,97.55,0.0,97.55,61.47,36.08,2024,5,30
O106373,2024-05-30,P0055,C00453,S008,1,24.74,0.0,24.74,17.48,7.26,2024,5,30
O103038,2024-05-30,P0085,C00189,S009,1,34.17,0.0,34.17,27.5,6.67,2024,5,30
O109472,2024-05-30,P0060,C00290,S005,1,80.71,0.1,72.64,51.25,21.39,2024,5,30
O102628,2024-05-30,P0051,C00371,S002,1,32.14,0.0,32.14,16.02,16.12,2024,5,30
O103821,2024-05-30,P0082,C00299,S008,2,28.43,0.0,56.86,43.46,13.4,2024,5,30
O108733,2024-05-31,P0066,C00118,S008,2,105.53,0.0,211.06,117.54,93.52,2024,5,31
O103108,2024-05-31,P0089,C00338,S007,3,39.28,0.0,117.84,54.45,63.39,2024,5,31
O106469,2024-05-31,P0028,C00627,S005,1,453.33,0.0,453.33,253.96,199.37,2024,5,31
O106825,2024-05-31,P0060,C00293,S008,2,80.71,0.1,145.28,102.5,42.78,2024,5,31
O103489,2024-05-31,P0061,C01176,S009,1,86.94,0.1,78.25,46.4,31.85,2024,5,31
O108294,2024-05-31,P0070,C01135,S003,2,27.07,0.0,54.14,28.5,25.64,2024,5,31
O100077,2024-05-31,P0025,C00274,S009,1,18.6,0.0,18.6,14.09,4.51,2024,5,31
O111842,2024-05-31,P0016,C01009,S004,1,547.4,0.0,547.4,397.41,149.99,2024,5,31
O109421,2024-05-31,P0059,C00723,S004,2,10.64,0.0,21.28,15.4,5.88,2024,5,31
O101434,2024-05-31,P0048,C00642,S006,1,113.33,0.05,107.66,82.55,25.11,2024,5,31
O104956,2024-05-31,P0092,C01033,S006,1,41.48,0.0,41.48,25.41,16.07,2024,5,31
O110749,2024-05-31,P0053,C01019,S010,10,51.37,0.0,513.7,322.7,191.0,2024,5,31
O100882,2024-05-31,P0070,C00626,S011,10,27.07,0.0,270.7,142.5,128.2,2024,5,31
O100156,2024-05-31,P0073,C00329,S008,2,36.7,0.1,66.06,36.44,29.62,2024,5,31
O107627,2024-06-01,P0017,C00068,S003,1,25.27,0.15,21.48,17.77,3.71,2024,6,1
O105359,2024-06-01,P0071,C00282,S006,1,9.68,0.15,8.23,7.38,0.85,2024,6,1
O111009,2024-06-01,P0030,C00832,S010,1,41.4,0.1,37.26,25.21,12.05,2024,6,1
O111738,2024-06-01,P0063,C00482,S006,1,112.94,0.1,101.65,90.69,10.96,2024,6,1
O111086,2024-06-01,P0066,C00395,S005,1,105.53,0.05,100.25,58.77,41.48,2024,6,1
O109917,2024-06-01,P0084,C00105,S012,1,17.53,0.0,17.53,14.11,3.42,2024,6,1
O109681,2024-06-01,P0042,C00789,S009,2,9.86,0.0,19.72,12.46,7.26,2024,6,1
O103910,2024-06-01,P0076,C01065,S011,1,301.81,0.2,241.45,247.89,-6.44,2024,6,1
O104588,2024-06-01,P0096,C00584,S004,2,63.84,0.0,127.68,70.1,57.58,2024,6,1
O110935,2024-06-01,P0053,C01188,S002,1,51.37,0.05,48.8,32.27,16.53,2024,6,1
O104560,2024-06-01,P0098,C00506,S006,1,37.83,0.0,37.83,29.0,8.83,2024,6,1
O101164,2024-06-01,P0003,C00121,S009,3,44.76,0.15,114.14,99.42,14.72,2024,6,1
O109584,2024-06-02,P0048,C01073,S008,4,113.33,0.0,453.32,330.2,123.12,2024,6,2
O100889,2024-06-02,P0054,C01026,S003,2,42.97,0.0,85.94,58.24,27.7,2024,6,2
O109546,2024-06-02,P0051,C01049,S011,4,32.14,0.15,109.28,64.08,45.2,2024,6,2
O108063,2024-06-02,P0018,C00111,S001,4,34.43,0.1,123.95,105.96,17.99,2024,6,2
O101734,2024-06-02,P0049,C00321,S010,1,366.28,0.0,366.28,172.71,193.57,2024,6,2
O102824,2024-06-02,P0094,C00825,S004,1,21.21,0.0,21.21,12.17,9.04,2024,6,2
O106584,2024-06-02,P0041,C00585,S001,1,246.7,0.0,246.7,134.73,111.97,2024,6,2
O104447,2024-06-02,P0003,C00743,S004,1,44.76,0.1,40.28,33.14,7.14,2024,6,2
O108679,2024-06-02,P0088,C00691,S010,1,5.57,0.05,5.29,4.31,0.98,2024,6,2
O111962,2024-06-02,P0039,C00712,S011,1,47.6,0.0,47.6,32.53,15.07,2024,6,2
O104995,2024-06-02,P0002,C00043,S005,5,130.95,0.1,589.28,500.3,88.98,2024,6,2
O107102,2024-06-02,P0001,C00520,S003,1,132.87,0.0,132.87,107.4,25.47,2024,6,2
O108837,2024-06-02,P0062,C00943,S011,1,39.06,0.0,39.06,17.85,21.21,2024,6,2
O103062,2024-06-03,P0001,C00390,S003,1,132.87,0.0,132.87,107.4,25.47,2024,6,3
O107363,2024-06-03,P0050,C00407,S012,10,9.87,0.1,88.83,47.4,41.43,2024,6,3
O105656,2024-06-03,P0060,C01082,S010,2,80.71,0.1,145.28,102.5,42.78,2024,6,3
O111698,2024-06-03,P0084,C00599,S006,1,17.53,0.1,15.78,14.11,1.67,2024,6,3
O108038,2024-06-03,P0061,C01072,S004,1,86.94,0.0,86.94,46.4,40.54,2024,6,3
O111679,2024-06-03,P0090,C00884,S004,1,575.16,0.15,488.89,375.73,113.16,2024,6,3
O104016,2024-06-03,P0019,C00266,S008,2,138.62,0.2,221.79,136.3,85.49,2024,6,3
O108927,2024-06-03,P0098,C00333,S004,1,37.83,0.0,37.83,29.0,8.83,2024,6,3
O106176,2024-06-03,P0012,C00571,S002,1,88.36,0.0,88.36,62.9,25.46,2024,6,3
O104467,2024-06-03,P0049,C00297,S008,2,366.28,0.1,659.3,345.42,313.88,2024,6,3
O104862,2024-06-03,P0025,C00416,S001,5,18.6,0.0,93.0,70.45,22.55,2024,6,3
O105516,2024-06-03,P0043,C00431,S002,1,11.09,0.0,11.09,5.81,5.28,2024,6,3
O110777,2024-06-03,P0077,C01192,S006,1,130.07,0.05,123.57,107.65,15.92,2024,6,3
O111202,2024-06-03,P0004,C00724,S006,1,29.55,0.0,29.55,14.48,15.07,2024,6,3
O104750,2024-06-03,P0008,C00687,S010,2,22.28,0.0,44.56,22.28,22.28,2024,6,3
O106258,2024-06-03,P0011,C00999,S002,1,713.82,0.0,713.82,451.83,261.99,2024,6,3
O109286,2024-06-03,P0023,C00680,S002,1,818.22,0.1,736.4,630.15,106.25,2024,6,3
O106599,2024-06-03,P0056,C00870,S005,1,20.73,0.0,20.73,16.75,3.98,2024,6,3
O104195,2024-06-03,P0031,C00642,S011,5,104.43,0.0,522.15,320.9,201.25,2024,6,3
O100445,2024-06-03,P0044,C00984,S010,2,136.64,0.0,273.28,231.36,41.92,2024,6,3
O107195,2024-06-03,P0058,C00190,S008,1,123.22,0.1,110.9,59.47,51.43,2024,6,3
O101136,2024-06-03,P0018,C00270,S004,1,34.43,0.05,32.71,26.49,6.22,2024,6,3
O107256,2024-06-04,P0090,C00243,S012,2,575.16,0.0,1150.32,751.46,398.86,2024,6,4
O100076,2024-06-04,P0041,C01082,S002,2,246.7,0.0,493.4,269.46,223.94,2024,6,4
O100583,2024-06-04,P0063,C01130,S003,3,112.94,0.0,338.82,272.07,66.75,2024,6,4
O110674,2024-06-04,P0023,C01101,S004,1,818.22,0.0,818.22,630.15,188.07,2024,6,4
O104673,2024-06-04,P0018,C00509,S004,1,34.43,0.05,32.71,26.49,6.22,2024,6,4
O107480,2024-06-04,P0091,C00314,S012,1,35.24,0.0,35.24,18.67,16.57,2024,6,4
O106973,2024-06-04,P0092,C00391,S012,2,41.48,0.0,82.96,50.82,32.14,2024,6,4
O101928,2024-06-04,P0056,C01096,S007,1,20.73,0.0,20.73,16.75,3.98,2024,6,4
O104508,2024-06-04,P0078,C00025,S011,2,18.31,0.0,36.62,25.68,10.94,2024,6,4
O106123,2024-06-04,P0076,C01035,S002,1,301.81,0.1,271.63,247.89,23.74,2024,6,4
O104660,2024-06-04,P0010,C00522,S012,2,14.81,0.2,23.7,24.3,-0.6,2024,6,4
O106603,2024-06-04,P0027,C00769,S008,1,55.97,0.15,47.57,29.57,18.0,2024,6,4
O100573,2024-06-04,P0043,C00503,S005,1,11.09,0.0,11.09,5.81,5.28,2024,6,4
O104711,2024-06-04,P0096,C00716,S011,1,63.84,0.0,63.84,35.05,28.79,2024,6,4
O103536,2024-06-04,P0042,C01074,S012,1,9.86,0.0,9.86,6.23,3.63,2024,6,4
O107477,2024-06-04,P0019,C00119,S004,1,138.62,0.05,131.69,68.15,63.54,2024,6,4
O111362,2024-06-05,P0002,C00924,S007,1,130.95,0.05,124.4,100.06,24.34,2024,6,5
O109556,2024-06-05,P0017,C01110,S001,1,25.27,0.15,21.48,17.77,3.71,2024,6,5
O109662,2024-06-05,P0083,C01043,S006,1,85.03,0.05,80.78,44.79,35.99,2024,6,5
O110403,2024-06-05,P0080,C00693,S009,1,20.59,0.0,20.59,13.94,6.65,2024,6,5
O111149,2024-06-05,P0071,C00363,S011,1,9.68,0.0,9.68,7.38,2.3,2024,6,5
O100586,2024-06-05,P0041,C00055,S001,4,246.7,0.0,986.8,538.92,447.88,2024,6,5
O110248,2024-06-05,P0010,C00957,S007,1,14.81,0.2,11.85,12.15,-0.3,2024,6,5
O102265,2024-06-05,P0015,C00304,S005,1,36.03,0.0,36.03,18.61,17.42,2024,6,5
O101221,2024-06-05,P0043,C01160,S012,1,11.09,0.1,9.98,5.81,4.17,2024,6,5
O106280,2024-06-05,P0008,C01014,S001,2,22.28,0.0,44.56,22.28,22.28,2024,6,5
O101669,2024-06-05,P0024,C00283,S004,1,722.65,0.0,722.65,423.58,299.07,2024,6,5
O100407,2024-06-05,P0074,C00756,S009,2,106.15,0.0,212.3,138.48,73.82,2024,6,5
O109027,2024-06-05,P0094,C00190,S010,1,21.21,0.15,18.03,12.17,5.86,2024,6,5
O109804,2024-06-05,P0070,C00474,S004,5,27.07,0.15,115.05,71.25,43.8,2024,6,5
O108451,2024-06-05,P0092,C00954,S005,5,41.48,0.1,186.66,127.05,59.61,2024,6,5
O104646,2024-06-05,P0088,C00840,S011,1,5.57,0.05,5.29,4.31,0.98,2024,6,5
O107974,2024-06-05,P0008,C00502,S006,1,22.28,0.0,22.28,11.14,11.14,2024,6,5
O100138,2024-06-06,P0039,C00469,S006,1,47.6,0.1,42.84,32.53,10.31,2024,6,6
O108428,2024-06-06,P0096,C00944,S009,2,63.84,0.0,127.68,70.1,57.58,2024,6,6
O108995,2024-06-06,P0032,C00826,S009,1,62.15,0.0,62.15,45.29,16.86,2024,6,6
O111974,2024-06-06,P0019,C00460,S004,3,138.62,0.0,415.86,204.45,211.41,2024,6,6
O102149,2024-06-06,P0028,C01015,S001,1,453.33,0.0,453.33,253.96,199.37,2024,6,6
O101759,2024-06-06,P0019,C00071,S001,1,138.62,0.2,110.9,68.15,42.75,2024,6,6
O108963,2024-06-06,P0053,C00917,S007,10,51.37,0.0,513.7,322.7,191.0,2024,6,6
O111524,2024-06-06,P0029,C00944,S011,1,93.75,0.05,89.06,68.76,20.3,2024,6,6
O108246,2024-06-07,P0042,C01012,S002,2,9.86,0.0,19.72,12.46,7.26,2024,6,7
O108363,2024-06-07,P0009,C00142,S008,3,8.02,0.15,20.45,18.27,2.18,2024,6,7
O108510,2024-06-07,P0038,C00046,S005,1,42.19,0.0,42.19,29.31,12.88,2024,6,7
O103937,2024-06-07,P0021,C01194,S004,1,25.8,0.0,25.8,12.57,13.23,2024,6,7
O110806,2024-06-07,P0050,C00851,S010,1,9.87,0.0,9.87,4.74,5.13,2024,6,7
O103280,2024-06-07,P0069,C00298,S011,1,85.27,0.05,81.01,65.86,15.15,2024,6,7
O105209,2024-06-07,P0013,C00138,S001,1,45.23,0.0,45.23,24.82,20.41,2024,6,7
O108464,2024-06-07,P0016,C00731,S007,2,547.4,0.0,1094.8,794.82,299.98,2024,6,7
O103876,2024-06-07,P0094,C00166,S005,1,21.21,0.0,21.21,12.17,9.04,2024,6,7
O106828,2024-06-07,P0042,C01151,S009,2,9.86,0.1,17.75,12.46,5.29,2024,6,7
O104507,2024-06-07,P0087,C00132,S007,1,463.9,0.0,463.9,253.65,210.25,2024,6,7
O101059,2024-06-07,P0025,C00766,S008,1,18.6,0.1,16.74,14.09,2.65,2024,6,7
O105980,2024-06-07,P0048,C00758,S004,3,113.33,0.2,271.99,247.65,24.34,2024,6,7
O109168,2024-06-07,P0077,C00865,S011,5,130.07,0.2,520.28,538.25,-17.97,2024,6,7
O104470,2024-06-07,P0098,C00265,S005,2,37.83,0.0,75.66,58.0,17.66,2024,6,7
O109062,2024-06-07,P0036,C00457,S009,2,15.34,0.05,29.15,16.58,12.57,2024,6,7
O106040,2024-06-07,P0052,C01003,S005,2,97.55,0.0,195.1,122.94,72.16,2024,6,7
O102100,2024-06-07,P0012,C00574,S005,1,88.36,0.0,88.36,62.9,25.46,2024,6,7
O102444,2024-06-07,P0059,C00833,S003,1,10.64,0.0,10.64,7.7,2.94,2024,6,7
O110047,2024-06-07,P0054,C00891,S010,2,42.97,0.0,85.94,58.24,27.7,2024,6,7
O101809,2024-06-07,P0034,C01188,S006,1,84.19,0.0,84.19,69.04,15.15,2024,6,7
O105526,2024-06-08,P0031,C00717,S009,1,104.43,0.0,104.43,64.18,40.25,2024,6,8
O109536,2024-06-08,P0079,C00223,S006,2,120.53,0.0,241.06,186.2,54.86,2024,6,8
O100633,2024-06-08,P0059,C00946,S009,1,10.64,0.0,10.64,7.7,2.94,2024,6,8
O106463,2024-06-08,P0076,C00410,S009,1,301.81,0.15,256.54,247.89,8.65,2024,6,8
O100989,2024-06-08,P0024,C00947,S004,1,722.65,0.0,722.65,423.58,299.07,2024,6,8
O110082,2024-06-08,P0084,C00294,S008,4,17.53,0.0,70.12,56.44,13.68,2024,6,8
O104972,2024-06-08,P0001,C00651,S001,1,132.87,0.0,132.87,107.4,25.47,2024,6,8
O107955,2024-06-08,P0040,C00537,S003,2,25.25,0.0,50.5,33.06,17.44,2024,6,8
O105764,2024-06-08,P0038,C01134,S010,1,42.19,0.0,42.19,29.31,12.88,2024,6,8
O102817,2024-06-08,P0035,C01000,S010,1,21.89,0.0,21.89,12.25,9.64,2024,6,8
O100695,2024-06-08,P0026,C01169,S010,4,325.3,0.1,1171.08,725.52,445.56,2024,6,8
O103842,2024-06-08,P0099,C00902,S003,2,5.01,0.1,9.02,5.54,3.48,2024,6,8
O108484,2024-06-08,P0046,C00094,S003,2,69.45,0.05,131.96,85.16,46.8,2024,6,8
O103244,2024-06-08,P0041,C00846,S010,1,246.7,0.1,222.03,134.73,87.3,2024,6,8
O103218,2024-06-08,P0080,C00965,S003,1,20.59,0.1,18.53,13.94,4.59,2024,6,8
O111687,2024-06-08,P0062,C00590,S010,1,39.06,0.0,39.06,17.85,21.21,2024,6,8
O111872,2024-06-08,P0061,C00893,S011,1,86.94,0.0,86.94,46.4,40.54,2024,6,8
O102261,2024-06-09,P0055,C01021,S009,10,24.74,0.1,222.66,174.8,47.86,2024,6,9
O100657,2024-06-09,P0082,C00073,S008,1,28.43,0.0,28.43,21.73,6.7,2024,6,9
O101877,2024-06-09,P0055,C00252,S001,1,24.74,0.0,24.74,17.48,7.26,2024,6,9
O102281,2024-06-09,P0035,C00585,S009,2,21.89,0.1,39.4,24.5,14.9,2024,6,9
O108999,2024-06-09,P0072,C00408,S003,1,149.26,0.0,149.26,69.51,79.75,2024,6,9
O105452,2024-06-09,P0063,C00843,S001,1,112.94,0.2,90.35,90.69,-0.34,2024,6,9
O109891,2024-06-09,P0073,C01088,S011,2,36.7,0.0,73.4,36.44,36.96,2024,6,9
O107911,2024-06-09,P0030,C00363,S005,2,41.4,0.05,78.66,50.42,28.24,2024,6,9
O106485,2024-06-09,P0015,C00490,S004,2,36.03,0.0,72.06,37.22,34.84,2024,6,9
O110932,2024-06-09,P0027,C00770,S012,1,55.97,0.05,53.17,29.57,23.6,2024,6,9
O103991,2024-06-09,P0003,C00389,S010,1,44.76,0.15,38.05,33.14,4.91,2024,6,9
O109092,2024-06-09,P0090,C00836,S002,2,575.16,0.0,1150.32,751.46,398.86,2024,6,9
O111495,2024-06-09,P0096,C00798,S007,5,63.84,0.0,319.2,175.25,143.95,2024,6,9
O111545,2024-06-09,P0046,C01156,S007,1,69.45,0.0,69.45,42.58,26.87,2024,6,9
O104755,2024-06-09,P0067,C01116,S010,1,5.57,0.15,4.73,3.25,1.48,2024,6,9
O100423,2024-06-09,P0016,C00582,S010,3,547.4,0.15,1395.87,1192.23,203.64,2024,6,9
O103497,2024-06-09,P0061,C00886,S010,1,86.94,0.0,86.94,46.4,40.54,2024,6,9
O109418,2024-06-09,P0005,C01122,S001,4,15.5,0.0,62.0,48.28,13.72,2024,6,9
O101963,2024-06-10,P0053,C00622,S005,1,51.37,0.0,51.37,32.27,19.1,2024,6,10
O111948,2024-06-10,P0014,C00035,S004,1,13.14,0.0,13.14,6.13,7.01,2024,6,10
O102016,2024-06-10,P0019,C00578,S003,1,138.62,0.0,138.62,68.15,70.47,2024,6,10
O109579,2024-06-10,P0057,C00140,S009,1,157.4,0.0,157.4,131.61,25.79,2024,6,10
O105064,2024-06-10,P0025,C01018,S009,1,18.6,0.0,18.6,14.09,4.51,2024,6,10
O103482,2024-06-10,P0012,C00129,S009,1,88.36,0.0,88.36,62.9,25.46,2024,6,10
O111373,2024-06-10,P0010,C01023,S011,4,14.81,0.05,56.28,48.6,7.68,2024,6,10
O105783,2024-06-10,P0005,C00245,S012,2,15.5,0.05,29.45,24.14,5.31,2024,6,10
O106788,2024-06-10,P0019,C01138,S009,1,138.62,0.15,117.83,68.15,49.68,2024,6,10
O106260,2024-06-10,P0021,C01037,S003,4,25.8,0.0,103.2,50.28,52.92,2024,6,10
O101400,2024-06-11,P0099,C01034,S005,3,5.01,0.15,12.78,8.31,4.47,2024,6,11
O111577,2024-06-11,P0047,C00172,S012,2,125.46,0.1,225.83,119.8,106.03,2024,6,11
O105695,2024-06-11,P0085,C00200,S004,10,34.17,0.0,341.7,275.0,66.7,2024,6,11
O104613,2024-06-11,P0036,C01179,S011,1,15.34,0.0,15.34,8.29,7.05,2024,6,11
O101629,2024-06-11,P0057,C00376,S010,1,157.4,0.15,133.79,131.61,2.18,2024,6,11
O106722,2024-06-11,P0045,C01135,S008,1,131.19,0.1,118.07,106.88,11.19,2024,6,11
O101990,2024-06-11,P0073,C00566,S010,1,36.7,0.0,36.7,18.22,18.48,2024,6,11
O101932,2024-06-11,P0074,C00780,S009,2,106.15,0.1,191.07,138.48,52.59,2024,6,11
O109788,2024-06-11,P0033,C00806,S002,1,47.81,0.0,47.81,31.21,16.6,2024,6,11
O110794,2024-06-12,P0093,C00571,S006,1,13.08,0.1,11.77,9.16,2.61,2024,6,12
O106324,2024-06-12,P0080,C01019,S002,2,20.59,0.0,41.18,27.88,13.3,2024,6,12
O105338,2024-06-12,P0016,C01184,S011,1,547.4,0.0,547.4,397.41,149.99,2024,6,12
O111743,2024-06-12,P0028,C00428,S005,3,453.33,0.15,1155.99,761.88,394.11,2024,6,12
O110415,2024-06-12,P0017,C00316,S011,2,25.27,0.0,50.54,35.54,15.0,2024,6,12
O106586,2024-06-12,P0072,C00640,S011,2,149.26,0.0,298.52,139.02,159.5,2024,6,12
O102750,2024-06-12,P0099,C00363,S004,5,5.01,0.05,23.8,13.85,9.95,2024,6,12
O104793,2024-06-12,P0055,C01137,S007,3,24.74,0.0,74.22,52.44,21.78,2024,6,12
O100703,2024-06-12,P0030,C00960,S010,1,41.4,0.0,41.4,25.21,16.19,2024,6,12
O110860,2024-06-12,P0008,C01057,S004,1,22.28,0.05,21.17,11.14,10.03,2024,6,12
O103880,2024-06-12,P0031,C00112,S005,1,104.43,0.0,104.43,64.18,40.25,2024,6,12
O100392,2024-06-13,P0007,C00489,S011,1,99.07,0.0,99.07,74.71,24.36,2024,6,13
O106745,2024-06-13,P0039,C01142,S002,1,47.6,0.0,47.6,32.53,15.07,2024,6,13
O109573,2024-06-13,P0052,C00057,S011,2,97.55,0.0,195.1,122.94,72.16,2024,6,13
O105642,2024-06-13,P0040,C00760,S009,1,25.25,0.1,22.72,16.53,6.19,2024,6,13
O103101,2024-06-13,P0051,C00318,S002,1,32.14,0.0,32.14,16.02,16.12,2024,6,13
O100293,2024-06-13,P0049,C00844,S005,2,366.28,0.0,732.56,345.42,387.14,2024,6,13
O106124,2024-06-13,P0062,C00529,S009,1,39.06,0.0,39.06,17.85,21.21,2024,6,13
O105460,2024-06-13,P0061,C00582,S007,1,86.94,0.0,86.94,46.4,40.54,2024,6,13
O108854,2024-06-13,P0015,C00456,S007,1,36.03,0.0,36.03,18.61,17.42,2024,6,13
O109082,2024-06-13,P0051,C00696,S011,1,32.14,0.05,30.53,16.02,14.51,2024,6,13
O107777,2024-06-13,P0005,C00364,S011,4,15.5,0.0,62.0,48.28,13.72,2024,6,13
O104122,2024-06-13,P0080,C00147,S010,4,20.59,0.15,70.01,55.76,14.25,2024,6,13
O109348,2024-06-13,P0035,C00121,S007,1,21.89,0.0,21.89,12.25,9.64,2024,6,13
O107584,2024-06-14,P0030,C01168,S012,1,41.4,0.0,41.4,25.21,16.19,2024,6,14
O100289,2024-06-14,P0024,C00765,S004,1,722.65,0.15,614.25,423.58,190.67,2024,6,14
O104670,2024-06-14,P0046,C00321,S002,1,69.45,0.0,69.45,42.58,26.87,2024,6,14
O104146,2024-06-14,P0020,C00368,S005,1,30.45,0.0,30.45,20.59,9.86,2024,6,14
O103217,2024-06-14,P0095,C00976,S001,1,118.84,0.2,95.07,78.17,16.9,2024,6,14
O109103,2024-06-14,P0075,C00130,S012,2,10.1,0.0,20.2,14.98,5.22,2024,6,14
O103665,2024-06-14,P0067,C01024,S004,3,5.57,0.0,16.71,9.75,6.96,2024,6,14
O101266,2024-06-14,P0048,C00565,S008,1,113.33,0.05,107.66,82.55,25.11,2024,6,14
O100791,2024-06-14,P0085,C00110,S003,2,34.17,0.0,68.34,55.0,13.34,2024,6,14
O100438,2024-06-14,P0025,C00304,S006,1,18.6,0.05,17.67,14.09,3.58,2024,6,14
O111606,2024-06-14,P0032,C00161,S006,1,62.15,0.0,62.15,45.29,16.86,2024,6,14
O110667,2024-06-14,P0022,C01061,S003,1,42.03,0.1,37.83,30.14,7.69,2024,6,14
O107653,2024-06-14,P0057,C00119,S006,3,157.4,0.0,472.2,394.83,77.37,2024,6,14
O110701,2024-06-14,P0034,C01102,S006,1,84.19,0.1,75.77,69.04,6.73,2024,6,14
O107378,2024-06-14,P0018,C00514,S009,2,34.43,0.0,68.86,52.98,15.88,2024,6,14
O103856,2024-06-14,P0086,C00882,S002,1,310.61,0.0,310.61,159.69,150.92,2024,6,14
O103672,2024-06-15,P0052,C00153,S002,4,97.55,0.0,390.2,245.88,144.32,2024,6,15
O106637,2024-06-15,P0086,C00268,S010,1,310.61,0.0,310.61,159.69,150.92,2024,6,15
O104371,2024-06-15,P0093,C00119,S005,2,13.08,0.0,26.16,18.32,7.84,2024,6,15
O110335,2024-06-15,P0046,C00468,S007,1,69.45,0.0,69.45,42.58,26.87,2024,6,15
O107000,2024-06-15,P0042,C00986,S012,1,9.86,0.0,9.86,6.23,3.63,2024,6,15
O103078,2024-06-15,P0055,C00886,S004,5,24.74,0.0,123.7,87.4,36.3,2024,6,15
O100627,2024-06-15,P0043,C00458,S004,3,11.09,0.0,33.27,17.43,15.84,2024,6,15
O101745,2024-06-15,P0045,C00633,S006,1,131.19,0.05,124.63,106.88,17.75,2024,6,15
O108183,2024-06-15,P0012,C00985,S012,5,88.36,0.0,441.8,314.5,127.3,2024,6,15
O106655,2024-06-15,P0008,C00480,S009,1,22.28,0.1,20.05,11.14,8.91,2024,6,15
O104684,2024-06-15,P0071,C00642,S008,1,9.68,0.0,9.68,7.38,2.3,2024,6,15
O106801,2024-06-15,P0075,C00307,S008,1,10.1,0.05,9.59,7.49,2.1,2024,6,15
O110944,2024-06-15,P0057,C00137,S004,3,157.4,0.2,377.76,394.83,-17.07,2024,6,15
O105113,2024-06-15,P0026,C00778,S011,1,325.3,0.1,292.77,181.38,111.39,2024,6,15
O104911,2024-06-15,P0040,C00115,S008,4,25.25,0.0,101.0,66.12,34.88,2024,6,15
O103557,2024-06-15,P0071,C00728,S007,2,9.68,0.0,19.36,14.76,4.6,2024,6,15
O101704,2024-06-15,P0077,C00110,S012,3,130.07,0.0,390.21,322.95,67.26,2024,6,15
O107168,2024-06-15,P0055,C01068,S001,1,24.74,0.0,24.74,17.48,7.26,2024,6,15
O111116,2024-06-15,P0063,C00687,S009,1,112.94,0.05,107.29,90.69,16.6,2024,6,15
O111561,2024-06-15,P0026,C00723,S009,1,325.3,0.0,325.3,181.38,143.92,2024,6,15
O100589,2024-06-15,P0004,C00703,S005,2,29.55,0.05,56.14,28.96,27.18,2024,6,15
O111852,2024-06-15,P0019,C00582,S003,1,138.62,0.0,138.62,68.15,70.47,2024,6,15
O109463,2024-06-16,P0031,C00519,S007,1,104.43,0.0,104.43,64.18,40.25,2024,6,16
O103713,2024-06-16,P0094,C00544,S002,2,21.21,0.1,38.18,24.34,13.84,2024,6,16
O103903,2024-06-16,P0049,C00888,S005,5,366.28,0.15,1556.69,863.55,693.14,2024,6,16
O109128,2024-06-16,P0058,C01178,S003,2,123.22,0.05,234.12,118.94,115.18,2024,6,16
O107412,2024-06-16,P0002,C00484,S002,1,130.95,0.15,111.31,100.06,11.25,2024,6,16
O111290,2024-06-16,P0021,C01145,S002,3,25.8,0.1,69.66,37.71,31.95,2024,6,16
O106744,2024-06-16,P0069,C00258,S009,2,85.27,0.0,170.54,131.72,38.82,2024,6,16
O111102,2024-06-16,P0024,C00216,S008,2,722.65,0.1,1300.77,847.16,453.61,2024,6,16
O108698,2024-06-16,P0024,C00976,S011,1,722.65,0.1,650.38,423.58,226.8,2024,6,16
O111126,2024-06-16,P0058,C00221,S010,1,123.22,0.1,110.9,59.47,51.43,2024,6,16
O110617,2024-06-16,P0019,C00498,S012,1,138.62,0.05,131.69,68.15,63.54,2024,6,16
O104537,2024-06-16,P0012,C00533,S005,1,88.36,0.0,88.36,62.9,25.46,2024,6,16
O106020,2024-06-16,P0042,C00671,S003,4,9.86,0.0,39.44,24.92,14.52,2024,6,16
O105075,2024-06-16,P0099,C00536,S003,1,5.01,0.1,4.51,2.77,1.74,2024,6,16
O109651,2024-06-16,P0004,C00162,S006,1,29.55,0.0,29.55,14.48,15.07,2024,6,16
O111300,2024-06-16,P0038,C00134,S010,3,42.19,0.05,120.24,87.93,32.31,2024,6,16
O107913,2024-06-16,P0091,C00099,S010,1,35.24,0.1,31.72,18.67,13.05,2024,6,16
O101519,2024-06-16,P0082,C00662,S008,1,28.43,0.1,25.59,21.73,3.86,2024,6,16
O100337,2024-06-16,P0066,C00722,S005,3,105.53,0.05,300.76,176.31,124.45,2024,6,16
O101360,2024-06-16,P0007,C00791,S005,3,99.07,0.0,297.21,224.13,73.08,2024,6,16
O101432,2024-06-16,P0036,C00512,S007,3,15.34,0.05,43.72,24.87,18.85,2024,6,16
O106921,2024-06-17,P0065,C00522,S010,1,776.21,0.1,698.59,385.54,313.05,2024,6,17
O104302,2024-06-17,P0015,C00946,S011,2,36.03,0.05,68.46,37.22,31.24,2024,6,17
O109034,2024-06-17,P0028,C00096,S012,2,453.33,0.0,906.66,507.92,398.74,2024,6,17
O102958,2024-06-17,P0010,C00154,S003,2,14.81,0.1,26.66,24.3,2.36,2024,6,17
O104728,2024-06-17,P0050,C00217,S005,1,9.87,0.15,8.39,4.74,3.65,2024,6,17
O104765,2024-06-17,P0032,C00503,S008,2,62.15,0.1,111.87,90.58,21.29,2024,6,17
O110123,2024-06-17,P0023,C00843,S011,1,818.22,0.0,818.22,630.15,188.07,2024,6,17
O109559,2024-06-17,P0024,C00125,S010,1,722.65,0.0,722.65,423.58,299.07,2024,6,17
O109380,2024-06-17,P0055,C00153,S011,1,24.74,0.05,23.5,17.48,6.02,2024,6,17
O101096,2024-06-17,P0015,C01103,S003,1,36.03,0.0,36.03,18.61,17.42,2024,6,17
O101904,2024-06-17,P0046,C00705,S009,1,69.45,0.0,69.45,42.58,26.87,2024,6,17
O101115,2024-06-17,P0008,C00216,S012,1,22.28,0.0,22.28,11.14,11.14,2024,6,17
O103442,2024-06-18,P0091,C00737,S003,1,35.24,0.0,35.24,18.67,16.57,2024,6,18
O110765,2024-06-18,P0015,C00859,S012,2,36.03,0.2,57.65,37.22,20.43,2024,6,18
O107422,2024-06-18,P0014,C01008,S007,2,13.14,0.15,22.34,12.26,10.08,2024,6,18
O105181,2024-06-18,P0045,C01089,S009,1,131.19,0.0,131.19,106.88,24.31,2024,6,18
O106869,2024-06-18,P0010,C00862,S008,2,14.81,0.0,29.62,24.3,5.32,2024,6,18
O110409,2024-06-18,P0061,C00876,S007,1,86.94,0.0,86.94,46.4,40.54,2024,6,18
O106085,2024-06-18,P0004,C00758,S007,1,29.55,0.1,26.6,14.48,12.12,2024,6,18
O103209,2024-06-18,P0053,C00701,S003,1,51.37,0.05,48.8,32.27,16.53,2024,6,18
O101356,2024-06-18,P0024,C00270,S007,1,722.65,0.05,686.52,423.58,262.94,2024,6,18
O111237,2024-06-18,P0010,C00543,S010,2,14.81,0.15,25.18,24.3,0.88,2024,6,18
O111410,2024-06-18,P0088,C00039,S001,3,5.57,0.0,16.71,12.93,3.78,2024,6,18
O100003,2024-06-18,P0064,C00500,S002,3,12.06,0.1,32.56,16.44,16.12,2024,6,18
O110880,2024-06-18,P0057,C01038,S004,1,157.4,0.05,149.53,131.61,17.92,2024,6,18
O102647,2024-06-18,P0087,C00280,S005,3,463.9,0.1,1252.53,760.95,491.58,2024,6,18
O110070,2024-06-18,P0072,C00428,S002,2,149.26,0.0,298.52,139.02,159.5,2024,6,18
O111882,2024-06-18,P0036,C00252,S008,2,15.34,0.0,30.68,16.58,14.1,2024,6,18
O105227,2024-06-18,P0099,C00784,S010,1,5.01,0.05,4.76,2.77,1.99,2024,6,18
O108716,2024-06-19,P0028,C00760,S009,1,453.33,0.0,453.33,253.96,199.37,2024,6,19
O106135,2024-06-19,P0048,C00386,S007,1,113.33,0.0,113.33,82.55,30.78,2024,6,19
O105033,2024-06-19,P0014,C00543,S001,2,13.14,0.0,26.28,12.26,14.02,2024,6,19
O110253,2024-06-19,P0079,C00811,S005,4,120.53,0.0,482.12,372.4,109.72,2024,6,19
O108373,2024-06-19,P0035,C00949,S001,1,21.89,0.0,21.89,12.25,9.64,2024,6,19
O111640,2024-06-19,P0078,C00839,S008,10,18.31,0.0,183.1,128.4,54.7,2024,6,19
O103000,2024-06-19,P0073,C01094,S011,1,36.7,0.0,36.7,18.22,18.48,2024,6,19
O100953,2024-06-19,P0053,C00115,S005,2,51.37,0.0,102.74,64.54,38.2,2024,6,19
O106954,2024-06-19,P0084,C00578,S003,1,17.53,0.0,17.53,14.11,3.42,2024,6,19
O106207,2024-06-19,P0040,C00748,S009,3,25.25,0.0,75.75,49.59,26.16,2024,6,19
O107026,2024-06-19,P0042,C00251,S010,1,9.86,0.1,8.87,6.23,2.64,2024,6,19
O101755,2024-06-19,P0100,C00573,S010,1,142.46,0.0,142.46,91.14,51.32,2024,6,19
O105099,2024-06-19,P0056,C00809,S004,2,20.73,0.0,41.46,33.5,7.96,2024,6,19
O103731,2024-06-19,P0050,C00257,S001,2,9.87,0.0,19.74,9.48,10.26,2024,6,19
O100264,2024-06-19,P0034,C00566,S011,4,84.19,0.15,286.25,276.16,10.09,2024,6,19
O106186,2024-06-19,P0093,C00535,S004,3,13.08,0.0,39.24,27.48,11.76,2024,6,19
O105427,2024-06-19,P0002,C00656,S007,1,130.95,0.0,130.95,100.06,30.89,2024,6,19
O102753,2024-06-19,P0019,C00796,S011,1,138.62,0.0,138.62,68.15,70.47,2024,6,19
O105108,2024-06-19,P0094,C00051,S001,2,21.21,0.0,42.42,24.34,18.08,2024,6,19
O100786,2024-06-20,P0010,C00992,S004,1,14.81,0.15,12.59,12.15,0.44,2024,6,20
O111787,2024-06-20,P0094,C00447,S007,1,21.21,0.0,21.21,12.17,9.04,2024,6,20
O111033,2024-06-20,P0006,C00242,S008,1,74.01,0.1,66.61,43.08,23.53,2024,6,20
O109281,2024-06-20,P0003,C01051,S004,1,44.76,0.0,44.76,33.14,11.62,2024,6,20
O111936,2024-06-20,P0094,C01146,S008,1,21.21,0.0,21.21,12.17,9.04,2024,6,20
O108293,2024-06-20,P0059,C00947,S009,2,10.64,0.0,21.28,15.4,5.88,2024,6,20
O102243,2024-06-20,P0039,C00965,S009,1,47.6,0.0,47.6,32.53,15.07,2024,6,20
O105122,2024-06-20,P0053,C00447,S005,3,51.37,0.0,154.11,96.81,57.3,2024,6,20
O105751,2024-06-20,P0009,C00383,S012,5,8.02,0.2,32.08,30.45,1.63,2024,6,20
O111458,2024-06-20,P0030,C00538,S008,1,41.4,0.0,41.4,25.21,16.19,2024,6,20
O101957,2024-06-20,P0052,C00747,S008,5,97.55,0.05,463.36,307.35,156.01,2024,6,20
O106923,2024-06-20,P0068,C00622,S011,1,100.31,0.1,90.28,81.38,8.9,2024,6,20
O107478,2024-06-20,P0005,C00267,S004,1,15.5,0.15,13.18,12.07,1.11,2024,6,20
O111752,2024-06-20,P0035,C00498,S003,1,21.89,0.0,21.89,12.25,9.64,2024,6,20
O107321,2024-06-20,P0010,C00224,S008,1,14.81,0.0,14.81,12.15,2.66,2024,6,20
O105531,2024-06-20,P0096,C01145,S012,1,63.84,0.05,60.65,35.05,25.6,2024,6,20
O109469,2024-06-20,P0002,C00751,S002,1,130.95,0.1,117.85,100.06,17.79,2024,6,20
O106166,2024-06-20,P0092,C00946,S011,1,41.48,0.0,41.48,25.41,16.07,2024,6,20
O110363,2024-06-20,P0059,C00076,S006,1,10.64,0.1,9.58,7.7,1.88,2024,6,20
O111910,2024-06-21,P0063,C00615,S005,2,112.94,0.05,214.59,181.38,33.21,2024,6,21
O102285,2024-06-21,P0063,C00179,S012,2,112.94,0.1,203.29,181.38,21.91,2024,6,21
O108966,2024-06-21,P0009,C00622,S010,1,8.02,0.05,7.62,6.09,1.53,2024,6,21
O103989,2024-06-21,P0023,C00121,S008,2,818.22,0.15,1390.97,1260.3,130.67,2024,6,21
O104536,2024-06-21,P0099,C00319,S006,1,5.01,0.0,5.01,2.77,2.24,2024,6,21
O110172,2024-06-21,P0028,C00312,S008,1,453.33,0.0,453.33,253.96,199.37,2024,6,21
O105086,2024-06-21,P0081,C00978,S008,1,143.09,0.0,143.09,110.0,33.09,2024,6,21
O102911,2024-06-21,P0075,C01039,S001,1,10.1,0.0,10.1,7.49,2.61,2024,6,21
O104671,2024-06-21,P0044,C00899,S012,1,136.64,0.0,136.64,115.68,20.96,2024,6,21
O111018,2024-06-21,P0058,C00276,S007,2,123.22,0.0,246.44,118.94,127.5,2024,6,21
O108905,2024-06-21,P0099,C00341,S001,1,5.01,0.0,5.01,2.77,2.24,2024,6,21
O109367,2024-06-21,P0006,C01159,S001,2,74.01,0.1,133.22,86.16,47.06,2024,6,21
O101300,2024-06-21,P0034,C00144,S001,1,84.19,0.0,84.19,69.04,15.15,2024,6,21
O109460,2024-06-21,P0062,C00579,S008,3,39.06,0.0,117.18,53.55,63.63,2024,6,21
O108389,2024-06-21,P0004,C00037,S006,3,29.55,0.0,88.65,43.44,45.21,2024,6,21
O103642,2024-06-21,P0009,C00873,S010,1,8.02,0.1,7.22,6.09,1.13,2024,6,21
O106684,2024-06-21,P0052,C00855,S005,2,97.55,0.1,175.59,122.94,52.65,2024,6,21
O106141,2024-06-21,P0030,C00327,S010,2,41.4,0.0,82.8,50.42,32.38,2024,6,21
O106841,2024-06-21,P0097,C01155,S007,2,8.15,0.0,16.3,10.98,5.32,2024,6,21
O102139,2024-06-21,P0085,C01047,S010,1,34.17,0.05,32.46,27.5,4.96,2024,6,21
O111164,2024-06-21,P0020,C00429,S007,1,30.45,0.05,28.93,20.59,8.34,2024,6,21
O110683,2024-06-21,P0083,C00607,S006,3,85.03,0.05,242.34,134.37,107.97,2024,6,21
O110968,2024-06-22,P0075,C00351,S008,1,10.1,0.2,8.08,7.49,0.59,2024,6,22
O100831,2024-06-22,P0013,C00180,S004,1,45.23,0.0,45.23,24.82,20.41,2024,6,22
O110836,2024-06-22,P0057,C00902,S005,1,157.4,0.1,141.66,131.61,10.05,2024,6,22
O109776,2024-06-22,P0031,C00084,S011,1,104.43,0.1,93.99,64.18,29.81,2024,6,22
O110983,2024-06-22,P0087,C00338,S008,1,463.9,0.0,463.9,253.65,210.25,2024,6,22
O105268,2024-06-22,P0063,C00013,S009,2,112.94,0.0,225.88,181.38,44.5,2024,6,22
O100595,2024-06-22,P0081,C00493,S003,2,143.09,0.0,286.18,220.0,66.18,2024,6,22
O106836,2024-06-22,P0013,C00157,S011,2,45.23,0.0,90.46,49.64,40.82,2024,6,22
O111063,2024-06-22,P0066,C00793,S008,1,105.53,0.15,89.7,58.77,30.93,2024,6,22
O104018,2024-06-22,P0092,C00208,S006,1,41.48,0.1,37.33,25.41,11.92,2024,6,22
O111949,2024-06-23,P0076,C01096,S001,1,301.81,0.0,301.81,247.89,53.92,2024,6,23
O103699,2024-06-23,P0050,C00709,S008,1,9.87,0.0,9.87,4.74,5.13,2024,6,23
O103322,2024-06-23,P0006,C00637,S009,1,74.01,0.0,74.01,43.08,30.93,2024,6,23
O104931,2024-06-23,P0071,C00666,S003,2,9.68,0.05,18.39,14.76,3.63,2024,6,23
O100541,2024-06-23,P0019,C00331,S001,1,138.62,0.0,138.62,68.15,70.47,2024,6,23
O102394,2024-06-23,P0066,C00817,S004,3,105.53,0.15,269.1,176.31,92.79,2024,6,23
O101846,2024-06-23,P0099,C00326,S007,2,5.01,0.1,9.02,5.54,3.48,2024,6,23
O104285,2024-06-23,P0018,C00405,S011,1,34.43,0.0,34.43,26.49,7.94,2024,6,23
O109646,2024-06-23,P0038,C00789,S012,10,42.19,0.05,400.8,293.1,107.7,2024,6,23
O102548,2024-06-23,P0082,C00155,S010,2,28.43,0.1,51.17,43.46,7.71,2024,6,23
O107417,2024-06-23,P0001,C00477,S007,2,132.87,0.2,212.59,214.8,-2.21,2024,6,23
O103817,2024-06-23,P0080,C00807,S009,10,20.59,0.05,195.6,139.4,56.2,2024,6,23
O103367,2024-06-24,P0035,C00731,S007,1,21.89,0.0,21.89,12.25,9.64,2024,6,24
O104531,2024-06-24,P0029,C00615,S003,1,93.75,0.1,84.38,68.76,15.62,2024,6,24
O101949,2024-06-24,P0055,C00808,S003,1,24.74,0.0,24.74,17.48,7.26,2024,6,24
O110267,2024-06-24,P0051,C01187,S009,2,32.14,0.0,64.28,32.04,32.24,2024,6,24
O100033,2024-06-24,P0095,C00675,S001,2,118.84,0.15,202.03,156.34,45.69,2024,6,24
O111394,2024-06-24,P0057,C00839,S008,1,157.4,0.05,149.53,131.61,17.92,2024,6,24
O102610,2024-06-24,P0006,C01177,S011,3,74.01,0.0,222.03,129.24,92.79,2024,6,24
O101583,2024-06-24,P0023,C01156,S012,1,818.22,0.05,777.31,630.15,147.16,2024,6,24
O103481,2024-06-24,P0017,C00912,S010,2,25.27,0.0,50.54,35.54,15.0,2024,6,24
O104101,2024-06-24,P0053,C00978,S012,1,51.37,0.05,48.8,32.27,16.53,2024,6,24
O106507,2024-06-24,P0030,C00608,S001,3,41.4,0.0,124.2,75.63,48.57,2024,6,24
O111173,2024-06-24,P0093,C00338,S010,1,13.08,0.0,13.08,9.16,3.92,2024,6,24
O107454,2024-06-24,P0011,C00360,S007,1,713.82,0.05,678.13,451.83,226.3,2024,6,24
O103443,2024-06-24,P0016,C00121,S009,1,547.4,0.15,465.29,397.41,67.88,2024,6,24
O106461,2024-06-25,P0054,C00938,S001,3,42.97,0.0,128.91,87.36,41.55,2024,6,25
O111932,2024-06-25,P0048,C00199,S002,1,113.33,0.0,113.33,82.55,30.78,2024,6,25
O110894,2024-06-25,P0089,C01032,S010,1,39.28,0.0,39.28,18.15,21.13,2024,6,25
O109921,2024-06-25,P0082,C00945,S006,3,28.43,0.0,85.29,65.19,20.1,2024,6,25
O102194,2024-06-25,P0043,C00961,S010,3,11.09,0.0,33.27,17.43,15.84,2024,6,25
O110864,2024-06-25,P0016,C00970,S003,2,547.4,0.0,1094.8,794.82,299.98,2024,6,25
O110849,2024-06-25,P0002,C00801,S006,1,130.95,0.0,130.95,100.06,30.89,2024,6,25
O104080,2024-06-25,P0075,C00735,S009,1,10.1,0.05,9.59,7.49,2.1,2024,6,25
O111182,2024-06-25,P0077,C00556,S002,2,130.07,0.0,260.14,215.3,44.84,2024,6,25
O110846,2024-06-25,P0100,C00792,S008,4,142.46,0.1,512.86,364.56,148.3,2024,6,25
O107641,2024-06-25,P0078,C00691,S007,1,18.31,0.1,16.48,12.84,3.64,2024,6,25
O110434,2024-06-25,P0078,C00402,S002,3,18.31,0.0,54.93,38.52,16.41,2024,6,25
O111348,2024-06-25,P0068,C00188,S012,3,100.31,0.05,285.88,244.14,41.74,2024,6,25
O101851,2024-06-25,P0057,C00121,S005,1,157.4,0.0,157.4,131.61,25.79,2024,6,25
O108253,2024-06-25,P0016,C00916,S003,4,547.4,0.05,2080.12,1589.64,490.48,2024,6,25
O107333,2024-06-25,P0044,C00309,S004,1,136.64,0.05,129.81,115.68,14.13,2024,6,25
O109453,2024-06-25,P0046,C00814,S012,1,69.45,0.0,69.45,42.58,26.87,2024,6,25
O102015,2024-06-25,P0068,C00854,S008,1,100.31,0.0,100.31,81.38,18.93,2024,6,25
O111073,2024-06-26,P0012,C00938,S009,4,88.36,0.0,353.44,251.6,101.84,2024,6,26
O107273,2024-06-26,P0006,C00100,S004,1,74.01,0.1,66.61,43.08,23.53,2024,6,26
O107741,2024-06-26,P0097,C00301,S001,1,8.15,0.0,8.15,5.49,2.66,2024,6,26
O103554,2024-06-26,P0043,C00753,S003,2,11.09,0.05,21.07,11.62,9.45,2024,6,26
O101701,2024-06-26,P0077,C01067,S007,2,130.07,0.05,247.13,215.3,31.83,2024,6,26
O105868,2024-06-26,P0001,C00971,S012,1,132.87,0.05,126.23,107.4,18.83,2024,6,26
O110430,2024-06-26,P0054,C00325,S002,1,42.97,0.0,42.97,29.12,13.85,2024,6,26
O110376,2024-06-26,P0064,C01016,S011,1,12.06,0.05,11.46,5.48,5.98,2024,6,26
O108022,2024-06-26,P0097,C00545,S005,1,8.15,0.0,8.15,5.49,2.66,2024,6,26
O110796,2024-06-26,P0079,C01175,S001,1,120.53,0.0,120.53,93.1,27.43,2024,6,26
O104614,2024-06-26,P0051,C00760,S003,1,32.14,0.0,32.14,16.02,16.12,2024,6,26
O108202,2024-06-26,P0030,C00343,S010,1,41.4,0.1,37.26,25.21,12.05,2024,6,26
O111836,2024-06-26,P0055,C01142,S005,3,24.74,0.2,59.38,52.44,6.94,2024,6,26
O108071,2024-06-27,P0095,C00767,S005,1,118.84,0.0,118.84,78.17,40.67,2024,6,27
O106848,2024-06-27,P0007,C00826,S012,2,99.07,0.0,198.14,149.42,48.72,2024,6,27
O109350,2024-06-27,P0062,C00493,S010,1,39.06,0.1,35.15,17.85,17.3,2024,6,27
O102480,2024-06-27,P0008,C00178,S005,1,22.28,0.0,22.28,11.14,11.14,2024,6,27
O110157,2024-06-27,P0023,C00417,S005,3,818.22,0.2,1963.73,1890.45,73.28,2024,6,27
O109963,2024-06-27,P0076,C01122,S005,2,301.81,0.1,543.26,495.78,47.48,2024,6,27
O106840,2024-06-27,P0011,C00420,S007,1,713.82,0.0,713.82,451.83,261.99,2024,6,27
O109919,2024-06-27,P0048,C00029,S008,1,113.33,0.1,102.0,82.55,19.45,2024,6,27
O106304,2024-06-27,P0051,C00791,S009,1,32.14,0.0,32.14,16.02,16.12,2024,6,27
O105229,2024-06-27,P0015,C01121,S004,1,36.03,0.0,36.03,18.61,17.42,2024,6,27
O110621,2024-06-27,P0029,C00236,S003,1,93.75,0.1,84.38,68.76,15.62,2024,6,27
O108970,2024-06-27,P0002,C01077,S004,1,130.95,0.0,130.95,100.06,30.89,2024,6,27
O106427,2024-06-27,P0023,C00269,S008,1,818.22,0.05,777.31,630.15,147.16,2024,6,27
O103287,2024-06-27,P0079,C00841,S002,2,120.53,0.0,241.06,186.2,54.86,2024,6,27
O104816,2024-06-27,P0033,C00278,S001,1,47.81,0.0,47.81,31.21,16.6,2024,6,27
O110934,2024-06-27,P0070,C00746,S003,1,27.07,0.0,27.07,14.25,12.82,2024,6,27
O107806,2024-06-27,P0020,C00899,S012,4,30.45,0.0,121.8,82.36,39.44,2024,6,27
O101390,2024-06-27,P0081,C01051,S003,1,143.09,0.0,143.09,110.0,33.09,2024,6,27
O103522,2024-06-27,P0039,C00469,S006,5,47.6,0.1,214.2,162.65,51.55,2024,6,27
O105733,2024-06-28,P0076,C00783,S012,1,301.81,0.0,301.81,247.89,53.92,2024,6,28
O100010,2024-06-28,P0028,C00518,S003,3,453.33,0.0,1359.99,761.88,598.11,2024,6,28
O103573,2024-06-28,P0071,C00302,S010,1,9.68,0.05,9.2,7.38,1.82,2024,6,28
O101823,2024-06-28,P0008,C01011,S006,1,22.28,0.0,22.28,11.14,11.14,2024,6,28
O105684,2024-06-28,P0066,C00814,S001,2,105.53,0.15,179.4,117.54,61.86,2024,6,28
O101867,2024-06-28,P0017,C00390,S010,1,25.27,0.0,25.27,17.77,7.5,2024,6,28
O111730,2024-06-28,P0022,C00264,S001,5,42.03,0.0,210.15,150.7,59.45,2024,6,28
O107421,2024-06-28,P0076,C00902,S012,1,301.81,0.0,301.81,247.89,53.92,2024,6,28
O106265,2024-06-28,P0048,C00817,S003,5,113.33,0.0,566.65,412.75,153.9,2024,6,28
O111749,2024-06-28,P0037,C00154,S001,2,61.48,0.0,122.96,96.2,26.76,2024,6,28
O106483,2024-06-28,P0045,C00310,S001,2,131.19,0.1,236.14,213.76,22.38,2024,6,28
O100947,2024-06-29,P0045,C00098,S006,1,131.19,0.05,124.63,106.88,17.75,2024,6,29
O110475,2024-06-29,P0047,C01127,S008,1,125.46,0.1,112.91,59.9,53.01,2024,6,29
O101935,2024-06-29,P0015,C01114,S008,1,36.03,0.0,36.03,18.61,17.42,2024,6,29
O100271,2024-06-29,P0068,C00060,S008,3,100.31,0.0,300.93,244.14,56.79,2024,6,29
O106528,2024-06-29,P0031,C00488,S009,1,104.43,0.0,104.43,64.18,40.25,2024,6,29
O102260,2024-06-29,P0034,C00320,S004,1,84.19,0.0,84.19,69.04,15.15,2024,6,29
O107124,2024-06-29,P0096,C00692,S007,1,63.84,0.1,57.46,35.05,22.41,2024,6,29
O110599,2024-06-29,P0084,C00117,S004,2,17.53,0.0,35.06,28.22,6.84,2024,6,29
O107843,2024-06-29,P0005,C01171,S010,1,15.5,0.0,15.5,12.07,3.43,2024,6,29
O106843,2024-06-29,P0068,C01166,S003,1,100.31,0.0,100.31,81.38,18.93,2024,6,29
O100299,2024-06-29,P0094,C00720,S004,3,21.21,0.0,63.63,36.51,27.12,2024,6,29
O111803,2024-06-29,P0077,C00194,S005,3,130.07,0.0,390.21,322.95,67.26,2024,6,29
O101275,2024-06-29,P0075,C00730,S011,1,10.1,0.05,9.59,7.49,2.1,2024,6,29
O105938,2024-06-29,P0039,C00564,S006,1,47.6,0.05,45.22,32.53,12.69,2024,6,29
O105925,2024-06-29,P0095,C00874,S004,1,118.84,0.1,106.96,78.17,28.79,2024,6,29
O109081,2024-06-29,P0090,C00543,S006,1,575.16,0.0,575.16,375.73,199.43,2024,6,29
O100551,2024-06-29,P0008,C00132,S010,1,22.28,0.1,20.05,11.14,8.91,2024,6,29
O111821,2024-06-29,P0063,C00568,S010,1,112.94,0.1,101.65,90.69,10.96,2024,6,29
O110628,2024-06-29,P0006,C00233,S007,4,74.01,0.0,296.04,172.32,123.72,2024,6,29
O105851,2024-06-29,P0077,C00809,S002,1,130.07,0.0,130.07,107.65,22.42,2024,6,29
O104342,2024-06-29,P0042,C00710,S009,4,9.86,0.05,37.47,24.92,12.55,2024,6,29
O102541,2024-06-29,P0074,C00933,S010,3,106.15,0.0,318.45,207.72,110.73,2024,6,29
O102224,2024-06-30,P0089,C00847,S003,1,39.28,0.05,37.32,18.15,19.17,2024,6,30
O105594,2024-06-30,P0005,C00501,S002,1,15.5,0.05,14.72,12.07,2.65,2024,6,30
O106030,2024-06-30,P0045,C00229,S005,1,131.19,0.1,118.07,106.88,11.19,2024,6,30
O109988,2024-06-30,P0092,C01000,S012,1,41.48,0.05,39.41,25.41,14.0,2024,6,30
O101748,2024-06-30,P0054,C00164,S007,3,42.97,0.0,128.91,87.36,41.55,2024,6,30
O110657,2024-06-30,P0053,C00118,S004,1,51.37,0.15,43.66,32.27,11.39,2024,6,30
O100020,2024-06-30,P0100,C00013,S006,1,142.46,0.0,142.46,91.14,51.32,2024,6,30
O106544,2024-06-30,P0042,C00220,S008,1,9.86,0.0,9.86,6.23,3.63,2024,6,30
O102297,2024-06-30,P0080,C01095,S011,2,20.59,0.0,41.18,27.88,13.3,2024,6,30
O100142,2024-06-30,P0099,C00509,S010,1,5.01,0.0,5.01,2.77,2.24,2024,6,30
O103366,2024-06-30,P0072,C00687,S011,1,149.26,0.1,134.33,69.51,64.82,2024,6,30
O109404,2024-06-30,P0015,C00646,S003,2,36.03,0.05,68.46,37.22,31.24,2024,6,30
O104994,2024-06-30,P0073,C00538,S011,1,36.7,0.0,36.7,18.22,18.48,2024,6,30
O109411,2024-06-30,P0013,C00564,S002,2,45.23,0.0,90.46,49.64,40.82,2024,6,30
O111460,2024-06-30,P0040,C00107,S002,1,25.25,0.05,23.99,16.53,7.46,2024,6,30
O102539,2024-06-30,P0021,C00786,S002,1,25.8,0.0,25.8,12.57,13.23,2024,6,30
O101471,2024-07-01,P0061,C00945,S002,1,86.94,0.05,82.59,46.4,36.19,2024,7,1
O101945,2024-07-01,P0044,C00956,S006,5,136.64,0.1,614.88,578.4,36.48,2024,7,1
O107466,2024-07-01,P0007,C00938,S006,1,99.07,0.0,99.07,74.71,24.36,2024,7,1
O110045,2024-07-01,P0083,C00622,S012,3,85.03,0.0,255.09,134.37,120.72,2024,7,1
O111539,2024-07-01,P0042,C00813,S006,2,9.86,0.1,17.75,12.46,5.29,2024,7,1
O105679,2024-07-01,P0053,C00184,S002,2,51.37,0.0,102.74,64.54,38.2,2024,7,1
O100756,2024-07-01,P0011,C00050,S010,2,713.82,0.0,1427.64,903.66,523.98,2024,7,1
O106180,2024-07-01,P0070,C00754,S012,1,27.07,0.1,24.36,14.25,10.11,2024,7,1
O110072,2024-07-01,P0032,C00640,S004,2,62.15,0.0,124.3,90.58,33.72,2024,7,1
O111654,2024-07-01,P0051,C00970,S003,2,32.14,0.15,54.64,32.04,22.6,2024,7,1
O100932,2024-07-01,P0041,C00038,S003,2,246.7,0.0,493.4,269.46,223.94,2024,7,1
O104366,2024-07-01,P0079,C00755,S002,1,120.53,0.0,120.53,93.1,27.43,2024,7,1
O105738,2024-07-01,P0078,C01024,S009,1,18.31,0.1,16.48,12.84,3.64,2024,7,1
O102310,2024-07-01,P0089,C00580,S004,1,39.28,0.05,37.32,18.15,19.17,2024,7,1
O104143,2024-07-01,P0099,C00954,S010,1,5.01,0.05,4.76,2.77,1.99,2024,7,1
O102853,2024-07-01,P0080,C01030,S008,10,20.59,0.0,205.9,139.4,66.5,2024,7,1
O104207,2024-07-01,P0008,C01092,S001,5,22.28,0.0,111.4,55.7,55.7,2024,7,1
O110493,2024-07-01,P0060,C00349,S011,1,80.71,0.15,68.6,51.25,17.35,2024,7,1
O107654,2024-07-01,P0057,C00265,S008,1,157.4,0.0,157.4,131.61,25.79,2024,7,1
O105924,2024-07-02,P0091,C00008,S001,10,35.24,0.1,317.16,186.7,130.46,2024,7,2
O108847,2024-07-02,P0021,C00439,S003,1,25.8,0.1,23.22,12.57,10.65,2024,7,2
O104890,2024-07-02,P0073,C00551,S008,2,36.7,0.0,73.4,36.44,36.96,2024,7,2
O103215,2024-07-02,P0066,C00669,S004,5,105.53,0.05,501.27,293.85,207.42,2024,7,2
O103146,2024-07-02,P0031,C00735,S002,3,104.43,0.05,297.63,192.54,105.09,2024,7,2
O109057,2024-07-02,P0093,C00956,S001,1,13.08,0.0,13.08,9.16,3.92,2024,7,2
O111103,2024-07-02,P0033,C00562,S006,1,47.81,0.0,47.81,31.21,16.6,2024,7,2
O104914,2024-07-02,P0007,C00588,S009,1,99.07,0.0,99.07,74.71,24.36,2024,7,2
O104917,2024-07-02,P0029,C00175,S006,1,93.75,0.05,89.06,68.76,20.3,2024,7,2
O101511,2024-07-02,P0016,C00679,S010,1,547.4,0.0,547.4,397.41,149.99,2024,7,2
O107350,2024-07-02,P0048,C00991,S004,2,113.33,0.1,203.99,165.1,38.89,2024,7,2
O109194,2024-07-02,P0053,C00963,S002,1,51.37,0.05,48.8,32.27,16.53,2024,7,2
O100564,2024-07-02,P0092,C00685,S011,1,41.48,0.0,41.48,25.41,16.07,2024,7,2
O109975,2024-07-02,P0046,C00715,S004,1,69.45,0.0,69.45,42.58,26.87,2024,7,2
O111240,2024-07-02,P0081,C00334,S001,2,143.09,0.0,286.18,220.0,66.18,2024,7,2
O102927,2024-07-02,P0072,C00375,S004,1,149.26,0.0,149.26,69.51,79.75,2024,7,2
O107198,2024-07-02,P0011,C00075,S002,1,713.82,0.05,678.13,451.83,226.3,2024,7,2
O101796,2024-07-02,P0046,C00990,S001,2,69.45,0.1,125.01,85.16,39.85,2024,7,2
O110647,2024-07-02,P0084,C00950,S005,2,17.53,0.0,35.06,28.22,6.84,2024,7,2
O106698,2024-07-03,P0009,C00946,S007,5,8.02,0.0,40.1,30.45,9.65,2024,7,3
O108283,2024-07-03,P0052,C00127,S011,1,97.55,0.0,97.55,61.47,36.08,2024,7,3
O101700,2024-07-03,P0084,C00757,S006,2,17.53,0.1,31.55,28.22,3.33,2024,7,3
O107562,2024-07-03,P0005,C00393,S011,1,15.5,0.1,13.95,12.07,1.88,2024,7,3
O102033,2024-07-03,P0040,C00883,S001,4,25.25,0.0,101.0,66.12,34.88,2024,7,3
O107570,2024-07-03,P0026,C00866,S005,3,325.3,0.0,975.9,544.14,431.76,2024,7,3
O104242,2024-07-03,P0067,C01063,S004,2,5.57,0.0,11.14,6.5,4.64,2024,7,3
O100800,2024-07-03,P0043,C00978,S006,1,11.09,0.1,9.98,5.81,4.17,2024,7,3
O111555,2024-07-03,P0069,C01126,S001,1,85.27,0.0,85.27,65.86,19.41,2024,7,3
O108456,2024-07-03,P0028,C00027,S002,10,453.33,0.2,3626.64,2539.6,1087.04,2024,7,3
O110140,2024-07-03,P0073,C00755,S010,1,36.7,0.0,36.7,18.22,18.48,2024,7,3
O106218,2024-07-03,P0073,C00420,S004,1,36.7,0.0,36.7,18.22,18.48,2024,7,3
O102542,2024-07-03,P0001,C01020,S007,2,132.87,0.05,252.45,214.8,37.65,2024,7,3
O101032,2024-07-03,P0048,C01030,S011,2,113.33,0.0,226.66,165.1,61.56,2024,7,3
O107701,2024-07-03,P0024,C00664,S011,1,722.65,0.0,722.65,423.58,299.07,2024,7,3
O110524,2024-07-03,P0076,C00535,S001,1,301.81,0.2,241.45,247.89,-6.44,2024,7,3
O106026,2024-07-04,P0026,C01087,S010,1,325.3,0.1,292.77,181.38,111.39,2024,7,4
O105892,2024-07-04,P0079,C00922,S012,1,120.53,0.0,120.53,93.1,27.43,2024,7,4
O100869,2024-07-04,P0035,C00898,S007,3,21.89,0.05,62.39,36.75,25.64,2024,7,4
O101175,2024-07-04,P0025,C00001,S008,1,18.6,0.0,18.6,14.09,4.51,2024,7,4
O109148,2024-07-04,P0052,C01160,S009,3,97.55,0.0,292.65,184.41,108.24,2024,7,4
O102337,2024-07-04,P0026,C00975,S011,3,325.3,0.0,975.9,544.14,431.76,2024,7,4
O104572,2024-07-04,P0084,C00079,S004,1,17.53,0.0,17.53,14.11,3.42,2024,7,4
O105436,2024-07-04,P0039,C00808,S009,1,47.6,0.1,42.84,32.53,10.31,2024,7,4
O100736,2024-07-04,P0093,C01151,S006,1,13.08,0.1,11.77,9.16,2.61,2024,7,4
O101693,2024-07-04,P0078,C00431,S007,1,18.31,0.0,18.31,12.84,5.47,2024,7,4
O105138,2024-07-04,P0026,C00987,S003,1,325.3,0.05,309.03,181.38,127.65,2024,7,4
O106181,2024-07-04,P0038,C00915,S006,1,42.19,0.15,35.86,29.31,6.55,2024,7,4
O110684,2024-07-04,P0001,C00999,S005,2,132.87,0.0,265.74,214.8,50.94,2024,7,4
O107369,2024-07-04,P0008,C00173,S001,1,22.28,0.0,22.28,11.14,11.14,2024,7,4
O107473,2024-07-04,P0075,C00998,S007,4,10.1,0.0,40.4,29.96,10.44,2024,7,4
O104717,2024-07-04,P0045,C00632,S007,1,131.19,0.0,131.19,106.88,24.31,2024,7,4
O106401,2024-07-04,P0005,C00838,S009,3,15.5,0.05,44.18,36.21,7.97,2024,7,4
O100115,2024-07-04,P0006,C00669,S009,1,74.01,0.1,66.61,43.08,23.53,2024,7,4
O103411,2024-07-04,P0091,C00186,S003,4,35.24,0.0,140.96,74.68,66.28,2024,7,4
O106471,2024-07-05,P0081,C00391,S011,1,143.09,0.0,143.09,110.0,33.09,2024,7,5
O101758,2024-07-05,P0008,C00153,S009,3,22.28,0.0,66.84,33.42,33.42,2024,7,5
O108793,2024-07-05,P0024,C00916,S001,1,722.65,0.0,722.65,423.58,299.07,2024,7,5
O110669,2024-07-05,P0045,C00746,S008,4,131.19,0.0,524.76,427.52,97.24,2024,7,5
O111965,2024-07-05,P0023,C00588,S007,4,818.22,0.1,2945.59,2520.6,424.99,2024,7,5
O107108,2024-07-05,P0034,C00881,S002,1,84.19,0.0,84.19,69.04,15.15,2024,7,5
O109932,2024-07-05,P0039,C00273,S012,4,47.6,0.0,190.4,130.12,60.28,2024,7,5
O107072,2024-07-05,P0040,C00375,S008,1,25.25,0.15,21.46,16.53,4.93,2024,7,5
O107249,2024-07-05,P0086,C00898,S004,1,310.61,0.0,310.61,159.69,150.92,2024,7,5
O102538,2024-07-05,P0047,C01114,S009,1,125.46,0.15,106.64,59.9,46.74,2024,7,5
O110736,2024-07-05,P0038,C00513,S006,1,42.19,0.0,42.19,29.31,12.88,2024,7,5
O100195,2024-07-05,P0072,C00746,S007,1,149.26,0.0,149.26,69.51,79.75,2024,7,5
O101527,2024-07-05,P0086,C00412,S009,1,310.61,0.0,310.61,159.69,150.92,2024,7,5
O107191,2024-07-05,P0086,C01023,S001,1,310.61,0.0,310.61,159.69,150.92,2024,7,5
O106294,2024-07-05,P0030,C00136,S006,1,41.4,0.15,35.19,25.21,9.98,2024,7,5
O104529,2024-07-05,P0009,C00449,S012,3,8.02,0.0,24.06,18.27,5.79,2024,7,5
O101706,2024-07-05,P0051,C00819,S005,2,32.14,0.05,61.07,32.04,29.03,2024,7,5
O100190,2024-07-05,P0018,C00904,S003,2,34.43,0.1,61.97,52.98,8.99,2024,7,5
O110679,2024-07-05,P0003,C00516,S002,1,44.76,0.0,44.76,33.14,11.62,2024,7,5
O106711,2024-07-06,P0094,C01012,S011,1,21.21,0.0,21.21,12.17,9.04,2024,7,6
O106845,2024-07-06,P0025,C00958,S011,2,18.6,0.15,31.62,28.18,3.44,2024,7,6
O104716,2024-07-06,P0016,C01060,S010,3,547.4,0.0,1642.2,1192.23,449.97,2024,7,6
O105784,2024-07-06,P0022,C00343,S001,1,42.03,0.1,37.83,30.14,7.69,2024,7,6
O108674,2024-07-06,P0079,C00615,S006,1,120.53,0.0,120.53,93.1,27.43,2024,7,6
O101106,2024-07-06,P0069,C00270,S004,1,85.27,0.1,76.74,65.86,10.88,2024,7,6
O111068,2024-07-06,P0088,C01013,S005,1,5.57,0.0,5.57,4.31,1.26,2024,7,6
O106681,2024-07-06,P0079,C00420,S005,1,120.53,0.05,114.5,93.1,21.4,2024,7,6
O111631,2024-07-06,P0081,C00664,S009,2,143.09,0.05,271.87,220.0,51.87,2024,7,6
O101975,2024-07-06,P0074,C00751,S002,2,106.15,0.0,212.3,138.48,73.82,2024,7,6
O107259,2024-07-06,P0092,C01145,S008,1,41.48,0.0,41.48,25.41,16.07,2024,7,6
O110761,2024-07-06,P0061,C00615,S002,2,86.94,0.0,173.88,92.8,81.08,2024,7,6
O111714,2024-07-06,P0063,C00371,S009,1,112.94,0.05,107.29,90.69,16.6,2024,7,6
O104899,2024-07-06,P0094,C00001,S009,4,21.21,0.1,76.36,48.68,27.68,2024,7,6
O111574,2024-07-06,P0095,C00404,S003,1,118.84,0.1,106.96,78.17,28.79,2024,7,6
O106548,2024-07-07,P0072,C00373,S008,1,149.26,0.0,149.26,69.51,79.75,2024,7,7
O101448,2024-07-07,P0060,C01093,S005,1,80.71,0.15,68.6,51.25,17.35,2024,7,7
O104130,2024-07-07,P0012,C00906,S011,1,88.36,0.15,75.11,62.9,12.21,2024,7,7
O108684,2024-07-07,P0099,C00204,S012,3,5.01,0.0,15.03,8.31,6.72,2024,7,7
O107183,2024-07-07,P0033,C00673,S008,5,47.81,0.05,227.1,156.05,71.05,2024,7,7
O109734,2024-07-07,P0003,C00990,S011,2,44.76,0.0,89.52,66.28,23.24,2024,7,7
O106860,2024-07-07,P0079,C00190,S012,3,120.53,0.2,289.27,279.3,9.97,2024,7,7
O111612,2024-07-07,P0086,C00982,S011,2,310.61,0.0,621.22,319.38,301.84,2024,7,7
O100112,2024-07-07,P0099,C00189,S003,1,5.01,0.0,5.01,2.77,2.24,2024,7,7
O108644,2024-07-07,P0015,C00237,S010,2,36.03,0.05,68.46,37.22,31.24,2024,7,7
O104460,2024-07-07,P0075,C00555,S007,4,10.1,0.1,36.36,29.96,6.4,2024,7,7
O111733,2024-07-08,P0047,C00044,S005,1,125.46,0.0,125.46,59.9,65.56,2024,7,8
O111661,2024-07-08,P0081,C01053,S006,1,143.09,0.0,143.09,110.0,33.09,2024,7,8
O100040,2024-07-08,P0047,C00178,S009,4,125.46,0.0,501.84,239.6,262.24,2024,7,8
O110225,2024-07-08,P0096,C00509,S005,1,63.84,0.1,57.46,35.05,22.41,2024,7,8
O109275,2024-07-08,P0042,C00156,S012,2,9.86,0.0,19.72,12.46,7.26,2024,7,8
O110531,2024-07-08,P0003,C00321,S011,1,44.76,0.0,44.76,33.14,11.62,2024,7,8
O110193,2024-07-08,P0053,C00386,S007,1,51.37,0.1,46.23,32.27,13.96,2024,7,8
O111357,2024-07-08,P0093,C00012,S008,2,13.08,0.0,26.16,18.32,7.84,2024,7,8
O111978,2024-07-08,P0020,C00119,S011,1,30.45,0.0,30.45,20.59,9.86,2024,7,8
O109458,2024-07-08,P0095,C00305,S005,2,118.84,0.0,237.68,156.34,81.34,2024,7,8
O111780,2024-07-08,P0097,C01189,S004,1,8.15,0.05,7.74,5.49,2.25,2024,7,8
O102685,2024-07-08,P0049,C01067,S002,1,366.28,0.0,366.28,172.71,193.57,2024,7,8
O100998,2024-07-08,P0085,C00964,S006,1,34.17,0.1,30.75,27.5,3.25,2024,7,8
O109231,2024-07-08,P0010,C00723,S009,4,14.81,0.05,56.28,48.6,7.68,2024,7,8
O100428,2024-07-08,P0009,C00479,S008,10,8.02,0.1,72.18,60.9,11.28,2024,7,8
O106933,2024-07-08,P0066,C00255,S010,1,105.53,0.0,105.53,58.77,46.76,2024,7,8
O105166,2024-07-08,P0023,C00329,S006,2,818.22,0.0,1636.44,1260.3,376.14,2024,7,8
O105837,2024-07-08,P0088,C00800,S008,1,5.57,0.05,5.29,4.31,0.98,2024,7,8
O108744,2024-07-08,P0038,C00642,S012,2,42.19,0.0,84.38,58.62,25.76,2024,7,8
O108990,2024-07-08,P0094,C00138,S005,1,21.21,0.0,21.21,12.17,9.04,2024,7,8
O104961,2024-07-08,P0013,C00411,S001,1,45.23,0.15,38.45,24.82,13.63,2024,7,8
O104347,2024-07-08,P0026,C00101,S010,1,325.3,0.1,292.77,181.38,111.39,2024,7,8
O107720,2024-07-08,P0032,C01195,S001,1,62.15,0.0,62.15,45.29,16.86,2024,7,8
O104289,2024-07-08,P0028,C01196,S003,1,453.33,0.05,430.66,253.96,176.7,2024,7,8
O104384,2024-07-09,P0032,C00654,S004,1,62.15,0.0,62.15,45.29,16.86,2024,7,9
O109122,2024-07-09,P0010,C01056,S006,1,14.81,0.0,14.81,12.15,2.66,2024,7,9
O110027,2024-07-09,P0084,C00920,S010,1,17.53,0.05,16.65,14.11,2.54,2024,7,9
O108045,2024-07-09,P0064,C01065,S005,2,12.06,0.05,22.91,10.96,11.95,2024,7,9
O102998,2024-07-09,P0080,C00418,S006,1,20.59,0.0,20.59,13.94,6.65,2024,7,9
O107763,2024-07-09,P0004,C00909,S005,1,29.55,0.1,26.6,14.48,12.12,2024,7,9
O105717,2024-07-09,P0049,C00824,S010,1,366.28,0.0,366.28,172.71,193.57,2024,7,9
O102416,2024-07-09,P0071,C00944,S010,4,9.68,0.0,38.72,29.52,9.2,2024,7,9
O103011,2024-07-09,P0005,C00126,S004,2,15.5,0.0,31.0,24.14,6.86,2024,7,9
O108661,2024-07-09,P0043,C00712,S006,3,11.09,0.0,33.27,17.43,15.84,2024,7,9
O107461,2024-07-09,P0065,C00141,S005,1,776.21,0.0,776.21,385.54,390.67,2024,7,9
O106231,2024-07-09,P0001,C01140,S008,3,132.87,0.15,338.82,322.2,16.62,2024,7,9
O109680,2024-07-09,P0063,C00066,S007,1,112.94,0.1,101.65,90.69,10.96,2024,7,9
O111674,2024-07-09,P0034,C00992,S005,1,84.19,0.0,84.19,69.04,15.15,2024,7,9
O108909,2024-07-10,P0029,C01092,S001,1,93.75,0.0,93.75,68.76,24.99,2024,7,10
O103130,2024-07-10,P0005,C01039,S008,1,15.5,0.0,15.5,12.07,3.43,2024,7,10
O104271,2024-07-10,P0024,C00656,S012,2,722.65,0.0,1445.3,847.16,598.14,2024,7,10
O102432,2024-07-10,P0031,C00973,S001,1,104.43,0.0,104.43,64.18,40.25,2024,7,10
O103846,2024-07-10,P0011,C01006,S002,2,713.82,0.15,1213.49,903.66,309.83,2024,7,10
O102436,2024-07-10,P0044,C00612,S007,1,136.64,0.0,136.64,115.68,20.96,2024,7,10
O110918,2024-07-10,P0064,C01111,S003,2,12.06,0.1,21.71,10.96,10.75,2024,7,10
O104829,2024-07-10,P0019,C00664,S006,1,138.62,0.0,138.62,68.15,70.47,2024,7,10
O108809,2024-07-10,P0003,C00144,S005,1,44.76,0.0,44.76,33.14,11.62,2024,7,10
O110676,2024-07-10,P0070,C00726,S012,1,27.07,0.1,24.36,14.25,10.11,2024,7,10
O100682,2024-07-10,P0085,C00768,S004,2,34.17,0.05,64.92,55.0,9.92,2024,7,10
O111579,2024-07-10,P0007,C00776,S007,1,99.07,0.05,94.12,74.71,19.41,2024,7,10
O106808,2024-07-10,P0071,C00626,S011,2,9.68,0.0,19.36,14.76,4.6,2024,7,10
O103034,2024-07-11,P0005,C00658,S008,2,15.5,0.05,29.45,24.14,5.31,2024,7,11
O103697,2024-07-11,P0054,C01056,S011,1,42.97,0.0,42.97,29.12,13.85,2024,7,11
O110986,2024-07-11,P0044,C00867,S012,1,136.64,0.0,136.64,115.68,20.96,2024,7,11
O102441,2024-07-11,P0067,C00461,S010,1,5.57,0.0,5.57,3.25,2.32,2024,7,11
O108696,2024-07-11,P0083,C00433,S009,1,85.03,0.0,85.03,44.79,40.24,2024,7,11
O111592,2024-07-11,P0061,C00012,S003,1,86.94,0.15,73.9,46.4,27.5,2024,7,11
O105325,2024-07-11,P0085,C00821,S001,2,34.17,0.0,68.34,55.0,13.34,2024,7,11
O111708,2024-07-11,P0093,C00804,S001,3,13.08,0.15,33.35,27.48,5.87,2024,7,11
O111323,2024-07-11,P0082,C00741,S012,1,28.43,0.1,25.59,21.73,3.86,2024,7,11
O111478,2024-07-11,P0052,C00426,S007,1,97.55,0.0,97.55,61.47,36.08,2024,7,11
O101737,2024-07-11,P0011,C00023,S012,1,713.82,0.0,713.82,451.83,261.99,2024,7,11
O108638,2024-07-11,P0039,C00394,S006,1,47.6,0.0,47.6,32.53,15.07,2024,7,11
O111511,2024-07-12,P0059,C00256,S003,1,10.64,0.0,10.64,7.7,2.94,2024,7,12
O107677,2024-07-12,P0085,C00628,S009,1,34.17,0.1,30.75,27.5,3.25,2024,7,12
O109998,2024-07-12,P0085,C01024,S001,1,34.17,0.0,34.17,27.5,6.67,2024,7,12
O110756,2024-07-12,P0048,C00207,S008,1,113.33,0.0,113.33,82.55,30.78,2024,7,12
O103811,2024-07-12,P0064,C00798,S001,3,12.06,0.0,36.18,16.44,19.74,2024,7,12
O102876,2024-07-12,P0063,C01169,S005,2,112.94,0.05,214.59,181.38,33.21,2024,7,12
O105055,2024-07-12,P0011,C00617,S002,1,713.82,0.1,642.44,451.83,190.61,2024,7,12
O106783,2024-07-12,P0002,C01064,S003,1,130.95,0.1,117.85,100.06,17.79,2024,7,12
O111697,2024-07-12,P0089,C00224,S009,2,39.28,0.15,66.78,36.3,30.48,2024,7,12
O110060,2024-07-12,P0015,C00719,S008,2,36.03,0.0,72.06,37.22,34.84,2024,7,12
O108387,2024-07-12,P0046,C00615,S001,1,69.45,0.15,59.03,42.58,16.45,2024,7,12
O105304,2024-07-12,P0007,C00158,S009,1,99.07,0.0,99.07,74.71,24.36,2024,7,12
O103653,2024-07-12,P0093,C00324,S009,2,13.08,0.1,23.54,18.32,5.22,2024,7,12
O105493,2024-07-13,P0059,C00471,S003,1,10.64,0.2,8.51,7.7,0.81,2024,7,13
O102218,2024-07-13,P0069,C00719,S010,2,85.27,0.0,170.54,131.72,38.82,2024,7,13
O107424,2024-07-13,P0015,C01132,S011,1,36.03,0.05,34.23,18.61,15.62,2024,7,13
O104095,2024-07-13,P0026,C00741,S012,1,325.3,0.15,276.5,181.38,95.12,2024,7,13
O102972,2024-07-13,P0011,C00721,S003,1,713.82,0.1,642.44,451.83,190.61,2024,7,13
O110199,2024-07-13,P0096,C00902,S011,2,63.84,0.0,127.68,70.1,57.58,2024,7,13
O103206,2024-07-13,P0068,C00363,S007,2,100.31,0.1,180.56,162.76,17.8,2024,7,13
O109976,2024-07-13,P0015,C00681,S003,1,36.03,0.0,36.03,18.61,17.42,2024,7,13
O108111,2024-07-13,P0038,C00225,S009,1,42.19,0.15,35.86,29.31,6.55,2024,7,13
O111565,2024-07-13,P0007,C00138,S003,1,99.07,0.0,99.07,74.71,24.36,2024,7,13
O100658,2024-07-13,P0036,C00920,S009,2,15.34,0.0,30.68,16.58,14.1,2024,7,13
O111663,2024-07-13,P0013,C00092,S006,2,45.23,0.05,85.94,49.64,36.3,2024,7,13
O105002,2024-07-13,P0079,C00958,S001,1,120.53,0.0,120.53,93.1,27.43,2024,7,13
O111501,2024-07-13,P0079,C00636,S010,2,120.53,0.0,241.06,186.2,54.86,2024,7,13
O110708,2024-07-13,P0009,C01096,S002,2,8.02,0.0,16.04,12.18,3.86,2024,7,13
O100668,2024-07-13,P0075,C00312,S010,2,10.1,0.1,18.18,14.98,3.2,2024,7,13
O106423,2024-07-13,P0033,C01135,S005,1,47.81,0.0,47.81,31.21,16.6,2024,7,13
O103920,2024-07-13,P0002,C00031,S007,2,130.95,0.0,261.9,200.12,61.78,2024,7,13
O103939,2024-07-13,P0025,C00496,S011,1,18.6,0.0,18.6,14.09,4.51,2024,7,13
O104153,2024-07-13,P0082,C00541,S002,1,28.43,0.0,28.43,21.73,6.7,2024,7,13
O111809,2024-07-13,P0064,C00719,S006,1,12.06,0.05,11.46,5.48,5.98,2024,7,13
O108940,2024-07-13,P0032,C00146,S011,1,62.15,0.15,52.83,45.29,7.54,2024,7,13
O107061,2024-07-14,P0093,C00163,S010,1,13.08,0.0,13.08,9.16,3.92,2024,7,14
O109614,2024-07-14,P0074,C00995,S002,2,106.15,0.0,212.3,138.48,73.82,2024,7,14
O102779,2024-07-14,P0042,C00294,S005,1,9.86,0.0,9.86,6.23,3.63,2024,7,14
O110856,2024-07-14,P0030,C00810,S006,1,41.4,0.0,41.4,25.21,16.19,2024,7,14
O109930,2024-07-14,P0002,C00305,S002,1,130.95,0.0,130.95,100.06,30.89,2024,7,14
O110258,2024-07-14,P0040,C00217,S012,1,25.25,0.0,25.25,16.53,8.72,2024,7,14
O104170,2024-07-14,P0070,C00639,S012,5,27.07,0.0,135.35,71.25,64.1,2024,7,14
O105089,2024-07-14,P0075,C00667,S011,1,10.1,0.0,10.1,7.49,2.61,2024,7,14
O107646,2024-07-14,P0037,C00727,S001,3,61.48,0.0,184.44,144.3,40.14,2024,7,14
O101826,2024-07-15,P0074,C00152,S010,1,106.15,0.1,95.54,69.24,26.3,2024,7,15
O101589,2024-07-15,P0069,C00110,S012,1,85.27,0.05,81.01,65.86,15.15,2024,7,15
O110497,2024-07-15,P0020,C00827,S006,1,30.45,0.1,27.4,20.59,6.81,2024,7,15
O107753,2024-07-15,P0011,C00200,S009,1,713.82,0.0,713.82,451.83,261.99,2024,7,15
O109390,2024-07-15,P0097,C00350,S009,4,8.15,0.0,32.6,21.96,10.64,2024,7,15
O110029,2024-07-15,P0064,C00807,S004,1,12.06,0.0,12.06,5.48,6.58,2024,7,15
O108395,2024-07-15,P0025,C00868,S005,1,18.6,0.1,16.74,14.09,2.65,2024,7,15
O104527,2024-07-15,P0069,C00695,S005,2,85.27,0.0,170.54,131.72,38.82,2024,7,15
O107389,2024-07-15,P0066,C00037,S008,2,105.53,0.0,211.06,117.54,93.52,2024,7,15
O109582,2024-07-15,P0054,C00989,S008,1,42.97,0.2,34.38,29.12,5.26,2024,7,15
O101573,2024-07-15,P0073,C00042,S004,1,36.7,0.0,36.7,18.22,18.48,2024,7,15
O109641,2024-07-15,P0038,C00482,S010,1,42.19,0.0,42.19,29.31,12.88,2024,7,15
O107139,2024-07-15,P0033,C00562,S012,1,47.81,0.0,47.81,31.21,16.6,2024,7,15
O108714,2024-07-15,P0023,C00035,S002,1,818.22,0.0,818.22,630.15,188.07,2024,7,15
O100916,2024-07-15,P0082,C00977,S005,2,28.43,0.0,56.86,43.46,13.4,2024,7,15
O109193,2024-07-15,P0061,C01021,S004,1,86.94,0.2,69.55,46.4,23.15,2024,7,15
O101441,2024-07-15,P0045,C00784,S007,1,131.19,0.0,131.19,106.88,24.31,2024,7,15
O104223,2024-07-16,P0080,C00946,S011,1,20.59,0.1,18.53,13.94,4.59,2024,7,16
O101133,2024-07-16,P0098,C00199,S004,4,37.83,0.0,151.32,116.0,35.32,2024,7,16
O111318,2024-07-16,P0048,C01076,S006,1,113.33,0.0,113.33,82.55,30.78,2024,7,16
O111030,2024-07-16,P0089,C00446,S007,1,39.28,0.15,33.39,18.15,15.24,2024,7,16
O102536,2024-07-16,P0038,C01064,S005,1,42.19,0.05,40.08,29.31,10.77,2024,7,16
O102321,2024-07-16,P0029,C00617,S001,1,93.75,0.0,93.75,68.76,24.99,2024,7,16
O110196,2024-07-16,P0065,C00439,S003,2,776.21,0.05,1474.8,771.08,703.72,2024,7,16
O110689,2024-07-16,P0100,C00484,S006,2,142.46,0.15,242.18,182.28,59.9,2024,7,16
O108160,2024-07-16,P0050,C01086,S011,1,9.87,0.05,9.38,4.74,4.64,2024,7,16
O106795,2024-07-16,P0027,C00972,S005,1,55.97,0.1,50.37,29.57,20.8,2024,7,16
O110192,2024-07-17,P0087,C01122,S005,5,463.9,0.0,2319.5,1268.25,1051.25,2024,7,17
O103527,2024-07-17,P0012,C00068,S011,3,88.36,0.1,238.57,188.7,49.87,2024,7,17
O101782,2024-07-17,P0059,C01160,S006,1,10.64,0.0,10.64,7.7,2.94,2024,7,17
O108703,2024-07-17,P0090,C00846,S010,3,575.16,0.05,1639.21,1127.19,512.02,2024,7,17
O108435,2024-07-17,P0030,C00539,S008,1,41.4,0.1,37.26,25.21,12.05,2024,7,17
O108346,2024-07-17,P0028,C01132,S012,1,453.33,0.0,453.33,253.96,199.37,2024,7,17
O102065,2024-07-17,P0097,C00907,S001,3,8.15,0.0,24.45,16.47,7.98,2024,7,17
O105907,2024-07-17,P0100,C00278,S011,1,142.46,0.1,128.21,91.14,37.07,2024,7,17
O111330,2024-07-17,P0028,C00698,S001,2,453.33,0.0,906.66,507.92,398.74,2024,7,17
O109457,2024-07-17,P0020,C00411,S005,1,30.45,0.05,28.93,20.59,8.34,2024,7,17
O102230,2024-07-17,P0045,C00055,S008,1,131.19,0.0,131.19,106.88,24.31,2024,7,17
O109165,2024-07-17,P0026,C00058,S004,1,325.3,0.05,309.03,181.38,127.65,2024,7,17
O105571,2024-07-17,P0084,C00617,S001,5,17.53,0.1,78.89,70.55,8.34,2024,7,17
O106815,2024-07-17,P0095,C00242,S011,2,118.84,0.0,237.68,156.34,81.34,2024,7,17
O100621,2024-07-17,P0097,C01124,S008,1,8.15,0.0,8.15,5.49,2.66,2024,7,17
O109157,2024-07-17,P0089,C00470,S007,1,39.28,0.0,39.28,18.15,21.13,2024,7,17
O111181,2024-07-17,P0043,C00497,S005,2,11.09,0.0,22.18,11.62,10.56,2024,7,17
O111150,2024-07-17,P0086,C01129,S003,4,310.61,0.2,993.95,638.76,355.19,2024,7,17
O101856,2024-07-18,P0042,C00405,S011,3,9.86,0.0,29.58,18.69,10.89,2024,7,18
O109537,2024-07-18,P0100,C00597,S010,1,142.46,0.0,142.46,91.14,51.32,2024,7,18
O110402,2024-07-18,P0100,C01107,S004,1,142.46,0.0,142.46,91.14,51.32,2024,7,18
O107773,2024-07-18,P0041,C00420,S007,3,246.7,0.0,740.1,404.19,335.91,2024,7,18
O105449,2024-07-18,P0016,C00638,S005,2,547.4,0.1,985.32,794.82,190.5,2024,7,18
O107934,2024-07-18,P0004,C00962,S009,2,29.55,0.2,47.28,28.96,18.32,2024,7,18
O104187,2024-07-18,P0054,C00643,S005,1,42.97,0.1,38.67,29.12,9.55,2024,7,18
O102571,2024-07-18,P0061,C00200,S005,1,86.94,0.0,86.94,46.4,40.54,2024,7,18
O104281,2024-07-18,P0019,C01104,S001,2,138.62,0.0,277.24,136.3,140.94,2024,7,18
O110131,2024-07-18,P0063,C00862,S003,2,112.94,0.0,225.88,181.38,44.5,2024,7,18
O102693,2024-07-18,P0014,C00453,S011,1,13.14,0.0,13.14,6.13,7.01,2024,7,18
O101868,2024-07-18,P0025,C00096,S003,1,18.6,0.0,18.6,14.09,4.51,2024,7,18
O107163,2024-07-18,P0034,C00005,S009,1,84.19,0.0,84.19,69.04,15.15,2024,7,18
O108643,2024-07-18,P0018,C00296,S010,1,34.43,0.0,34.43,26.49,7.94,2024,7,18
O103238,2024-07-18,P0044,C01040,S004,2,136.64,0.1,245.95,231.36,14.59,2024,7,18
O103047,2024-07-18,P0070,C01170,S005,1,27.07,0.0,27.07,14.25,12.82,2024,7,18
O104424,2024-07-18,P0080,C01120,S009,1,20.59,0.05,19.56,13.94,5.62,2024,7,18
O102348,2024-07-18,P0073,C00961,S005,3,36.7,0.0,110.1,54.66,55.44,2024,7,18
O100705,2024-07-19,P0083,C00826,S005,1,85.03,0.05,80.78,44.79,35.99,2024,7,19
O107848,2024-07-19,P0067,C01124,S011,1,5.57,0.0,5.57,3.25,2.32,2024,7,19
O104213,2024-07-19,P0093,C01174,S007,1,13.08,0.0,13.08,9.16,3.92,2024,7,19
O109845,2024-07-19,P0027,C00198,S008,1,55.97,0.05,53.17,29.57,23.6,2024,7,19
O102292,2024-07-19,P0096,C00322,S008,1,63.84,0.1,57.46,35.05,22.41,2024,7,19
O102188,2024-07-19,P0027,C00862,S005,1,55.97,0.05,53.17,29.57,23.6,2024,7,19
O110680,2024-07-19,P0032,C00343,S003,1,62.15,0.0,62.15,45.29,16.86,2024,7,19
O101773,2024-07-19,P0030,C00017,S010,1,41.4,0.15,35.19,25.21,9.98,2024,7,19
O108824,2024-07-19,P0082,C00567,S010,2,28.43,0.0,56.86,43.46,13.4,2024,7,19
O110201,2024-07-19,P0091,C01163,S011,2,35.24,0.05,66.96,37.34,29.62,2024,7,19
O105979,2024-07-19,P0068,C00298,S009,1,100.31,0.05,95.29,81.38,13.91,2024,7,19
O100247,2024-07-19,P0010,C00991,S009,1,14.81,0.0,14.81,12.15,2.66,2024,7,19
O108340,2024-07-19,P0077,C00715,S008,1,130.07,0.1,117.06,107.65,9.41,2024,7,19
O110818,2024-07-19,P0029,C00263,S005,3,93.75,0.0,281.25,206.28,74.97,2024,7,19
O111017,2024-07-19,P0095,C00680,S010,2,118.84,0.0,237.68,156.34,81.34,2024,7,19
O104710,2024-07-19,P0095,C00206,S006,1,118.84,0.0,118.84,78.17,40.67,2024,7,19
O109219,2024-07-19,P0074,C00226,S008,1,106.15,0.1,95.54,69.24,26.3,2024,7,19
O106201,2024-07-19,P0012,C00667,S001,1,88.36,0.0,88.36,62.9,25.46,2024,7,19
O109990,2024-07-19,P0006,C00099,S008,2,74.01,0.0,148.02,86.16,61.86,2024,7,19
O107963,2024-07-19,P0081,C00899,S004,2,143.09,0.05,271.87,220.0,51.87,2024,7,19
O111229,2024-07-19,P0028,C00238,S001,1,453.33,0.0,453.33,253.96,199.37,2024,7,19
O104305,2024-07-20,P0012,C00216,S004,1,88.36,0.1,79.52,62.9,16.62,2024,7,20
O104907,2024-07-20,P0036,C00654,S010,1,15.34,0.0,15.34,8.29,7.05,2024,7,20
O109123,2024-07-20,P0073,C00374,S002,3,36.7,0.0,110.1,54.66,55.44,2024,7,20
O100084,2024-07-20,P0007,C00474,S012,1,99.07,0.0,99.07,74.71,24.36,2024,7,20
O109363,2024-07-20,P0071,C00757,S003,1,9.68,0.0,9.68,7.38,2.3,2024,7,20
O106823,2024-07-20,P0081,C00101,S010,1,143.09,0.0,143.09,110.0,33.09,2024,7,20
O106179,2024-07-20,P0005,C00048,S005,1,15.5,0.0,15.5,12.07,3.43,2024,7,20
O104362,2024-07-20,P0054,C00897,S004,1,42.97,0.0,42.97,29.12,13.85,2024,7,20
O110130,2024-07-20,P0095,C00957,S001,1,118.84,0.0,118.84,78.17,40.67,2024,7,20
O103115,2024-07-20,P0047,C01094,S001,1,125.46,0.05,119.19,59.9,59.29,2024,7,20
O104926,2024-07-20,P0094,C00872,S001,1,21.21,0.0,21.21,12.17,9.04,2024,7,20
O109224,2024-07-20,P0100,C00510,S006,2,142.46,0.05,270.67,182.28,88.39,2024,7,20
O100877,2024-07-20,P0060,C00386,S003,1,80.71,0.05,76.67,51.25,25.42,2024,7,20
O101177,2024-07-20,P0073,C00301,S003,2,36.7,0.0,73.4,36.44,36.96,2024,7,20
O109407,2024-07-20,P0001,C00938,S010,1,132.87,0.05,126.23,107.4,18.83,2024,7,20
O108987,2024-07-20,P0100,C01112,S008,1,142.46,0.05,135.34,91.14,44.2,2024,7,20
O103008,2024-07-20,P0026,C00980,S009,3,325.3,0.05,927.1,544.14,382.96,2024,7,20
O111688,2024-07-20,P0008,C01111,S011,2,22.28,0.0,44.56,22.28,22.28,2024,7,20
O100770,2024-07-20,P0012,C00932,S010,3,88.36,0.1,238.57,188.7,49.87,2024,7,20
O104452,2024-07-20,P0082,C00150,S005,1,28.43,0.1,25.59,21.73,3.86,2024,7,20
O103802,2024-07-21,P0070,C00180,S012,1,27.07,0.0,27.07,14.25,12.82,2024,7,21
O102635,2024-07-21,P0071,C00527,S003,1,9.68,0.0,9.68,7.38,2.3,2024,7,21
O107206,2024-07-21,P0046,C00613,S012,2,69.45,0.0,138.9,85.16,53.74,2024,7,21
O107394,2024-07-21,P0024,C00972,S012,1,722.65,0.0,722.65,423.58,299.07,2024,7,21
O110440,2024-07-21,P0068,C00297,S007,1,100.31,0.0,100.31,81.38,18.93,2024,7,21
O100518,2024-07-21,P0084,C00961,S001,2,17.53,0.0,35.06,28.22,6.84,2024,7,21
O101923,2024-07-21,P0041,C01078,S009,1,246.7,0.1,222.03,134.73,87.3,2024,7,21
O100094,2024-07-21,P0004,C01033,S001,1,29.55,0.0,29.55,14.48,15.07,2024,7,21
O104601,2024-07-21,P0013,C01101,S007,1,45.23,0.15,38.45,24.82,13.63,2024,7,21
O111171,2024-07-21,P0098,C00038,S003,1,37.83,0.05,35.94,29.0,6.94,2024,7,21
O100099,2024-07-22,P0097,C00499,S001,3,8.15,0.15,20.78,16.47,4.31,2024,7,22
O108225,2024-07-22,P0018,C00077,S003,2,34.43,0.05,65.42,52.98,12.44,2024,7,22
O100499,2024-07-22,P0046,C01183,S002,2,69.45,0.05,131.96,85.16,46.8,2024,7,22
O107580,2024-07-22,P0081,C00725,S011,1,143.09,0.05,135.94,110.0,25.94,2024,7,22
O109672,2024-07-22,P0062,C00255,S010,2,39.06,0.0,78.12,35.7,42.42,2024,7,22
O100117,2024-07-22,P0011,C00974,S002,1,713.82,0.0,713.82,451.83,261.99,2024,7,22
O105065,2024-07-22,P0087,C00176,S008,2,463.9,0.0,927.8,507.3,420.5,2024,7,22
O108318,2024-07-22,P0060,C00801,S006,1,80.71,0.0,80.71,51.25,29.46,2024,7,22
O105563,2024-07-22,P0018,C01054,S005,1,34.43,0.05,32.71,26.49,6.22,2024,7,22
O101718,2024-07-22,P0051,C00545,S011,1,32.14,0.15,27.32,16.02,11.3,2024,7,22
O111443,2024-07-22,P0061,C00788,S012,1,86.94,0.15,73.9,46.4,27.5,2024,7,22
O110619,2024-07-22,P0076,C00593,S004,1,301.81,0.05,286.72,247.89,38.83,2024,7,22
O107162,2024-07-23,P0064,C00951,S007,2,12.06,0.0,24.12,10.96,13.16,2024,7,23
O103382,2024-07-23,P0066,C00265,S011,1,105.53,0.05,100.25,58.77,41.48,2024,7,23
O100151,2024-07-23,P0075,C01035,S010,2,10.1,0.15,17.17,14.98,2.19,2024,7,23
O105888,2024-07-23,P0084,C00571,S005,1,17.53,0.0,17.53,14.11,3.42,2024,7,23
O101699,2024-07-23,P0019,C00085,S011,1,138.62,0.0,138.62,68.15,70.47,2024,7,23
O100185,2024-07-23,P0047,C00548,S011,1,125.46,0.0,125.46,59.9,65.56,2024,7,23
O106880,2024-07-23,P0038,C01187,S005,3,42.19,0.0,126.57,87.93,38.64,2024,7,23
O104416,2024-07-23,P0097,C00622,S006,1,8.15,0.1,7.34,5.49,1.85,2024,7,23
O110941,2024-07-23,P0056,C00893,S003,2,20.73,0.0,41.46,33.5,7.96,2024,7,23
O110848,2024-07-23,P0001,C01050,S007,3,132.87,0.0,398.61,322.2,76.41,2024,7,23
O110427,2024-07-23,P0026,C00289,S012,2,325.3,0.1,585.54,362.76,222.78,2024,7,23
O103086,2024-07-23,P0085,C00396,S010,5,34.17,0.0,170.85,137.5,33.35,2024,7,23
O110553,2024-07-23,P0041,C00965,S012,3,246.7,0.1,666.09,404.19,261.9,2024,7,23
O104068,2024-07-23,P0064,C00082,S001,1,12.06,0.0,12.06,5.48,6.58,2024,7,23
O108462,2024-07-23,P0077,C01051,S002,3,130.07,0.0,390.21,322.95,67.26,2024,7,23
O111956,2024-07-24,P0098,C00186,S002,1,37.83,0.15,32.16,29.0,3.16,2024,7,24
O107643,2024-07-24,P0023,C00499,S003,1,818.22,0.0,818.22,630.15,188.07,2024,7,24
O111652,2024-07-24,P0003,C01019,S007,1,44.76,0.0,44.76,33.14,11.62,2024,7,24
O106426,2024-07-24,P0026,C00937,S006,2,325.3,0.0,650.6,362.76,287.84,2024,7,24
O108916,2024-07-24,P0032,C00603,S011,4,62.15,0.0,248.6,181.16,67.44,2024,7,24
O108942,2024-07-24,P0092,C00778,S003,1,41.48,0.0,41.48,25.41,16.07,2024,7,24
O110096,2024-07-24,P0010,C00599,S010,1,14.81,0.0,14.81,12.15,2.66,2024,7,24
O107326,2024-07-24,P0005,C00188,S006,2,15.5,0.0,31.0,24.14,6.86,2024,7,24
O104621,2024-07-24,P0056,C00134,S007,1,20.73,0.2,16.58,16.75,-0.17,2024,7,24
O108581,2024-07-24,P0019,C00662,S006,5,138.62,0.2,554.48,340.75,213.73,2024,7,24
O100718,2024-07-25,P0041,C00135,S005,10,246.7,0.1,2220.3,1347.3,873.0,2024,7,25
O106368,2024-07-25,P0048,C00678,S005,1,113.33,0.05,107.66,82.55,25.11,2024,7,25
O111274,2024-07-25,P0031,C00470,S002,1,104.43,0.1,93.99,64.18,29.81,2024,7,25
O107060,2024-07-25,P0096,C00639,S008,1,63.84,0.05,60.65,35.05,25.6,2024,7,25
O102560,2024-07-25,P0091,C00097,S002,2,35.24,0.1,63.43,37.34,26.09,2024,7,25
O105840,2024-07-25,P0048,C00049,S004,1,113.33,0.0,113.33,82.55,30.78,2024,7,25
O103459,2024-07-25,P0065,C00013,S010,1,776.21,0.0,776.21,385.54,390.67,2024,7,25
O103734,2024-07-25,P0055,C01124,S010,4,24.74,0.15,84.12,69.92,14.2,2024,7,25
O105246,2024-07-25,P0081,C00818,S010,2,143.09,0.15,243.25,220.0,23.25,2024,7,25
O104799,2024-07-25,P0009,C00107,S002,1,8.02,0.1,7.22,6.09,1.13,2024,7,25
O104768,2024-07-25,P0018,C00616,S010,1,34.43,0.0,34.43,26.49,7.94,2024,7,25
O109640,2024-07-25,P0084,C00524,S006,2,17.53,0.0,35.06,28.22,6.84,2024,7,25
O111950,2024-07-25,P0073,C00442,S001,1,36.7,0.0,36.7,18.22,18.48,2024,7,25
O106481,2024-07-25,P0045,C00679,S005,2,131.19,0.0,262.38,213.76,48.62,2024,7,25
O110829,2024-07-25,P0099,C00042,S009,2,5.01,0.15,8.52,5.54,2.98,2024,7,25
O108407,2024-07-25,P0059,C00079,S007,1,10.64,0.0,10.64,7.7,2.94,2024,7,25
O102657,2024-07-26,P0041,C01085,S005,2,246.7,0.0,493.4,269.46,223.94,2024,7,26
O111855,2024-07-26,P0010,C00991,S011,1,14.81,0.0,14.81,12.15,2.66,2024,7,26
O103833,2024-07-26,P0062,C00342,S003,2,39.06,0.1,70.31,35.7,34.61,2024,7,26
O105150,2024-07-26,P0095,C01078,S002,3,118.84,0.05,338.69,234.51,104.18,2024,7,26
O104111,2024-07-26,P0094,C00091,S005,1,21.21,0.05,20.15,12.17,7.98,2024,7,26
O108626,2024-07-26,P0002,C00033,S001,1,130.95,0.1,117.85,100.06,17.79,2024,7,26
O100367,2024-07-26,P0002,C00456,S011,1,130.95,0.0,130.95,100.06,30.89,2024,7,26
O100446,2024-07-26,P0079,C00603,S009,4,120.53,0.0,482.12,372.4,109.72,2024,7,26
O107223,2024-07-26,P0092,C00588,S006,1,41.48,0.0,41.48,25.41,16.07,2024,7,26
O111268,2024-07-27,P0068,C00794,S010,2,100.31,0.2,160.5,162.76,-2.26,2024,7,27
O110659,2024-07-27,P0028,C00864,S009,3,453.33,0.0,1359.99,761.88,598.11,2024,7,27
O106369,2024-07-27,P0079,C00422,S003,2,120.53,0.1,216.95,186.2,30.75,2024,7,27
O105259,2024-07-27,P0060,C00960,S012,1,80.71,0.0,80.71,51.25,29.46,2024,7,27
O105219,2024-07-27,P0073,C00940,S005,2,36.7,0.15,62.39,36.44,25.95,2024,7,27
O105239,2024-07-27,P0034,C00274,S006,1,84.19,0.1,75.77,69.04,6.73,2024,7,27
O108951,2024-07-27,P0021,C00004,S006,1,25.8,0.05,24.51,12.57,11.94,2024,7,27
O107107,2024-07-27,P0020,C00671,S012,1,30.45,0.0,30.45,20.59,9.86,2024,7,27
O107105,2024-07-27,P0050,C00746,S005,1,9.87,0.1,8.88,4.74,4.14,2024,7,27
O109068,2024-07-27,P0061,C01086,S010,4,86.94,0.0,347.76,185.6,162.16,2024,7,27
O107221,2024-07-27,P0084,C00921,S002,1,17.53,0.0,17.53,14.11,3.42,2024,7,27
O100275,2024-07-27,P0077,C00693,S009,4,130.07,0.0,520.28,430.6,89.68,2024,7,27
O104559,2024-07-27,P0034,C00416,S012,4,84.19,0.2,269.41,276.16,-6.75,2024,7,27
O111844,2024-07-27,P0019,C00361,S010,1,138.62,0.0,138.62,68.15,70.47,2024,7,27
O102233,2024-07-27,P0034,C00609,S007,1,84.19,0.1,75.77,69.04,6.73,2024,7,27
O102834,2024-07-28,P0018,C00056,S004,1,34.43,0.0,34.43,26.49,7.94,2024,7,28
O111159,2024-07-28,P0013,C00378,S001,1,45.23,0.0,45.23,24.82,20.41,2024,7,28
O111303,2024-07-28,P0055,C00398,S004,1,24.74,0.15,21.03,17.48,3.55,2024,7,28
O103325,2024-07-28,P0100,C00473,S003,1,142.46,0.0,142.46,91.14,51.32,2024,7,28
O102937,2024-07-28,P0021,C01107,S001,4,25.8,0.05,98.04,50.28,47.76,2024,7,28
O109995,2024-07-28,P0040,C00266,S004,2,25.25,0.0,50.5,33.06,17.44,2024,7,28
O105366,2024-07-28,P0046,C00491,S011,1,69.45,0.0,69.45,42.58,26.87,2024,7,28
O106995,2024-07-28,P0062,C00277,S002,2,39.06,0.0,78.12,35.7,42.42,2024,7,28
O103764,2024-07-28,P0095,C00199,S007,3,118.84,0.2,285.22,234.51,50.71,2024,7,28
O111938,2024-07-28,P0070,C00831,S008,1,27.07,0.15,23.01,14.25,8.76,2024,7,28
O104989,2024-07-28,P0033,C01014,S005,1,47.81,0.0,47.81,31.21,16.6,2024,7,28
O105165,2024-07-28,P0013,C01193,S003,1,45.23,0.05,42.97,24.82,18.15,2024,7,28
O105864,2024-07-28,P0034,C00514,S007,1,84.19,0.0,84.19,69.04,15.15,2024,7,28
O110230,2024-07-28,P0052,C00655,S009,1,97.55,0.0,97.55,61.47,36.08,2024,7,28
O108527,2024-07-28,P0006,C01091,S003,1,74.01,0.0,74.01,43.08,30.93,2024,7,28
O105022,2024-07-28,P0027,C00476,S010,2,55.97,0.0,111.94,59.14,52.8,2024,7,28
O110124,2024-07-28,P0017,C00813,S010,1,25.27,0.1,22.74,17.77,4.97,2024,7,28
O106270,2024-07-28,P0027,C00748,S010,1,55.97,0.05,53.17,29.57,23.6,2024,7,28
O107444,2024-07-28,P0081,C00616,S010,1,143.09,0.0,143.09,110.0,33.09,2024,7,28
O101729,2024-07-29,P0020,C00969,S002,1,30.45,0.0,30.45,20.59,9.86,2024,7,29
O106417,2024-07-29,P0036,C00501,S007,1,15.34,0.0,15.34,8.29,7.05,2024,7,29
O110480,2024-07-29,P0027,C00800,S012,1,55.97,0.05,53.17,29.57,23.6,2024,7,29
O101186,2024-07-29,P0063,C00784,S007,1,112.94,0.1,101.65,90.69,10.96,2024,7,29
O109552,2024-07-29,P0067,C00961,S005,1,5.57,0.0,5.57,3.25,2.32,2024,7,29
O109043,2024-07-29,P0020,C01075,S008,2,30.45,0.15,51.76,41.18,10.58,2024,7,29
O101487,2024-07-29,P0020,C00091,S006,5,30.45,0.15,129.41,102.95,26.46,2024,7,29
O100993,2024-07-29,P0014,C00457,S005,2,13.14,0.0,26.28,12.26,14.02,2024,7,29
O104866,2024-07-29,P0017,C00123,S010,2,25.27,0.0,50.54,35.54,15.0,2024,7,29
O103316,2024-07-29,P0068,C01152,S010,1,100.31,0.15,85.26,81.38,3.88,2024,7,29
O107847,2024-07-29,P0029,C00807,S008,1,93.75,0.0,93.75,68.76,24.99,2024,7,29
O107837,2024-07-29,P0075,C00621,S011,2,10.1,0.0,20.2,14.98,5.22,2024,7,29
O108276,2024-07-29,P0096,C00532,S009,2,63.84,0.05,121.3,70.1,51.2,2024,7,29
O103882,2024-07-29,P0028,C00333,S009,1,453.33,0.2,362.66,253.96,108.7,2024,7,29
O111288,2024-07-29,P0047,C00524,S008,1,125.46,0.05,119.19,59.9,59.29,2024,7,29
O105053,2024-07-29,P0026,C00836,S008,2,325.3,0.0,650.6,362.76,287.84,2024,7,29
O111340,2024-07-29,P0011,C00423,S011,3,713.82,0.0,2141.46,1355.49,785.97,2024,7,29
O102267,2024-07-29,P0097,C00112,S002,2,8.15,0.15,13.86,10.98,2.88,2024,7,29
O108242,2024-07-30,P0069,C00494,S010,1,85.27,0.1,76.74,65.86,10.88,2024,7,30
O108586,2024-07-30,P0050,C00078,S002,1,9.87,0.1,8.88,4.74,4.14,2024,7,30
O106343,2024-07-30,P0084,C01086,S009,1,17.53,0.15,14.9,14.11,0.79,2024,7,30
O102423,2024-07-30,P0092,C00808,S009,1,41.48,0.2,33.18,25.41,7.77,2024,7,30
O109316,2024-07-30,P0084,C01136,S008,1,17.53,0.0,17.53,14.11,3.42,2024,7,30
O106839,2024-07-30,P0075,C00186,S004,1,10.1,0.0,10.1,7.49,2.61,2024,7,30
O108896,2024-07-30,P0071,C00689,S012,2,9.68,0.0,19.36,14.76,4.6,2024,7,30
O107790,2024-07-30,P0059,C00441,S004,1,10.64,0.1,9.58,7.7,1.88,2024,7,30
O107418,2024-07-30,P0073,C00713,S010,1,36.7,0.0,36.7,18.22,18.48,2024,7,30
O107668,2024-07-30,P0085,C01188,S011,2,34.17,0.0,68.34,55.0,13.34,2024,7,30
O107341,2024-07-30,P0044,C00227,S003,1,136.64,0.1,122.98,115.68,7.3,2024,7,30
O100143,2024-07-30,P0020,C00213,S010,2,30.45,0.0,60.9,41.18,19.72,2024,7,30
O110800,2024-07-30,P0036,C00827,S011,1,15.34,0.0,15.34,8.29,7.05,2024,7,30
O105013,2024-07-30,P0010,C00467,S009,3,14.81,0.05,42.21,36.45,5.76,2024,7,30
O108624,2024-07-30,P0022,C00051,S012,10,42.03,0.0,420.3,301.4,118.9,2024,7,30
O103998,2024-07-30,P0079,C00673,S002,1,120.53,0.0,120.53,93.1,27.43,2024,7,30
O111267,2024-07-31,P0092,C00886,S008,2,41.48,0.05,78.81,50.82,27.99,2024,7,31
O105103,2024-07-31,P0061,C00942,S009,1,86.94,0.0,86.94,46.4,40.54,2024,7,31
O110461,2024-07-31,P0010,C00510,S004,1,14.81,0.1,13.33,12.15,1.18,2024,7,31
O105470,2024-07-31,P0083,C00547,S012,1,85.03,0.0,85.03,44.79,40.24,2024,7,31
O104669,2024-07-31,P0041,C00251,S010,1,246.7,0.0,246.7,134.73,111.97,2024,7,31
O102703,2024-07-31,P0092,C00131,S010,3,41.48,0.15,105.77,76.23,29.54,2024,7,31
O104177,2024-07-31,P0088,C00818,S004,1,5.57,0.0,5.57,4.31,1.26,2024,7,31
O107676,2024-07-31,P0066,C00904,S009,1,105.53,0.15,89.7,58.77,30.93,2024,7,31
O106090,2024-07-31,P0087,C01189,S010,1,463.9,0.0,463.9,253.65,210.25,2024,7,31
O103964,2024-07-31,P0007,C01094,S006,1,99.07,0.0,99.07,74.71,24.36,2024,7,31
O103791,2024-07-31,P0001,C00130,S004,1,132.87,0.05,126.23,107.4,18.83,2024,7,31
O101806,2024-07-31,P0013,C00600,S004,1,45.23,0.0,45.23,24.82,20.41,2024,7,31
O105178,2024-07-31,P0061,C00057,S008,2,86.94,0.0,173.88,92.8,81.08,2024,7,31
O110485,2024-08-01,P0003,C00816,S007,1,44.76,0.0,44.76,33.14,11.62,2024,8,1
O104523,2024-08-01,P0039,C00258,S011,1,47.6,0.0,47.6,32.53,15.07,2024,8,1
O110460,2024-08-01,P0088,C01177,S001,3,5.57,0.0,16.71,12.93,3.78,2024,8,1
O105046,2024-08-01,P0074,C00246,S004,1,106.15,0.0,106.15,69.24,36.91,2024,8,1
O108845,2024-08-01,P0019,C00010,S008,1,138.62,0.05,131.69,68.15,63.54,2024,8,1
O100254,2024-08-01,P0018,C00647,S002,2,34.43,0.15,58.53,52.98,5.55,2024,8,1
O105407,2024-08-01,P0069,C00196,S009,1,85.27,0.0,85.27,65.86,19.41,2024,8,1
O111451,2024-08-01,P0099,C01096,S007,2,5.01,0.2,8.02,5.54,2.48,2024,8,1
O108209,2024-08-01,P0060,C01176,S006,1,80.71,0.0,80.71,51.25,29.46,2024,8,1
O105883,2024-08-01,P0089,C00895,S012,1,39.28,0.0,39.28,18.15,21.13,2024,8,1
O111249,2024-08-01,P0025,C00109,S009,1,18.6,0.0,18.6,14.09,4.51,2024,8,1
O102701,2024-08-01,P0073,C00012,S005,1,36.7,0.05,34.86,18.22,16.64,2024,8,1
O111204,2024-08-01,P0063,C00112,S006,1,112.94,0.0,112.94,90.69,22.25,2024,8,1
O106634,2024-08-01,P0012,C00435,S006,1,88.36,0.05,83.94,62.9,21.04,2024,8,1
O106479,2024-08-01,P0041,C00255,S002,1,246.7,0.0,246.7,134.73,111.97,2024,8,1
O102253,2024-08-02,P0018,C00294,S010,1,34.43,0.0,34.43,26.49,7.94,2024,8,2
O108360,2024-08-02,P0036,C00858,S001,1,15.34,0.0,15.34,8.29,7.05,2024,8,2
O105374,2024-08-02,P0019,C00524,S011,3,138.62,0.0,415.86,204.45,211.41,2024,8,2
O106466,2024-08-02,P0084,C00280,S001,5,17.53,0.0,87.65,70.55,17.1,2024,8,2
O109583,2024-08-02,P0031,C00468,S006,2,104.43,0.05,198.42,128.36,70.06,2024,8,2
O106997,2024-08-02,P0041,C00089,S008,1,246.7,0.2,197.36,134.73,62.63,2024,8,2
O100250,2024-08-02,P0085,C00956,S007,2,34.17,0.0,68.34,55.0,13.34,2024,8,2
O103868,2024-08-02,P0008,C01195,S001,2,22.28,0.05,42.33,22.28,20.05,2024,8,2
O109001,2024-08-02,P0059,C00838,S003,1,10.64,0.1,9.58,7.7,1.88,2024,8,2
O101215,2024-08-02,P0035,C00698,S003,3,21.89,0.0,65.67,36.75,28.92,2024,8,2
O100466,2024-08-02,P0035,C01198,S010,1,21.89,0.0,21.89,12.25,9.64,2024,8,2
O111313,2024-08-02,P0003,C01071,S004,4,44.76,0.0,179.04,132.56,46.48,2024,8,2
O103847,2024-08-02,P0079,C00445,S010,2,120.53,0.0,241.06,186.2,54.86,2024,8,2
O109097,2024-08-02,P0056,C00988,S002,1,20.73,0.1,18.66,16.75,1.91,2024,8,2
O107034,2024-08-03,P0080,C00876,S008,1,20.59,0.0,20.59,13.94,6.65,2024,8,3
O105034,2024-08-03,P0051,C00805,S011,1,32.14,0.0,32.14,16.02,16.12,2024,8,3
O106185,2024-08-03,P0039,C01059,S001,3,47.6,0.0,142.8,97.59,45.21,2024,8,3
O101317,2024-08-03,P0099,C00716,S005,1,5.01,0.05,4.76,2.77,1.99,2024,8,3
O102772,2024-08-03,P0043,C00614,S006,3,11.09,0.0,33.27,17.43,15.84,2024,8,3
O110420,2024-08-03,P0054,C00086,S010,1,42.97,0.2,34.38,29.12,5.26,2024,8,3
O109686,2024-08-03,P0010,C00821,S002,1,14.81,0.0,14.81,12.15,2.66,2024,8,3
O109203,2024-08-03,P0046,C00742,S004,5,69.45,0.1,312.53,212.9,99.63,2024,8,3
O103720,2024-08-03,P0056,C00991,S008,3,20.73,0.1,55.97,50.25,5.72,2024,8,3
O109877,2024-08-03,P0100,C00542,S012,1,142.46,0.0,142.46,91.14,51.32,2024,8,3
O103638,2024-08-03,P0084,C00657,S012,4,17.53,0.15,59.6,56.44,3.16,2024,8,3
O108507,2024-08-03,P0076,C00634,S004,3,301.81,0.0,905.43,743.67,161.76,2024,8,3
O107671,2024-08-03,P0002,C01058,S007,1,130.95,0.0,130.95,100.06,30.89,2024,8,3
O107879,2024-08-03,P0081,C00262,S012,4,143.09,0.0,572.36,440.0,132.36,2024,8,3
O103808,2024-08-03,P0079,C00460,S003,1,120.53,0.0,120.53,93.1,27.43,2024,8,3
O103196,2024-08-03,P0063,C00833,S005,4,112.94,0.1,406.58,362.76,43.82,2024,8,3
O103272,2024-08-03,P0074,C00113,S009,2,106.15,0.1,191.07,138.48,52.59,2024,8,3
O110630,2024-08-03,P0016,C01129,S008,2,547.4,0.1,985.32,794.82,190.5,2024,8,3
O103313,2024-08-04,P0069,C00287,S011,2,85.27,0.0,170.54,131.72,38.82,2024,8,4
O104243,2024-08-04,P0080,C00842,S011,1,20.59,0.0,20.59,13.94,6.65,2024,8,4
O100741,2024-08-04,P0084,C00559,S003,1,17.53,0.1,15.78,14.11,1.67,2024,8,4
O101884,2024-08-04,P0002,C00056,S012,1,130.95,0.0,130.95,100.06,30.89,2024,8,4
O106079,2024-08-04,P0023,C01088,S011,1,818.22,0.1,736.4,630.15,106.25,2024,8,4
O105371,2024-08-04,P0078,C00586,S003,1,18.31,0.05,17.39,12.84,4.55,2024,8,4
O107164,2024-08-04,P0038,C00063,S004,2,42.19,0.0,84.38,58.62,25.76,2024,8,4
O107340,2024-08-04,P0085,C00623,S010,1,34.17,0.0,34.17,27.5,6.67,2024,8,4
O100103,2024-08-04,P0066,C00514,S004,3,105.53,0.05,300.76,176.31,124.45,2024,8,4
O111647,2024-08-04,P0002,C00252,S008,1,130.95,0.0,130.95,100.06,30.89,2024,8,4
O106096,2024-08-04,P0058,C00722,S009,1,123.22,0.05,117.06,59.47,57.59,2024,8,4
O108545,2024-08-04,P0039,C00067,S005,1,47.6,0.05,45.22,32.53,12.69,2024,8,4
O104094,2024-08-04,P0060,C00201,S001,1,80.71,0.05,76.67,51.25,25.42,2024,8,4
O109146,2024-08-04,P0065,C00431,S006,3,776.21,0.1,2095.77,1156.62,939.15,2024,8,4
O109169,2024-08-04,P0091,C00722,S006,2,35.24,0.0,70.48,37.34,33.14,2024,8,4
O100746,2024-08-04,P0040,C00071,S003,1,25.25,0.05,23.99,16.53,7.46,2024,8,4
O110442,2024-08-04,P0039,C01000,S004,1,47.6,0.0,47.6,32.53,15.07,2024,8,4
O104370,2024-08-04,P0074,C01122,S003,1,106.15,0.0,106.15,69.24,36.91,2024,8,4
O102883,2024-08-04,P0044,C00392,S012,1,136.64,0.0,136.64,115.68,20.96,2024,8,4
O109615,2024-08-04,P0097,C00996,S008,1,8.15,0.05,7.74,5.49,2.25,2024,8,4
O105533,2024-08-04,P0072,C01147,S011,1,149.26,0.0,149.26,69.51,79.75,2024,8,4
O107785,2024-08-04,P0079,C01159,S010,1,120.53,0.05,114.5,93.1,21.4,2024,8,4
O102805,2024-08-05,P0081,C00830,S002,1,143.09,0.15,121.63,110.0,11.63,2024,8,5
O105437,2024-08-05,P0032,C00271,S005,2,62.15,0.2,99.44,90.58,8.86,2024,8,5
O105752,2024-08-05,P0008,C00626,S001,2,22.28,0.0,44.56,22.28,22.28,2024,8,5
O107612,2024-08-05,P0068,C00429,S009,2,100.31,0.0,200.62,162.76,37.86,2024,8,5
O100833,2024-08-05,P0087,C00983,S012,2,463.9,0.1,835.02,507.3,327.72,2024,8,5
O111773,2024-08-05,P0003,C00895,S005,3,44.76,0.0,134.28,99.42,34.86,2024,8,5
O109609,2024-08-05,P0074,C00444,S012,2,106.15,0.1,191.07,138.48,52.59,2024,8,5
O100860,2024-08-05,P0097,C00564,S012,1,8.15,0.05,7.74,5.49,2.25,2024,8,5
O105969,2024-08-05,P0070,C01147,S012,1,27.07,0.2,21.66,14.25,7.41,2024,8,5
O108361,2024-08-05,P0063,C01143,S002,5,112.94,0.0,564.7,453.45,111.25,2024,8,5
O100243,2024-08-05,P0068,C00748,S008,1,100.31,0.0,100.31,81.38,18.93,2024,8,5
O107747,2024-08-05,P0090,C00147,S006,1,575.16,0.0,575.16,375.73,199.43,2024,8,5
O111245,2024-08-05,P0055,C00747,S007,2,24.74,0.0,49.48,34.96,14.52,2024,8,5
O104401,2024-08-05,P0070,C00329,S008,1,27.07,0.1,24.36,14.25,10.11,2024,8,5
O108100,2024-08-05,P0084,C00519,S004,1,17.53,0.15,14.9,14.11,0.79,2024,8,5
O101985,2024-08-05,P0083,C00117,S005,1,85.03,0.05,80.78,44.79,35.99,2024,8,5
O101033,2024-08-05,P0082,C00495,S009,1,28.43,0.0,28.43,21.73,6.7,2024,8,5
O102604,2024-08-05,P0047,C00042,S004,2,125.46,0.1,225.83,119.8,106.03,2024,8,5
O106237,2024-08-05,P0042,C00435,S008,2,9.86,0.0,19.72,12.46,7.26,2024,8,5
O104119,2024-08-05,P0037,C01104,S011,1,61.48,0.0,61.48,48.1,13.38,2024,8,5
O110237,2024-08-05,P0019,C00021,S009,2,138.62,0.0,277.24,136.3,140.94,2024,8,5
O102700,2024-08-06,P0072,C00916,S008,1,149.26,0.1,134.33,69.51,64.82,2024,8,6
O107235,2024-08-06,P0032,C00750,S002,1,62.15,0.05,59.04,45.29,13.75,2024,8,6
O104570,2024-08-06,P0068,C01032,S008,1,100.31,0.0,100.31,81.38,18.93,2024,8,6
O111255,2024-08-06,P0080,C00449,S004,1,20.59,0.0,20.59,13.94,6.65,2024,8,6
O102372,2024-08-06,P0064,C00008,S004,2,12.06,0.0,24.12,10.96,13.16,2024,8,6
O107255,2024-08-06,P0078,C01003,S007,2,18.31,0.2,29.3,25.68,3.62,2024,8,6
O107132,2024-08-06,P0031,C00413,S002,2,104.43,0.0,208.86,128.36,80.5,2024,8,6
O100002,2024-08-06,P0018,C00385,S010,1,34.43,0.05,32.71,26.49,6.22,2024,8,6
O102841,2024-08-06,P0095,C00544,S011,1,118.84,0.0,118.84,78.17,40.67,2024,8,6
O106163,2024-08-06,P0046,C00657,S003,1,69.45,0.0,69.45,42.58,26.87,2024,8,6
O100762,2024-08-06,P0038,C00585,S005,1,42.19,0.05,40.08,29.31,10.77,2024,8,6
O108494,2024-08-06,P0029,C00639,S002,3,93.75,0.0,281.25,206.28,74.97,2024,8,6
O107573,2024-08-06,P0016,C00978,S001,1,547.4,0.0,547.4,397.41,149.99,2024,8,6
O100262,2024-08-06,P0084,C00851,S003,1,17.53,0.05,16.65,14.11,2.54,2024,8,6
O111637,2024-08-06,P0099,C01042,S001,1,5.01,0.1,4.51,2.77,1.74,2024,8,6
O106718,2024-08-07,P0030,C01115,S010,1,41.4,0.05,39.33,25.21,14.12,2024,8,7
O104475,2024-08-07,P0022,C00881,S011,4,42.03,0.0,168.12,120.56,47.56,2024,8,7
O105779,2024-08-07,P0017,C00672,S001,1,25.27,0.05,24.01,17.77,6.24,2024,8,7
O111644,2024-08-07,P0031,C00698,S009,1,104.43,0.0,104.43,64.18,40.25,2024,8,7
O108934,2024-08-07,P0090,C00561,S002,1,575.16,0.05,546.4,375.73,170.67,2024,8,7
O104105,2024-08-07,P0094,C00318,S005,2,21.21,0.0,42.42,24.34,18.08,2024,8,7
O102934,2024-08-07,P0016,C00769,S012,1,547.4,0.0,547.4,397.41,149.99,2024,8,7
O107460,2024-08-07,P0028,C00466,S001,1,453.33,0.0,453.33,253.96,199.37,2024,8,7
O107525,2024-08-07,P0054,C00786,S007,3,42.97,0.1,116.02,87.36,28.66,2024,8,7
O109236,2024-08-07,P0062,C01173,S007,2,39.06,0.0,78.12,35.7,42.42,2024,8,7
O110108,2024-08-07,P0024,C00588,S004,1,722.65,0.1,650.38,423.58,226.8,2024,8,7
O105962,2024-08-07,P0054,C00061,S008,1,42.97,0.05,40.82,29.12,11.7,2024,8,7
O107496,2024-08-07,P0028,C01105,S006,1,453.33,0.0,453.33,253.96,199.37,2024,8,7
O104387,2024-08-07,P0076,C00005,S002,1,301.81,0.1,271.63,247.89,23.74,2024,8,7
O104725,2024-08-07,P0014,C00561,S009,2,13.14,0.1,23.65,12.26,11.39,2024,8,7
O105902,2024-08-07,P0099,C01093,S003,1,5.01,0.0,5.01,2.77,2.24,2024,8,7
O109217,2024-08-07,P0069,C00970,S012,1,85.27,0.05,81.01,65.86,15.15,2024,8,7
O106311,2024-08-07,P0095,C01196,S008,3,118.84,0.0,356.52,234.51,122.01,2024,8,7
O109754,2024-08-08,P0020,C00896,S009,1,30.45,0.0,30.45,20.59,9.86,2024,8,8
O101433,2024-08-08,P0008,C00842,S002,1,22.28,0.0,22.28,11.14,11.14,2024,8,8
O109946,2024-08-08,P0015,C00271,S009,1,36.03,0.05,34.23,18.61,15.62,2024,8,8
O103083,2024-08-08,P0040,C00580,S007,2,25.25,0.0,50.5,33.06,17.44,2024,8,8
O101854,2024-08-08,P0094,C00924,S001,1,21.21,0.0,21.21,12.17,9.04,2024,8,8
O111350,2024-08-08,P0050,C00838,S001,10,9.87,0.1,88.83,47.4,41.43,2024,8,8
O109325,2024-08-08,P0078,C01136,S006,4,18.31,0.0,73.24,51.36,21.88,2024,8,8
O100617,2024-08-08,P0059,C00021,S006,1,10.64,0.2,8.51,7.7,0.81,2024,8,8
O102276,2024-08-08,P0094,C00037,S011,1,21.21,0.0,21.21,12.17,9.04,2024,8,8
O100307,2024-08-08,P0057,C01157,S003,2,157.4,0.1,283.32,263.22,20.1,2024,8,8
O103132,2024-08-08,P0075,C01003,S008,1,10.1,0.0,10.1,7.49,2.61,2024,8,8
O107873,2024-08-08,P0005,C00344,S005,1,15.5,0.0,15.5,12.07,3.43,2024,8,8
O110881,2024-08-08,P0058,C00907,S005,2,123.22,0.0,246.44,118.94,127.5,2024,8,8
O107682,2024-08-08,P0055,C00753,S007,1,24.74,0.0,24.74,17.48,7.26,2024,8,8
O105294,2024-08-08,P0085,C00111,S006,1,34.17,0.05,32.46,27.5,4.96,2024,8,8
O110559,2024-08-08,P0066,C00651,S012,4,105.53,0.0,422.12,235.08,187.04,2024,8,8
O107985,2024-08-08,P0087,C01106,S005,1,463.9,0.0,463.9,253.65,210.25,2024,8,8
O105860,2024-08-08,P0099,C00126,S006,1,5.01,0.15,4.26,2.77,1.49,2024,8,8
O106770,2024-08-08,P0052,C00278,S008,1,97.55,0.0,97.55,61.47,36.08,2024,8,8
O101687,2024-08-08,P0013,C00349,S012,1,45.23,0.0,45.23,24.82,20.41,2024,8,8
O111153,2024-08-08,P0016,C00550,S012,1,547.4,0.0,547.4,397.41,149.99,2024,8,8
O102638,2024-08-08,P0033,C01084,S008,2,47.81,0.0,95.62,62.42,33.2,2024,8,8
O111810,2024-08-09,P0010,C00190,S005,2,14.81,0.15,25.18,24.3,0.88,2024,8,9
O111564,2024-08-09,P0076,C00653,S008,2,301.81,0.0,603.62,495.78,107.84,2024,8,9
O104369,2024-08-09,P0032,C00969,S007,1,62.15,0.0,62.15,45.29,16.86,2024,8,9
O111225,2024-08-09,P0058,C00604,S003,2,123.22,0.0,246.44,118.94,127.5,2024,8,9
O111332,2024-08-09,P0010,C00015,S008,4,14.81,0.0,59.24,48.6,10.64,2024,8,9
O101284,2024-08-09,P0091,C00662,S009,1,35.24,0.15,29.95,18.67,11.28,2024,8,9
O106422,2024-08-09,P0039,C00311,S002,1,47.6,0.0,47.6,32.53,15.07,2024,8,9
O101673,2024-08-09,P0100,C01082,S007,2,142.46,0.0,284.92,182.28,102.64,2024,8,9
O101674,2024-08-09,P0069,C00148,S009,3,85.27,0.0,255.81,197.58,58.23,2024,8,9
O104888,2024-08-09,P0068,C00302,S008,2,100.31,0.05,190.59,162.76,27.83,2024,8,9
O111220,2024-08-09,P0093,C00217,S001,4,13.08,0.0,52.32,36.64,15.68,2024,8,9
O111586,2024-08-09,P0008,C01112,S009,1,22.28,0.1,20.05,11.14,8.91,2024,8,9
O108234,2024-08-09,P0015,C01077,S004,1,36.03,0.0,36.03,18.61,17.42,2024,8,9
O109386,2024-08-09,P0091,C01054,S008,1,35.24,0.15,29.95,18.67,11.28,2024,8,9
O101501,2024-08-09,P0051,C00731,S011,1,32.14,0.0,32.14,16.02,16.12,2024,8,9
O100404,2024-08-09,P0029,C01092,S003,4,93.75,0.0,375.0,275.04,99.96,2024,8,9
O104067,2024-08-10,P0032,C00165,S007,2,62.15,0.1,111.87,90.58,21.29,2024,8,10
O107025,2024-08-10,P0034,C00598,S004,1,84.19,0.05,79.98,69.04,10.94,2024,8,10
O107939,2024-08-10,P0038,C00462,S007,2,42.19,0.0,84.38,58.62,25.76,2024,8,10
O106415,2024-08-10,P0016,C00787,S002,2,547.4,0.0,1094.8,794.82,299.98,2024,8,10
O101551,2024-08-10,P0027,C00776,S007,2,55.97,0.0,111.94,59.14,52.8,2024,8,10
O107358,2024-08-10,P0036,C00421,S012,2,15.34,0.0,30.68,16.58,14.1,2024,8,10
O111502,2024-08-10,P0040,C01071,S003,1,25.25,0.1,22.72,16.53,6.19,2024,8,10
O103330,2024-08-10,P0099,C01018,S002,4,5.01,0.05,19.04,11.08,7.96,2024,8,10
O108687,2024-08-10,P0096,C00399,S005,1,63.84,0.0,63.84,35.05,28.79,2024,8,10
O107289,2024-08-10,P0095,C00940,S001,1,118.84,0.0,118.84,78.17,40.67,2024,8,10
O100750,2024-08-10,P0010,C00941,S007,5,14.81,0.15,62.94,60.75,2.19,2024,8,10
O111210,2024-08-10,P0018,C00304,S012,3,34.43,0.1,92.96,79.47,13.49,2024,8,10
O105789,2024-08-10,P0086,C00002,S012,1,310.61,0.1,279.55,159.69,119.86,2024,8,10
O109073,2024-08-10,P0100,C01035,S003,1,142.46,0.0,142.46,91.14,51.32,2024,8,10
O109433,2024-08-10,P0072,C00378,S001,1,149.26,0.0,149.26,69.51,79.75,2024,8,10
O106487,2024-08-10,P0054,C00105,S006,1,42.97,0.15,36.52,29.12,7.4,2024,8,10
O111736,2024-08-11,P0011,C00674,S012,1,713.82,0.0,713.82,451.83,261.99,2024,8,11
O110314,2024-08-11,P0054,C01059,S007,5,42.97,0.0,214.85,145.6,69.25,2024,8,11
O105655,2024-08-11,P0027,C00602,S001,2,55.97,0.05,106.34,59.14,47.2,2024,8,11
O106474,2024-08-11,P0080,C00027,S007,3,20.59,0.15,52.5,41.82,10.68,2024,8,11
O107794,2024-08-11,P0095,C00534,S012,4,118.84,0.0,475.36,312.68,162.68,2024,8,11
O100815,2024-08-11,P0071,C01174,S003,2,9.68,0.0,19.36,14.76,4.6,2024,8,11
O101724,2024-08-11,P0087,C00481,S003,5,463.9,0.0,2319.5,1268.25,1051.25,2024,8,11
O106533,2024-08-11,P0073,C00409,S011,1,36.7,0.0,36.7,18.22,18.48,2024,8,11
O104525,2024-08-11,P0002,C00897,S012,2,130.95,0.05,248.8,200.12,48.68,2024,8,11
O104686,2024-08-11,P0030,C01142,S002,4,41.4,0.0,165.6,100.84,64.76,2024,8,11
O106512,2024-08-11,P0058,C00223,S003,1,123.22,0.05,117.06,59.47,57.59,2024,8,11
O107210,2024-08-11,P0002,C00773,S010,1,130.95,0.0,130.95,100.06,30.89,2024,8,11
O111065,2024-08-11,P0073,C01134,S002,2,36.7,0.0,73.4,36.44,36.96,2024,8,11
O107419,2024-08-11,P0006,C00067,S002,10,74.01,0.0,740.1,430.8,309.3,2024,8,11
O110429,2024-08-11,P0037,C01141,S011,1,61.48,0.1,55.33,48.1,7.23,2024,8,11
O111828,2024-08-12,P0076,C00910,S007,1,301.81,0.1,271.63,247.89,23.74,2024,8,12
O110545,2024-08-12,P0003,C00381,S008,1,44.76,0.0,44.76,33.14,11.62,2024,8,12
O108046,2024-08-12,P0050,C00424,S003,2,9.87,0.0,19.74,9.48,10.26,2024,8,12
O106504,2024-08-12,P0084,C01001,S004,2,17.53,0.1,31.55,28.22,3.33,2024,8,12
O108700,2024-08-12,P0034,C00795,S007,4,84.19,0.0,336.76,276.16,60.6,2024,8,12
O104590,2024-08-12,P0070,C00528,S008,3,27.07,0.1,73.09,42.75,30.34,2024,8,12
O105186,2024-08-12,P0046,C00792,S002,1,69.45,0.05,65.98,42.58,23.4,2024,8,12
O104542,2024-08-12,P0081,C00129,S002,1,143.09,0.05,135.94,110.0,25.94,2024,8,12
O103359,2024-08-12,P0058,C01043,S010,3,123.22,0.0,369.66,178.41,191.25,2024,8,12
O107172,2024-08-12,P0012,C00700,S011,1,88.36,0.0,88.36,62.9,25.46,2024,8,12
O101478,2024-08-12,P0098,C00624,S012,4,37.83,0.0,151.32,116.0,35.32,2024,8,12
O107009,2024-08-12,P0098,C01109,S004,1,37.83,0.0,37.83,29.0,8.83,2024,8,12
O103569,2024-08-12,P0073,C00811,S010,2,36.7,0.0,73.4,36.44,36.96,2024,8,12
O110933,2024-08-12,P0097,C00749,S004,1,8.15,0.05,7.74,5.49,2.25,2024,8,12
O105500,2024-08-12,P0014,C01102,S002,10,13.14,0.0,131.4,61.3,70.1,2024,8,12
O111804,2024-08-12,P0093,C00113,S002,1,13.08,0.0,13.08,9.16,3.92,2024,8,12
O101919,2024-08-12,P0054,C00183,S011,5,42.97,0.0,214.85,145.6,69.25,2024,8,12
O100837,2024-08-12,P0065,C00141,S012,1,776.21,0.0,776.21,385.54,390.67,2024,8,12
O104144,2024-08-12,P0099,C00434,S001,4,5.01,0.1,18.04,11.08,6.96,2024,8,12
O104014,2024-08-12,P0026,C00221,S005,1,325.3,0.0,325.3,181.38,143.92,2024,8,12
O101614,2024-08-12,P0013,C00662,S004,2,45.23,0.15,76.89,49.64,27.25,2024,8,12
O103111,2024-08-13,P0071,C01100,S006,1,9.68,0.0,9.68,7.38,2.3,2024,8,13
O111744,2024-08-13,P0010,C01131,S007,2,14.81,0.0,29.62,24.3,5.32,2024,8,13
O106535,2024-08-13,P0055,C00423,S006,1,24.74,0.0,24.74,17.48,7.26,2024,8,13
O111873,2024-08-13,P0081,C01092,S001,1,143.09,0.0,143.09,110.0,33.09,2024,8,13
O102981,2024-08-13,P0023,C00019,S006,3,818.22,0.0,2454.66,1890.45,564.21,2024,8,13
O102790,2024-08-13,P0029,C00632,S005,10,93.75,0.0,937.5,687.6,249.9,2024,8,13
O104981,2024-08-13,P0034,C00508,S002,1,84.19,0.05,79.98,69.04,10.94,2024,8,13
O108720,2024-08-13,P0053,C01173,S004,1,51.37,0.05,48.8,32.27,16.53,2024,8,13
O101506,2024-08-13,P0043,C00579,S009,1,11.09,0.0,11.09,5.81,5.28,2024,8,13
O110815,2024-08-13,P0089,C00427,S009,1,39.28,0.0,39.28,18.15,21.13,2024,8,13
O108604,2024-08-13,P0084,C00612,S004,2,17.53,0.0,35.06,28.22,6.84,2024,8,13
O101150,2024-08-13,P0005,C00495,S002,1,15.5,0.0,15.5,12.07,3.43,2024,8,13
O103354,2024-08-13,P0057,C00194,S004,1,157.4,0.0,157.4,131.61,25.79,2024,8,13
O109639,2024-08-13,P0089,C00331,S011,1,39.28,0.0,39.28,18.15,21.13,2024,8,13
O110760,2024-08-13,P0084,C00399,S007,1,17.53,0.05,16.65,14.11,2.54,2024,8,13
O110294,2024-08-13,P0014,C00120,S010,1,13.14,0.0,13.14,6.13,7.01,2024,8,13
O101751,2024-08-13,P0038,C00923,S002,2,42.19,0.0,84.38,58.62,25.76,2024,8,13
O110184,2024-08-13,P0095,C00890,S004,1,118.84,0.2,95.07,78.17,16.9,2024,8,13
O110255,2024-08-13,P0096,C00455,S004,2,63.84,0.0,127.68,70.1,57.58,2024,8,13
O106746,2024-08-14,P0099,C00893,S006,2,5.01,0.0,10.02,5.54,4.48,2024,8,14
O109466,2024-08-14,P0040,C01142,S010,1,25.25,0.0,25.25,16.53,8.72,2024,8,14
O103684,2024-08-14,P0015,C00014,S008,3,36.03,0.15,91.88,55.83,36.05,2024,8,14
O106776,2024-08-14,P0082,C00703,S003,1,28.43,0.0,28.43,21.73,6.7,2024,8,14
O105996,2024-08-14,P0019,C00490,S003,4,138.62,0.05,526.76,272.6,254.16,2024,8,14
O110197,2024-08-14,P0028,C01156,S001,2,453.33,0.2,725.33,507.92,217.41,2024,8,14
O103445,2024-08-14,P0031,C01065,S003,2,104.43,0.15,177.53,128.36,49.17,2024,8,14
O102512,2024-08-14,P0003,C00675,S001,1,44.76,0.0,44.76,33.14,11.62,2024,8,14
O108227,2024-08-14,P0035,C00600,S004,1,21.89,0.0,21.89,12.25,9.64,2024,8,14
O101601,2024-08-14,P0086,C01049,S007,1,310.61,0.2,248.49,159.69,88.8,2024,8,14
O100722,2024-08-14,P0089,C00166,S001,1,39.28,0.1,35.35,18.15,17.2,2024,8,14
O103093,2024-08-14,P0008,C01194,S001,2,22.28,0.0,44.56,22.28,22.28,2024,8,14
O103507,2024-08-14,P0019,C01196,S004,1,138.62,0.0,138.62,68.15,70.47,2024,8,14
O105006,2024-08-14,P0097,C00189,S002,1,8.15,0.1,7.34,5.49,1.85,2024,8,14
O102549,2024-08-14,P0059,C00399,S004,1,10.64,0.0,10.64,7.7,2.94,2024,8,14
O105521,2024-08-14,P0017,C00285,S001,1,25.27,0.2,20.22,17.77,2.45,2024,8,14
O100465,2024-08-15,P0027,C00266,S008,1,55.97,0.0,55.97,29.57,26.4,2024,8,15
O100346,2024-08-15,P0084,C00119,S011,1,17.53,0.1,15.78,14.11,1.67,2024,8,15
O110274,2024-08-15,P0047,C00824,S005,4,125.46,0.15,426.56,239.6,186.96,2024,8,15
O107192,2024-08-15,P0045,C00616,S002,1,131.19,0.1,118.07,106.88,11.19,2024,8,15
O102942,2024-08-15,P0025,C00563,S007,1,18.6,0.05,17.67,14.09,3.58,2024,8,15
O102965,2024-08-15,P0040,C01150,S012,3,25.25,0.0,75.75,49.59,26.16,2024,8,15
O101253,2024-08-15,P0093,C00944,S009,3,13.08,0.05,37.28,27.48,9.8,2024,8,15
O103795,2024-08-15,P0003,C01104,S010,2,44.76,0.05,85.04,66.28,18.76,2024,8,15
O105423,2024-08-15,P0073,C00985,S011,3,36.7,0.1,99.09,54.66,44.43,2024,8,15
O111518,2024-08-15,P0061,C00407,S003,2,86.94,0.0,173.88,92.8,81.08,2024,8,15
O106585,2024-08-15,P0097,C00225,S006,1,8.15,0.0,8.15,5.49,2.66,2024,8,15
O104672,2024-08-16,P0090,C01180,S009,2,575.16,0.0,1150.32,751.46,398.86,2024,8,16
O109958,2024-08-16,P0019,C00186,S010,1,138.62,0.15,117.83,68.15,49.68,2024,8,16
O103158,2024-08-16,P0032,C00665,S005,3,62.15,0.0,186.45,135.87,50.58,2024,8,16
O109258,2024-08-16,P0034,C00653,S012,1,84.19,0.05,79.98,69.04,10.94,2024,8,16
O100690,2024-08-16,P0089,C00563,S010,1,39.28,0.0,39.28,18.15,21.13,2024,8,16
O100017,2024-08-16,P0070,C00442,S008,1,27.07,0.0,27.07,14.25,12.82,2024,8,16
O109836,2024-08-16,P0009,C00105,S010,1,8.02,0.1,7.22,6.09,1.13,2024,8,16
O104449,2024-08-16,P0047,C00589,S009,2,125.46,0.0,250.92,119.8,131.12,2024,8,16
O108579,2024-08-16,P0046,C01051,S012,4,69.45,0.1,250.02,170.32,79.7,2024,8,16
O106754,2024-08-16,P0010,C01071,S011,1,14.81,0.0,14.81,12.15,2.66,2024,8,16
O106049,2024-08-16,P0007,C00862,S010,10,99.07,0.05,941.16,747.1,194.06,2024,8,16
O103712,2024-08-16,P0072,C00655,S006,1,149.26,0.05,141.8,69.51,72.29,2024,8,16
O104420,2024-08-16,P0075,C00354,S012,5,10.1,0.0,50.5,37.45,13.05,2024,8,16
O111242,2024-08-16,P0007,C00929,S007,1,99.07,0.0,99.07,74.71,24.36,2024,8,16
O104024,2024-08-17,P0066,C01128,S002,4,105.53,0.05,401.01,235.08,165.93,2024,8,17
O101594,2024-08-17,P0084,C00395,S007,1,17.53,0.05,16.65,14.11,2.54,2024,8,17
O110663,2024-08-17,P0005,C00423,S012,1,15.5,0.0,15.5,12.07,3.43,2024,8,17
O107014,2024-08-17,P0056,C00567,S006,3,20.73,0.0,62.19,50.25,11.94,2024,8,17
O111205,2024-08-17,P0045,C01116,S003,1,131.19,0.1,118.07,106.88,11.19,2024,8,17
O105946,2024-08-17,P0079,C00120,S010,2,120.53,0.0,241.06,186.2,54.86,2024,8,17
O107169,2024-08-17,P0085,C00121,S006,2,34.17,0.0,68.34,55.0,13.34,2024,8,17
O110297,2024-08-17,P0021,C00350,S011,2,25.8,0.0,51.6,25.14,26.46,2024,8,17
O102546,2024-08-17,P0020,C00897,S005,2,30.45,0.0,60.9,41.18,19.72,2024,8,17
O109986,2024-08-17,P0004,C00271,S007,3,29.55,0.0,88.65,43.44,45.21,2024,8,17
O103841,2024-08-17,P0087,C00063,S007,2,463.9,0.0,927.8,507.3,420.5,2024,8,17
O103967,2024-08-17,P0096,C00470,S010,1,63.84,0.1,57.46,35.05,22.41,2024,8,17
O108651,2024-08-17,P0047,C00002,S010,1,125.46,0.1,112.91,59.9,53.01,2024,8,17
O102591,2024-08-18,P0012,C01002,S008,1,88.36,0.0,88.36,62.9,25.46,2024,8,18
O109127,2024-08-18,P0011,C00694,S011,1,713.82,0.0,713.82,451.83,261.99,2024,8,18
O111885,2024-08-18,P0036,C00279,S007,2,15.34,0.0,30.68,16.58,14.1,2024,8,18
O108449,2024-08-18,P0047,C00358,S002,1,125.46,0.15,106.64,59.9,46.74,2024,8,18
O102355,2024-08-18,P0071,C00938,S002,1,9.68,0.05,9.2,7.38,1.82,2024,8,18
O110650,2024-08-18,P0059,C01016,S006,4,10.64,0.05,40.43,30.8,9.63,2024,8,18
O107100,2024-08-18,P0008,C01193,S008,1,22.28,0.0,22.28,11.14,11.14,2024,8,18
O100601,2024-08-18,P0004,C01068,S006,1,29.55,0.05,28.07,14.48,13.59,2024,8,18
O104509,2024-08-18,P0051,C00124,S004,1,32.14,0.0,32.14,16.02,16.12,2024,8,18
O103039,2024-08-18,P0084,C00588,S009,1,17.53,0.0,17.53,14.11,3.42,2024,8,18
O106214,2024-08-18,P0047,C00235,S011,1,125.46,0.0,125.46,59.9,65.56,2024,8,18
O106239,2024-08-18,P0025,C00759,S005,1,18.6,0.1,16.74,14.09,2.65,2024,8,18
O101352,2024-08-19,P0025,C01152,S005,2,18.6,0.15,31.62,28.18,3.44,2024,8,19
O110543,2024-08-19,P0044,C00331,S010,1,136.64,0.05,129.81,115.68,14.13,2024,8,19
O110186,2024-08-19,P0062,C00987,S008,1,39.06,0.0,39.06,17.85,21.21,2024,8,19
O104156,2024-08-19,P0002,C00977,S002,4,130.95,0.05,497.61,400.24,97.37,2024,8,19
O108443,2024-08-19,P0086,C00645,S012,2,310.61,0.15,528.04,319.38,208.66,2024,8,19
O111412,2024-08-19,P0006,C00039,S007,1,74.01,0.0,74.01,43.08,30.93,2024,8,19
O108948,2024-08-19,P0051,C00612,S002,1,32.14,0.1,28.93,16.02,12.91,2024,8,19
O111215,2024-08-19,P0065,C00129,S003,1,776.21,0.0,776.21,385.54,390.67,2024,8,19
O104083,2024-08-19,P0093,C00098,S006,2,13.08,0.0,26.16,18.32,7.84,2024,8,19
O107995,2024-08-19,P0087,C00965,S008,1,463.9,0.2,371.12,253.65,117.47,2024,8,19
O104514,2024-08-19,P0095,C00345,S002,1,118.84,0.0,118.84,78.17,40.67,2024,8,19
O109762,2024-08-19,P0079,C00425,S007,1,120.53,0.0,120.53,93.1,27.43,2024,8,19
O106116,2024-08-20,P0008,C00281,S010,4,22.28,0.0,89.12,44.56,44.56,2024,8,20
O100604,2024-08-20,P0063,C00587,S003,1,112.94,0.0,112.94,90.69,22.25,2024,8,20
O107828,2024-08-20,P0035,C00034,S002,4,21.89,0.0,87.56,49.0,38.56,2024,8,20
O103430,2024-08-20,P0044,C01011,S007,4,136.64,0.0,546.56,462.72,83.84,2024,8,20
O104811,2024-08-20,P0037,C00534,S010,1,61.48,0.0,61.48,48.1,13.38,2024,8,20
O103254,2024-08-20,P0043,C00275,S008,1,11.09,0.05,10.54,5.81,4.73,2024,8,20
O109166,2024-08-20,P0093,C00077,S006,1,13.08,0.0,13.08,9.16,3.92,2024,8,20
O108884,2024-08-20,P0042,C00781,S007,2,9.86,0.0,19.72,12.46,7.26,2024,8,20
O100427,2024-08-20,P0060,C00338,S004,1,80.71,0.0,80.71,51.25,29.46,2024,8,20
O103630,2024-08-20,P0078,C01078,S009,1,18.31,0.0,18.31,12.84,5.47,2024,8,20
O102339,2024-08-20,P0066,C00126,S004,1,105.53,0.0,105.53,58.77,46.76,2024,8,20
O111961,2024-08-20,P0074,C00655,S006,4,106.15,0.0,424.6,276.96,147.64,2024,8,20
O100630,2024-08-20,P0082,C00461,S011,1,28.43,0.1,25.59,21.73,3.86,2024,8,20
O104576,2024-08-21,P0011,C00910,S003,1,713.82,0.0,713.82,451.83,261.99,2024,8,21
O100421,2024-08-21,P0064,C00251,S007,1,12.06,0.0,12.06,5.48,6.58,2024,8,21
O105879,2024-08-21,P0021,C00598,S003,1,25.8,0.05,24.51,12.57,11.94,2024,8,21
O106119,2024-08-21,P0005,C00753,S005,1,15.5,0.1,13.95,12.07,1.88,2024,8,21
O106525,2024-08-21,P0068,C00312,S007,5,100.31,0.2,401.24,406.9,-5.66,2024,8,21
O107872,2024-08-21,P0060,C00225,S004,2,80.71,0.0,161.42,102.5,58.92,2024,8,21
O109225,2024-08-21,P0080,C01071,S011,1,20.59,0.15,17.5,13.94,3.56,2024,8,21
O103874,2024-08-21,P0007,C00348,S006,1,99.07,0.05,94.12,74.71,19.41,2024,8,21
O103436,2024-08-21,P0076,C00014,S009,2,301.81,0.0,603.62,495.78,107.84,2024,8,21
O100574,2024-08-21,P0035,C00210,S006,1,21.89,0.15,18.61,12.25,6.36,2024,8,21
O104026,2024-08-21,P0030,C00816,S010,1,41.4,0.05,39.33,25.21,14.12,2024,8,21
O105159,2024-08-21,P0098,C00921,S002,1,37.83,0.0,37.83,29.0,8.83,2024,8,21
O102201,2024-08-21,P0042,C00091,S008,2,9.86,0.0,19.72,12.46,7.26,2024,8,21
O101705,2024-08-21,P0066,C00468,S010,2,105.53,0.05,200.51,117.54,82.97,2024,8,21
O100137,2024-08-22,P0059,C00550,S002,2,10.64,0.0,21.28,15.4,5.88,2024,8,22
O110728,2024-08-22,P0016,C00444,S002,1,547.4,0.0,547.4,397.41,149.99,2024,8,22
O101056,2024-08-22,P0043,C00445,S007,1,11.09,0.0,11.09,5.81,5.28,2024,8,22
O106947,2024-08-22,P0093,C00987,S008,1,13.08,0.0,13.08,9.16,3.92,2024,8,22
O110623,2024-08-22,P0022,C00734,S001,2,42.03,0.0,84.06,60.28,23.78,2024,8,22
O108969,2024-08-22,P0058,C00094,S006,1,123.22,0.0,123.22,59.47,63.75,2024,8,22
O106909,2024-08-22,P0018,C00798,S008,1,34.43,0.1,30.99,26.49,4.5,2024,8,22
O109346,2024-08-22,P0055,C00418,S011,1,24.74,0.0,24.74,17.48,7.26,2024,8,22
O108851,2024-08-22,P0094,C00719,S005,1,21.21,0.05,20.15,12.17,7.98,2024,8,22
O103772,2024-08-22,P0062,C00652,S007,1,39.06,0.05,37.11,17.85,19.26,2024,8,22
O106985,2024-08-22,P0084,C00801,S011,1,17.53,0.15,14.9,14.11,0.79,2024,8,22
O109574,2024-08-22,P0058,C00168,S012,1,123.22,0.05,117.06,59.47,57.59,2024,8,22
O100506,2024-08-22,P0047,C00224,S005,1,125.46,0.1,112.91,59.9,53.01,2024,8,22
O101341,2024-08-22,P0099,C01109,S009,1,5.01,0.15,4.26,2.77,1.49,2024,8,22
O105433,2024-08-22,P0037,C00237,S002,1,61.48,0.0,61.48,48.1,13.38,2024,8,22
O106213,2024-08-22,P0092,C00619,S012,1,41.48,0.1,37.33,25.41,11.92,2024,8,22
O110454,2024-08-23,P0086,C00953,S005,1,310.61,0.0,310.61,159.69,150.92,2024,8,23
O111077,2024-08-23,P0047,C00643,S006,2,125.46,0.05,238.37,119.8,118.57,2024,8,23
O100439,2024-08-23,P0045,C00555,S008,1,131.19,0.0,131.19,106.88,24.31,2024,8,23
O100095,2024-08-23,P0096,C00201,S006,1,63.84,0.1,57.46,35.05,22.41,2024,8,23
O108333,2024-08-23,P0076,C00423,S005,3,301.81,0.05,860.16,743.67,116.49,2024,8,23
O106393,2024-08-23,P0069,C00276,S009,1,85.27,0.0,85.27,65.86,19.41,2024,8,23
O105599,2024-08-23,P0098,C00194,S008,2,37.83,0.0,75.66,58.0,17.66,2024,8,23
O103282,2024-08-23,P0057,C00544,S009,1,157.4,0.0,157.4,131.61,25.79,2024,8,23
O107868,2024-08-23,P0053,C00196,S005,2,51.37,0.0,102.74,64.54,38.2,2024,8,23
O102733,2024-08-23,P0009,C00494,S005,2,8.02,0.0,16.04,12.18,3.86,2024,8,23
O104777,2024-08-23,P0047,C00123,S010,1,125.46,0.15,106.64,59.9,46.74,2024,8,23
O110090,2024-08-23,P0008,C00131,S006,1,22.28,0.05,21.17,11.14,10.03,2024,8,23
O100073,2024-08-23,P0089,C00556,S002,1,39.28,0.0,39.28,18.15,21.13,2024,8,23
O105336,2024-08-23,P0002,C00486,S012,1,130.95,0.0,130.95,100.06,30.89,2024,8,23
O102210,2024-08-23,P0027,C00829,S004,1,55.97,0.05,53.17,29.57,23.6,2024,8,23
O107261,2024-08-23,P0051,C00884,S001,1,32.14,0.15,27.32,16.02,11.3,2024,8,23
O105271,2024-08-23,P0017,C00765,S008,1,25.27,0.05,24.01,17.77,6.24,2024,8,23
O101278,2024-08-23,P0046,C00296,S002,1,69.45,0.0,69.45,42.58,26.87,2024,8,23
O105467,2024-08-23,P0042,C00917,S005,1,9.86,0.0,9.86,6.23,3.63,2024,8,23
O101672,2024-08-23,P0050,C00118,S009,4,9.87,0.0,39.48,18.96,20.52,2024,8,23
O111025,2024-08-23,P0047,C00797,S001,2,125.46,0.05,238.37,119.8,118.57,2024,8,23
O101264,2024-08-23,P0028,C00851,S012,2,453.33,0.15,770.66,507.92,262.74,2024,8,23
O110378,2024-08-23,P0062,C00434,S002,3,39.06,0.15,99.6,53.55,46.05,2024,8,23
O100562,2024-08-24,P0099,C01136,S007,2,5.01,0.0,10.02,5.54,4.48,2024,8,24
O111360,2024-08-24,P0056,C00449,S005,1,20.73,0.15,17.62,16.75,0.87,2024,8,24
O105182,2024-08-24,P0033,C00140,S010,2,47.81,0.0,95.62,62.42,33.2,2024,8,24
O108797,2024-08-24,P0049,C00836,S002,2,366.28,0.0,732.56,345.42,387.14,2024,8,24
O109846,2024-08-24,P0025,C00601,S002,1,18.6,0.2,14.88,14.09,0.79,2024,8,24
O107459,2024-08-24,P0100,C00819,S010,1,142.46,0.15,121.09,91.14,29.95,2024,8,24
O101063,2024-08-24,P0034,C01041,S001,1,84.19,0.0,84.19,69.04,15.15,2024,8,24
O100739,2024-08-24,P0021,C00897,S008,1,25.8,0.05,24.51,12.57,11.94,2024,8,24
O107268,2024-08-24,P0055,C00358,S008,1,24.74,0.05,23.5,17.48,6.02,2024,8,24
O108114,2024-08-24,P0041,C00969,S011,1,246.7,0.05,234.36,134.73,99.63,2024,8,24
O100704,2024-08-24,P0028,C00418,S010,1,453.33,0.0,453.33,253.96,199.37,2024,8,24
O110508,2024-08-24,P0094,C00689,S003,1,21.21,0.0,21.21,12.17,9.04,2024,8,24
O100817,2024-08-24,P0062,C00397,S001,1,39.06,0.15,33.2,17.85,15.35,2024,8,24
O106132,2024-08-24,P0041,C00258,S005,5,246.7,0.05,1171.82,673.65,498.17,2024,8,24
O103255,2024-08-24,P0031,C00909,S007,1,104.43,0.0,104.43,64.18,40.25,2024,8,24
O110970,2024-08-24,P0031,C00429,S012,1,104.43,0.0,104.43,64.18,40.25,2024,8,24
O109824,2024-08-24,P0090,C00623,S012,3,575.16,0.0,1725.48,1127.19,598.29,2024,8,24
O102730,2024-08-24,P0041,C00442,S011,1,246.7,0.0,246.7,134.73,111.97,2024,8,24
O100394,2024-08-24,P0082,C00546,S005,1,28.43,0.05,27.01,21.73,5.28,2024,8,24
O104965,2024-08-25,P0005,C00661,S005,5,15.5,0.0,77.5,60.35,17.15,2024,8,25
O105473,2024-08-25,P0039,C00110,S010,1,47.6,0.0,47.6,32.53,15.07,2024,8,25
O110513,2024-08-25,P0052,C00743,S003,1,97.55,0.0,97.55,61.47,36.08,2024,8,25
O108093,2024-08-25,P0018,C00467,S004,1,34.43,0.15,29.27,26.49,2.78,2024,8,25
O111981,2024-08-25,P0017,C00531,S001,1,25.27,0.1,22.74,17.77,4.97,2024,8,25
O111591,2024-08-25,P0025,C00035,S002,1,18.6,0.0,18.6,14.09,4.51,2024,8,25
O103947,2024-08-25,P0084,C00871,S007,1,17.53,0.1,15.78,14.11,1.67,2024,8,25
O104322,2024-08-25,P0033,C00162,S009,1,47.81,0.0,47.81,31.21,16.6,2024,8,25
O110217,2024-08-25,P0017,C00581,S010,1,25.27,0.0,25.27,17.77,7.5,2024,8,25
O104023,2024-08-25,P0072,C00569,S002,1,149.26,0.1,134.33,69.51,64.82,2024,8,25
O105832,2024-08-25,P0024,C00434,S007,2,722.65,0.05,1373.04,847.16,525.88,2024,8,25
O109713,2024-08-25,P0008,C00001,S003,1,22.28,0.05,21.17,11.14,10.03,2024,8,25
O104238,2024-08-25,P0038,C00341,S008,1,42.19,0.0,42.19,29.31,12.88,2024,8,25
O101848,2024-08-25,P0036,C01161,S009,1,15.34,0.2,12.27,8.29,3.98,2024,8,25
O104661,2024-08-25,P0021,C00332,S008,1,25.8,0.0,25.8,12.57,13.23,2024,8,25
O101209,2024-08-25,P0096,C00628,S012,2,63.84,0.15,108.53,70.1,38.43,2024,8,25
O100257,2024-08-25,P0066,C00148,S009,4,105.53,0.0,422.12,235.08,187.04,2024,8,25
O106245,2024-08-26,P0041,C01161,S006,1,246.7,0.0,246.7,134.73,111.97,2024,8,26
O102193,2024-08-26,P0012,C00379,S006,2,88.36,0.0,176.72,125.8,50.92,2024,8,26
O109066,2024-08-26,P0013,C00111,S003,3,45.23,0.0,135.69,74.46,61.23,2024,8,26
O106413,2024-08-26,P0075,C00158,S009,2,10.1,0.05,19.19,14.98,4.21,2024,8,26
O109650,2024-08-26,P0009,C00658,S008,3,8.02,0.0,24.06,18.27,5.79,2024,8,26
O111554,2024-08-26,P0004,C00914,S005,3,29.55,0.0,88.65,43.44,45.21,2024,8,26
O111831,2024-08-26,P0006,C00518,S008,1,74.01,0.1,66.61,43.08,23.53,2024,8,26
O103706,2024-08-26,P0027,C00127,S012,2,55.97,0.0,111.94,59.14,52.8,2024,8,26
O108776,2024-08-26,P0097,C01125,S011,1,8.15,0.0,8.15,5.49,2.66,2024,8,26
O109939,2024-08-26,P0017,C01173,S011,1,25.27,0.0,25.27,17.77,7.5,2024,8,26
O100024,2024-08-26,P0048,C01018,S012,1,113.33,0.05,107.66,82.55,25.11,2024,8,26
O104645,2024-08-26,P0062,C00959,S008,4,39.06,0.0,156.24,71.4,84.84,2024,8,26
O108439,2024-08-26,P0051,C01111,S009,1,32.14,0.15,27.32,16.02,11.3,2024,8,26
O106232,2024-08-26,P0007,C00958,S008,1,99.07,0.05,94.12,74.71,19.41,2024,8,26
O107377,2024-08-27,P0029,C00226,S004,2,93.75,0.1,168.75,137.52,31.23,2024,8,27
O101522,2024-08-27,P0045,C01181,S011,1,131.19,0.0,131.19,106.88,24.31,2024,8,27
O103480,2024-08-27,P0095,C00411,S001,1,118.84,0.15,101.01,78.17,22.84,2024,8,27
O101510,2024-08-27,P0006,C00112,S007,2,74.01,0.05,140.62,86.16,54.46,2024,8,27
O109498,2024-08-27,P0014,C00382,S011,1,13.14,0.0,13.14,6.13,7.01,2024,8,27
O111653,2024-08-27,P0062,C00747,S004,1,39.06,0.15,33.2,17.85,15.35,2024,8,27
O111321,2024-08-27,P0010,C00363,S008,2,14.81,0.0,29.62,24.3,5.32,2024,8,27
O106580,2024-08-27,P0060,C01121,S001,4,80.71,0.1,290.56,205.0,85.56,2024,8,27
O110272,2024-08-27,P0038,C00732,S007,1,42.19,0.05,40.08,29.31,10.77,2024,8,27
O105692,2024-08-27,P0077,C01075,S011,4,130.07,0.0,520.28,430.6,89.68,2024,8,27
O106743,2024-08-27,P0077,C00946,S009,1,130.07,0.0,130.07,107.65,22.42,2024,8,27
O110289,2024-08-27,P0026,C00507,S007,1,325.3,0.0,325.3,181.38,143.92,2024,8,27
O107905,2024-08-27,P0039,C00034,S012,1,47.6,0.0,47.6,32.53,15.07,2024,8,27
O109922,2024-08-27,P0017,C00828,S012,1,25.27,0.0,25.27,17.77,7.5,2024,8,27
O107006,2024-08-27,P0088,C00948,S005,1,5.57,0.0,5.57,4.31,1.26,2024,8,27
O106988,2024-08-28,P0098,C00819,S009,3,37.83,0.0,113.49,87.0,26.49,2024,8,28
O109667,2024-08-28,P0068,C00619,S011,1,100.31,0.05,95.29,81.38,13.91,2024,8,28
O107410,2024-08-28,P0007,C00707,S008,2,99.07,0.0,198.14,149.42,48.72,2024,8,28
O101775,2024-08-28,P0034,C00168,S005,2,84.19,0.0,168.38,138.08,30.3,2024,8,28
O105383,2024-08-28,P0013,C01122,S006,1,45.23,0.0,45.23,24.82,20.41,2024,8,28
O110229,2024-08-28,P0063,C00185,S011,1,112.94,0.0,112.94,90.69,22.25,2024,8,28
O109929,2024-08-28,P0099,C00521,S009,1,5.01,0.0,5.01,2.77,2.24,2024,8,28
O104628,2024-08-28,P0044,C01150,S002,1,136.64,0.05,129.81,115.68,14.13,2024,8,28
O103351,2024-08-28,P0073,C00882,S005,3,36.7,0.0,110.1,54.66,55.44,2024,8,28
O109949,2024-08-28,P0082,C00999,S002,2,28.43,0.1,51.17,43.46,7.71,2024,8,28
O111935,2024-08-28,P0071,C00846,S005,2,9.68,0.0,19.36,14.76,4.6,2024,8,28
O110622,2024-08-28,P0039,C00842,S011,1,47.6,0.1,42.84,32.53,10.31,2024,8,28
O104353,2024-08-28,P0027,C00539,S005,5,55.97,0.05,265.86,147.85,118.01,2024,8,28
O102119,2024-08-28,P0098,C00796,S001,1,37.83,0.15,32.16,29.0,3.16,2024,8,28
O104501,2024-08-28,P0045,C00526,S005,3,131.19,0.0,393.57,320.64,72.93,2024,8,28
O107216,2024-08-28,P0057,C00302,S001,2,157.4,0.0,314.8,263.22,51.58,2024,8,28
O106899,2024-08-28,P0017,C01136,S005,2,25.27,0.1,45.49,35.54,9.95,2024,8,28
O102278,2024-08-29,P0002,C00448,S009,2,130.95,0.0,261.9,200.12,61.78,2024,8,29
O101872,2024-08-29,P0090,C00423,S009,1,575.16,0.0,575.16,375.73,199.43,2024,8,29
O101132,2024-08-29,P0056,C01086,S010,2,20.73,0.0,41.46,33.5,7.96,2024,8,29
O108059,2024-08-29,P0097,C01132,S012,1,8.15,0.0,8.15,5.49,2.66,2024,8,29
O100326,2024-08-29,P0018,C00195,S009,4,34.43,0.1,123.95,105.96,17.99,2024,8,29
O108034,2024-08-29,P0047,C00400,S009,3,125.46,0.0,376.38,179.7,196.68,2024,8,29
O105187,2024-08-29,P0005,C00661,S011,1,15.5,0.0,15.5,12.07,3.43,2024,8,29
O105171,2024-08-29,P0100,C00130,S012,2,142.46,0.0,284.92,182.28,102.64,2024,8,29
O111515,2024-08-29,P0049,C01131,S005,1,366.28,0.1,329.65,172.71,156.94,2024,8,29
O101498,2024-08-29,P0057,C01000,S001,1,157.4,0.1,141.66,131.61,10.05,2024,8,29
O109773,2024-08-30,P0048,C01184,S001,1,113.33,0.0,113.33,82.55,30.78,2024,8,30
O110991,2024-08-30,P0099,C00961,S006,3,5.01,0.0,15.03,8.31,6.72,2024,8,30
O105026,2024-08-30,P0057,C00828,S005,2,157.4,0.1,283.32,263.22,20.1,2024,8,30
O101632,2024-08-30,P0027,C00944,S003,3,55.97,0.1,151.12,88.71,62.41,2024,8,30
O108834,2024-08-30,P0075,C01170,S011,3,10.1,0.0,30.3,22.47,7.83,2024,8,30
O105499,2024-08-30,P0045,C00343,S001,1,131.19,0.15,111.51,106.88,4.63,2024,8,30
O106382,2024-08-30,P0040,C00574,S008,1,25.25,0.0,25.25,16.53,8.72,2024,8,30
O103125,2024-08-30,P0069,C00492,S007,1,85.27,0.0,85.27,65.86,19.41,2024,8,30
O104651,2024-08-30,P0067,C00221,S003,10,5.57,0.0,55.7,32.5,23.2,2024,8,30
O103747,2024-08-30,P0085,C00409,S005,3,34.17,0.0,102.51,82.5,20.01,2024,8,30
O104650,2024-08-30,P0006,C00452,S003,1,74.01,0.05,70.31,43.08,27.23,2024,8,30
O111790,2024-08-30,P0080,C00390,S001,1,20.59,0.0,20.59,13.94,6.65,2024,8,30
O105523,2024-08-30,P0087,C00316,S012,1,463.9,0.0,463.9,253.65,210.25,2024,8,30
O108780,2024-08-30,P0085,C00402,S002,1,34.17,0.15,29.04,27.5,1.54,2024,8,30
O109726,2024-08-30,P0021,C00385,S010,1,25.8,0.0,25.8,12.57,13.23,2024,8,30
O108237,2024-08-30,P0095,C01195,S012,1,118.84,0.0,118.84,78.17,40.67,2024,8,30
O108144,2024-08-30,P0087,C01040,S006,2,463.9,0.1,835.02,507.3,327.72,2024,8,30
O101679,2024-08-30,P0047,C00404,S003,1,125.46,0.0,125.46,59.9,65.56,2024,8,30
O110126,2024-08-30,P0097,C00418,S001,1,8.15,0.0,8.15,5.49,2.66,2024,8,30
O100402,2024-08-30,P0059,C00017,S006,2,10.64,0.1,19.15,15.4,3.75,2024,8,30
O108499,2024-08-30,P0037,C01060,S010,1,61.48,0.0,61.48,48.1,13.38,2024,8,30
O110627,2024-08-31,P0013,C00915,S011,4,45.23,0.0,180.92,99.28,81.64,2024,8,31
O106081,2024-08-31,P0003,C00774,S006,1,44.76,0.0,44.76,33.14,11.62,2024,8,31
O103865,2024-08-31,P0074,C00073,S009,4,106.15,0.0,424.6,276.96,147.64,2024,8,31
O103552,2024-08-31,P0038,C00976,S005,2,42.19,0.0,84.38,58.62,25.76,2024,8,31
O111650,2024-08-31,P0053,C01121,S005,2,51.37,0.0,102.74,64.54,38.2,2024,8,31
O110122,2024-08-31,P0018,C00407,S012,2,34.43,0.0,68.86,52.98,15.88,2024,8,31
O108320,2024-08-31,P0096,C00342,S012,1,63.84,0.0,63.84,35.05,28.79,2024,8,31
O101869,2024-08-31,P0056,C00243,S012,1,20.73,0.05,19.69,16.75,2.94,2024,8,31
O102594,2024-08-31,P0095,C00307,S006,5,118.84,0.0,594.2,390.85,203.35,2024,8,31
O106885,2024-08-31,P0081,C00760,S011,2,143.09,0.0,286.18,220.0,66.18,2024,8,31
O109091,2024-08-31,P0090,C00158,S004,1,575.16,0.1,517.64,375.73,141.91,2024,8,31
O105145,2024-08-31,P0059,C00565,S003,3,10.64,0.0,31.92,23.1,8.82,2024,8,31
O109654,2024-08-31,P0029,C00491,S005,2,93.75,0.0,187.5,137.52,49.98,2024,8,31
O103627,2024-08-31,P0029,C00152,S001,1,93.75,0.0,93.75,68.76,24.99,2024,8,31
O101174,2024-09-01,P0066,C00397,S005,10,105.53,0.0,1055.3,587.7,467.6,2024,9,1
O103009,2024-09-01,P0062,C01178,S012,1,39.06,0.0,39.06,17.85,21.21,2024,9,1
O105835,2024-09-01,P0095,C01180,S012,3,118.84,0.1,320.87,234.51,86.36,2024,9,1
O106327,2024-09-01,P0090,C00297,S007,1,575.16,0.0,575.16,375.73,199.43,2024,9,1
O109177,2024-09-01,P0062,C00321,S010,2,39.06,0.0,78.12,35.7,42.42,2024,9,1
O100399,2024-09-01,P0028,C00033,S002,1,453.33,0.0,453.33,253.96,199.37,2024,9,1
O103162,2024-09-02,P0046,C00254,S012,1,69.45,0.0,69.45,42.58,26.87,2024,9,2
O101645,2024-09-02,P0055,C00994,S007,1,24.74,0.0,24.74,17.48,7.26,2024,9,2
O105729,2024-09-02,P0041,C00522,S012,3,246.7,0.0,740.1,404.19,335.91,2024,9,2
O111045,2024-09-02,P0083,C00949,S002,1,85.03,0.0,85.03,44.79,40.24,2024,9,2
O103667,2024-09-02,P0026,C00702,S011,1,325.3,0.05,309.03,181.38,127.65,2024,9,2
O106644,2024-09-02,P0047,C01122,S007,3,125.46,0.0,376.38,179.7,196.68,2024,9,2
O103594,2024-09-02,P0036,C01050,S009,4,15.34,0.0,61.36,33.16,28.2,2024,9,2
O103263,2024-09-02,P0095,C00526,S012,1,118.84,0.1,106.96,78.17,28.79,2024,9,2
O111439,2024-09-02,P0075,C00831,S008,2,10.1,0.1,18.18,14.98,3.2,2024,9,2
O108287,2024-09-03,P0076,C01129,S012,1,301.81,0.1,271.63,247.89,23.74,2024,9,3
O103788,2024-09-03,P0002,C00894,S003,1,130.95,0.05,124.4,100.06,24.34,2024,9,3
O100072,2024-09-03,P0029,C00194,S004,2,93.75,0.0,187.5,137.52,49.98,2024,9,3
O102088,2024-09-03,P0044,C00712,S004,2,136.64,0.0,273.28,231.36,41.92,2024,9,3
O108767,2024-09-03,P0002,C00995,S004,2,130.95,0.0,261.9,200.12,61.78,2024,9,3
O111032,2024-09-03,P0046,C01131,S006,1,69.45,0.0,69.45,42.58,26.87,2024,9,3
O105592,2024-09-03,P0092,C00197,S004,3,41.48,0.1,112.0,76.23,35.77,2024,9,3
O102689,2024-09-03,P0062,C01088,S007,1,39.06,0.0,39.06,17.85,21.21,2024,9,3
O105529,2024-09-03,P0052,C00481,S001,3,97.55,0.1,263.38,184.41,78.97,2024,9,3
O107604,2024-09-03,P0004,C00263,S003,2,29.55,0.0,59.1,28.96,30.14,2024,9,3
O108528,2024-09-03,P0008,C00283,S005,1,22.28,0.0,22.28,11.14,11.14,2024,9,3
O102938,2024-09-03,P0021,C00605,S001,1,25.8,0.0,25.8,12.57,13.23,2024,9,3
O111676,2024-09-04,P0085,C00085,S012,1,34.17,0.0,34.17,27.5,6.67,2024,9,4
O100130,2024-09-04,P0034,C00599,S010,1,84.19,0.0,84.19,69.04,15.15,2024,9,4
O101088,2024-09-04,P0063,C00895,S011,3,112.94,0.1,304.94,272.07,32.87,2024,9,4
O111218,2024-09-04,P0062,C00942,S006,1,39.06,0.0,39.06,17.85,21.21,2024,9,4
O106234,2024-09-04,P0078,C00876,S010,3,18.31,0.1,49.44,38.52,10.92,2024,9,4
O107118,2024-09-04,P0088,C00465,S011,1,5.57,0.1,5.01,4.31,0.7,2024,9,4
O104714,2024-09-04,P0081,C00106,S004,2,143.09,0.0,286.18,220.0,66.18,2024,9,4
O109724,2024-09-04,P0012,C00717,S002,2,88.36,0.0,176.72,125.8,50.92,2024,9,4
O108634,2024-09-04,P0032,C00546,S008,2,62.15,0.0,124.3,90.58,33.72,2024,9,4
O110523,2024-09-04,P0031,C00197,S008,1,104.43,0.0,104.43,64.18,40.25,2024,9,4
O106926,2024-09-04,P0005,C00020,S003,1,15.5,0.05,14.72,12.07,2.65,2024,9,4
O107239,2024-09-04,P0090,C00357,S003,1,575.16,0.05,546.4,375.73,170.67,2024,9,4
O109135,2024-09-04,P0004,C01000,S012,1,29.55,0.0,29.55,14.48,15.07,2024,9,4
O106683,2024-09-04,P0057,C00973,S010,1,157.4,0.0,157.4,131.61,25.79,2024,9,4
O104827,2024-09-04,P0028,C00928,S003,1,453.33,0.0,453.33,253.96,199.37,2024,9,4
O109108,2024-09-04,P0073,C00819,S009,2,36.7,0.05,69.73,36.44,33.29,2024,9,4
O104184,2024-09-04,P0010,C01118,S012,1,14.81,0.0,14.81,12.15,2.66,2024,9,4
O100963,2024-09-04,P0011,C01032,S002,1,713.82,0.05,678.13,451.83,226.3,2024,9,4
O109533,2024-09-04,P0091,C00555,S006,2,35.24,0.05,66.96,37.34,29.62,2024,9,4
O106958,2024-09-05,P0041,C00465,S002,1,246.7,0.0,246.7,134.73,111.97,2024,9,5
O110174,2024-09-05,P0053,C01005,S011,1,51.37,0.0,51.37,32.27,19.1,2024,9,5
O108200,2024-09-05,P0081,C00160,S003,1,143.09,0.0,143.09,110.0,33.09,2024,9,5
O101714,2024-09-05,P0025,C00797,S011,4,18.6,0.0,74.4,56.36,18.04,2024,9,5
O109071,2024-09-05,P0024,C00602,S002,3,722.65,0.0,2167.95,1270.74,897.21,2024,9,5
O110782,2024-09-05,P0016,C00143,S003,1,547.4,0.0,547.4,397.41,149.99,2024,9,5
O108682,2024-09-05,P0071,C00153,S008,2,9.68,0.1,17.42,14.76,2.66,2024,9,5
O105816,2024-09-05,P0048,C00088,S011,2,113.33,0.15,192.66,165.1,27.56,2024,9,5
O105047,2024-09-05,P0044,C01101,S011,1,136.64,0.05,129.81,115.68,14.13,2024,9,5
O100556,2024-09-05,P0069,C00368,S010,4,85.27,0.0,341.08,263.44,77.64,2024,9,5
O101543,2024-09-05,P0024,C00516,S009,4,722.65,0.05,2746.07,1694.32,1051.75,2024,9,5
O111428,2024-09-05,P0092,C00183,S007,1,41.48,0.0,41.48,25.41,16.07,2024,9,5
O100376,2024-09-05,P0059,C00204,S002,4,10.64,0.0,42.56,30.8,11.76,2024,9,5
O105611,2024-09-05,P0011,C00642,S012,1,713.82,0.0,713.82,451.83,261.99,2024,9,5
O105912,2024-09-05,P0075,C00599,S003,1,10.1,0.0,10.1,7.49,2.61,2024,9,5
O111877,2024-09-05,P0015,C00158,S005,10,36.03,0.05,342.28,186.1,156.18,2024,9,5
O102247,2024-09-05,P0092,C01024,S006,3,41.48,0.1,112.0,76.23,35.77,2024,9,5
O109033,2024-09-05,P0098,C00502,S011,3,37.83,0.0,113.49,87.0,26.49,2024,9,5
O105961,2024-09-05,P0079,C00607,S005,2,120.53,0.0,241.06,186.2,54.86,2024,9,5
O101028,2024-09-05,P0042,C00009,S012,2,9.86,0.0,19.72,12.46,7.26,2024,9,5
O100171,2024-09-05,P0020,C00965,S005,2,30.45,0.2,48.72,41.18,7.54,2024,9,5
O107518,2024-09-05,P0020,C00133,S007,1,30.45,0.0,30.45,20.59,9.86,2024,9,5
O109349,2024-09-05,P0053,C00361,S002,2,51.37,0.0,102.74,64.54,38.2,2024,9,5
O105708,2024-09-05,P0012,C01010,S005,1,88.36,0.0,88.36,62.9,25.46,2024,9,5
O109982,2024-09-06,P0008,C00176,S009,1,22.28,0.15,18.94,11.14,7.8,2024,9,6
O111232,2024-09-06,P0099,C00632,S008,1,5.01,0.1,4.51,2.77,1.74,2024,9,6
O100340,2024-09-06,P0022,C00759,S003,3,42.03,0.0,126.09,90.42,35.67,2024,9,6
O107356,2024-09-06,P0007,C00908,S001,2,99.07,0.0,198.14,149.42,48.72,2024,9,6
O100462,2024-09-06,P0039,C00863,S007,1,47.6,0.15,40.46,32.53,7.93,2024,9,6
O109312,2024-09-06,P0061,C00286,S011,3,86.94,0.0,260.82,139.2,121.62,2024,9,6
O103079,2024-09-06,P0011,C01085,S008,1,713.82,0.0,713.82,451.83,261.99,2024,9,6
O101037,2024-09-06,P0046,C01173,S007,2,69.45,0.0,138.9,85.16,53.74,2024,9,6
O103205,2024-09-06,P0084,C00355,S005,5,17.53,0.0,87.65,70.55,17.1,2024,9,6
O104462,2024-09-06,P0017,C00602,S012,1,25.27,0.1,22.74,17.77,4.97,2024,9,6
O110758,2024-09-06,P0064,C00672,S003,3,12.06,0.0,36.18,16.44,19.74,2024,9,6
O109478,2024-09-06,P0066,C00886,S009,4,105.53,0.05,401.01,235.08,165.93,2024,9,6
O109259,2024-09-06,P0082,C00969,S001,1,28.43,0.0,28.43,21.73,6.7,2024,9,6
O102412,2024-09-06,P0026,C00175,S007,1,325.3,0.05,309.03,181.38,127.65,2024,9,6
O111375,2024-09-06,P0045,C00755,S011,3,131.19,0.0,393.57,320.64,72.93,2024,9,6
O107542,2024-09-06,P0039,C00249,S006,4,47.6,0.0,190.4,130.12,60.28,2024,9,6
O110981,2024-09-06,P0017,C00671,S005,4,25.27,0.05,96.03,71.08,24.95,2024,9,6
O102482,2024-09-06,P0090,C00265,S006,1,575.16,0.0,575.16,375.73,199.43,2024,9,6
O109039,2024-09-06,P0100,C00548,S007,1,142.46,0.2,113.97,91.14,22.83,2024,9,6
O105976,2024-09-07,P0092,C00253,S008,1,41.48,0.05,39.41,25.41,14.0,2024,9,7
O101537,2024-09-07,P0053,C00822,S009,2,51.37,0.05,97.6,64.54,33.06,2024,9,7
O108061,2024-09-07,P0048,C01000,S005,2,113.33,0.0,226.66,165.1,61.56,2024,9,7
O105508,2024-09-07,P0057,C00443,S001,2,157.4,0.0,314.8,263.22,51.58,2024,9,7
O102974,2024-09-07,P0052,C00292,S010,1,97.55,0.0,97.55,61.47,36.08,2024,9,7
O104855,2024-09-07,P0093,C01128,S003,1,13.08,0.1,11.77,9.16,2.61,2024,9,7
O109296,2024-09-07,P0036,C00329,S007,2,15.34,0.0,30.68,16.58,14.1,2024,9,7
O103349,2024-09-07,P0011,C00751,S011,2,713.82,0.0,1427.64,903.66,523.98,2024,9,7
O101479,2024-09-07,P0043,C00803,S009,1,11.09,0.0,11.09,5.81,5.28,2024,9,7
O108862,2024-09-07,P0027,C00534,S005,1,55.97,0.05,53.17,29.57,23.6,2024,9,7
O102885,2024-09-07,P0073,C00320,S009,1,36.7,0.05,34.86,18.22,16.64,2024,9,7
O106837,2024-09-07,P0089,C00624,S004,1,39.28,0.0,39.28,18.15,21.13,2024,9,7
O107278,2024-09-07,P0058,C00007,S005,1,123.22,0.0,123.22,59.47,63.75,2024,9,7
O106252,2024-09-07,P0061,C00238,S011,2,86.94,0.0,173.88,92.8,81.08,2024,9,7
O104129,2024-09-07,P0052,C00259,S011,4,97.55,0.15,331.67,245.88,85.79,2024,9,7
O100203,2024-09-07,P0088,C00600,S010,2,5.57,0.0,11.14,8.62,2.52,2024,9,7
O110459,2024-09-08,P0080,C00497,S005,2,20.59,0.0,41.18,27.88,13.3,2024,9,8
O101521,2024-09-08,P0021,C00375,S005,2,25.8,0.0,51.6,25.14,26.46,2024,9,8
O107640,2024-09-08,P0057,C00098,S002,10,157.4,0.0,1574.0,1316.1,257.9,2024,9,8
O103320,2024-09-08,P0093,C00204,S009,2,13.08,0.0,26.16,18.32,7.84,2024,9,8
O102528,2024-09-08,P0062,C00178,S007,2,39.06,0.0,78.12,35.7,42.42,2024,9,8
O106545,2024-09-08,P0039,C00412,S006,2,47.6,0.1,85.68,65.06,20.62,2024,9,8
O108523,2024-09-08,P0067,C00882,S003,1,5.57,0.0,5.57,3.25,2.32,2024,9,8
O111296,2024-09-08,P0085,C00975,S002,4,34.17,0.05,129.85,110.0,19.85,2024,9,8
O107004,2024-09-08,P0088,C00707,S012,1,5.57,0.0,5.57,4.31,1.26,2024,9,8
O111453,2024-09-08,P0045,C00488,S010,1,131.19,0.0,131.19,106.88,24.31,2024,9,8
O104257,2024-09-08,P0086,C00220,S004,1,310.61,0.0,310.61,159.69,150.92,2024,9,8
O101388,2024-09-08,P0079,C01140,S001,1,120.53,0.1,108.48,93.1,15.38,2024,9,8
O101252,2024-09-08,P0016,C01008,S002,2,547.4,0.0,1094.8,794.82,299.98,2024,9,8
O108666,2024-09-08,P0095,C01040,S009,2,118.84,0.0,237.68,156.34,81.34,2024,9,8
O111085,2024-09-08,P0006,C00830,S005,2,74.01,0.15,125.82,86.16,39.66,2024,9,8
O110827,2024-09-08,P0019,C00374,S003,3,138.62,0.05,395.07,204.45,190.62,2024,9,8
O102207,2024-09-08,P0097,C00614,S003,2,8.15,0.0,16.3,10.98,5.32,2024,9,8
O101772,2024-09-08,P0021,C00267,S012,1,25.8,0.1,23.22,12.57,10.65,2024,9,8
O100748,2024-09-09,P0079,C00744,S008,1,120.53,0.15,102.45,93.1,9.35,2024,9,9
O100774,2024-09-09,P0074,C00282,S008,3,106.15,0.1,286.61,207.72,78.89,2024,9,9
O107901,2024-09-09,P0073,C00226,S010,1,36.7,0.1,33.03,18.22,14.81,2024,9,9
O107383,2024-09-09,P0086,C00821,S001,2,310.61,0.0,621.22,319.38,301.84,2024,9,9
O106701,2024-09-09,P0100,C00612,S006,1,142.46,0.0,142.46,91.14,51.32,2024,9,9
O102397,2024-09-09,P0021,C00896,S007,2,25.8,0.0,51.6,25.14,26.46,2024,9,9
O106001,2024-09-09,P0052,C00776,S010,1,97.55,0.0,97.55,61.47,36.08,2024,9,9
O102679,2024-09-09,P0075,C00455,S003,1,10.1,0.1,9.09,7.49,1.6,2024,9,9
O101359,2024-09-09,P0062,C00916,S009,3,39.06,0.0,117.18,53.55,63.63,2024,9,9
O109397,2024-09-09,P0010,C00465,S002,4,14.81,0.0,59.24,48.6,10.64,2024,9,9
O111487,2024-09-09,P0046,C00943,S011,5,69.45,0.0,347.25,212.9,134.35,2024,9,9
O100433,2024-09-09,P0010,C00753,S012,1,14.81,0.1,13.33,12.15,1.18,2024,9,9
O108256,2024-09-09,P0080,C00506,S006,1,20.59,0.1,18.53,13.94,4.59,2024,9,9
O110173,2024-09-09,P0072,C00271,S005,4,149.26,0.0,597.04,278.04,319.0,2024,9,9
O100253,2024-09-09,P0004,C00893,S011,2,29.55,0.0,59.1,28.96,30.14,2024,9,9
O108481,2024-09-09,P0031,C01185,S008,1,104.43,0.15,88.77,64.18,24.59,2024,9,9
O106957,2024-09-09,P0040,C00136,S005,2,25.25,0.0,50.5,33.06,17.44,2024,9,9
O102347,2024-09-10,P0060,C00827,S004,10,80.71,0.0,807.1,512.5,294.6,2024,9,10
O103901,2024-09-10,P0082,C00905,S001,2,28.43,0.05,54.02,43.46,10.56,2024,9,10
O107017,2024-09-10,P0098,C00811,S005,1,37.83,0.1,34.05,29.0,5.05,2024,9,10
O101818,2024-09-10,P0024,C00764,S011,1,722.65,0.1,650.38,423.58,226.8,2024,9,10
O106451,2024-09-10,P0077,C01083,S002,1,130.07,0.0,130.07,107.65,22.42,2024,9,10
O107201,2024-09-10,P0050,C01003,S007,3,9.87,0.0,29.61,14.22,15.39,2024,9,10
O100814,2024-09-10,P0092,C00580,S003,1,41.48,0.05,39.41,25.41,14.0,2024,9,10
O109216,2024-09-10,P0053,C00815,S002,2,51.37,0.0,102.74,64.54,38.2,2024,9,10
O108819,2024-09-10,P0063,C00197,S003,10,112.94,0.0,1129.4,906.9,222.5,2024,9,10
O109892,2024-09-10,P0069,C00554,S006,2,85.27,0.0,170.54,131.72,38.82,2024,9,10
O109482,2024-09-10,P0041,C00817,S003,1,246.7,0.0,246.7,134.73,111.97,2024,9,10
O100680,2024-09-10,P0070,C01188,S007,1,27.07,0.0,27.07,14.25,12.82,2024,9,10
O102626,2024-09-10,P0009,C00189,S007,5,8.02,0.05,38.09,30.45,7.64,2024,9,10
O101365,2024-09-10,P0086,C00832,S001,2,310.61,0.0,621.22,319.38,301.84,2024,9,10
O111060,2024-09-10,P0037,C00963,S010,1,61.48,0.0,61.48,48.1,13.38,2024,9,10
O105672,2024-09-10,P0086,C00069,S001,1,310.61,0.0,310.61,159.69,150.92,2024,9,10
O102867,2024-09-10,P0087,C00393,S012,1,463.9,0.0,463.9,253.65,210.25,2024,9,10
O106009,2024-09-10,P0013,C01086,S008,1,45.23,0.0,45.23,24.82,20.41,2024,9,10
O103285,2024-09-10,P0007,C00560,S009,1,99.07,0.0,99.07,74.71,24.36,2024,9,10
O110741,2024-09-11,P0074,C01078,S011,1,106.15,0.0,106.15,69.24,36.91,2024,9,11
O105188,2024-09-11,P0011,C00718,S010,1,713.82,0.0,713.82,451.83,261.99,2024,9,11
O102658,2024-09-11,P0063,C00054,S010,1,112.94,0.0,112.94,90.69,22.25,2024,9,11
O108895,2024-09-11,P0038,C00547,S012,1,42.19,0.2,33.75,29.31,4.44,2024,9,11
O111940,2024-09-11,P0100,C00478,S008,1,142.46,0.1,128.21,91.14,37.07,2024,9,11
O102316,2024-09-11,P0041,C00605,S002,2,246.7,0.0,493.4,269.46,223.94,2024,9,11
O105114,2024-09-11,P0024,C01170,S009,2,722.65,0.0,1445.3,847.16,598.14,2024,9,11
O100829,2024-09-11,P0020,C00796,S008,1,30.45,0.0,30.45,20.59,9.86,2024,9,11
O104565,2024-09-11,P0008,C00204,S002,2,22.28,0.0,44.56,22.28,22.28,2024,9,11
O108028,2024-09-11,P0022,C00003,S011,3,42.03,0.0,126.09,90.42,35.67,2024,9,11
O102476,2024-09-11,P0040,C00658,S006,2,25.25,0.05,47.97,33.06,14.91,2024,9,11
O110284,2024-09-11,P0092,C00689,S007,1,41.48,0.0,41.48,25.41,16.07,2024,9,11
O101810,2024-09-11,P0046,C00604,S001,2,69.45,0.15,118.06,85.16,32.9,2024,9,11
O108288,2024-09-11,P0099,C00779,S003,3,5.01,0.1,13.53,8.31,5.22,2024,9,11
O101246,2024-09-11,P0087,C00170,S012,1,463.9,0.0,463.9,253.65,210.25,2024,9,11
O109058,2024-09-11,P0080,C01100,S008,2,20.59,0.0,41.18,27.88,13.3,2024,9,11
O105231,2024-09-11,P0032,C00556,S006,4,62.15,0.15,211.31,181.16,30.15,2024,9,11
O108282,2024-09-11,P0063,C00448,S010,1,112.94,0.0,112.94,90.69,22.25,2024,9,11
O102195,2024-09-11,P0080,C00233,S004,2,20.59,0.15,35.0,27.88,7.12,2024,9,11
O111231,2024-09-11,P0044,C00517,S004,2,136.64,0.0,273.28,231.36,41.92,2024,9,11
O104962,2024-09-11,P0007,C00633,S002,1,99.07,0.1,89.16,74.71,14.45,2024,9,11
O111670,2024-09-11,P0045,C00871,S012,2,131.19,0.0,262.38,213.76,48.62,2024,9,11
O106592,2024-09-11,P0021,C00151,S010,1,25.8,0.0,25.8,12.57,13.23,2024,9,11
O105800,2024-09-11,P0076,C01025,S010,4,301.81,0.0,1207.24,991.56,215.68,2024,9,11
O104898,2024-09-11,P0042,C00609,S007,2,9.86,0.0,19.72,12.46,7.26,2024,9,11
O109070,2024-09-11,P0087,C00015,S004,1,463.9,0.15,394.32,253.65,140.67,2024,9,11
O108097,2024-09-12,P0014,C00279,S005,1,13.14,0.0,13.14,6.13,7.01,2024,9,12
O104968,2024-09-12,P0038,C00630,S009,1,42.19,0.0,42.19,29.31,12.88,2024,9,12
O104262,2024-09-12,P0093,C01167,S009,1,13.08,0.05,12.43,9.16,3.27,2024,9,12
O104579,2024-09-12,P0003,C00648,S006,3,44.76,0.0,134.28,99.42,34.86,2024,9,12
O104702,2024-09-12,P0075,C00720,S004,1,10.1,0.0,10.1,7.49,2.61,2024,9,12
O104011,2024-09-12,P0079,C00153,S011,5,120.53,0.0,602.65,465.5,137.15,2024,9,12
O101757,2024-09-12,P0076,C00213,S012,2,301.81,0.0,603.62,495.78,107.84,2024,9,12
O109465,2024-09-12,P0035,C00388,S001,1,21.89,0.0,21.89,12.25,9.64,2024,9,12
O109783,2024-09-12,P0021,C00607,S002,2,25.8,0.0,51.6,25.14,26.46,2024,9,12
O101187,2024-09-12,P0074,C01103,S001,1,106.15,0.0,106.15,69.24,36.91,2024,9,12
O107324,2024-09-12,P0043,C00958,S003,1,11.09,0.0,11.09,5.81,5.28,2024,9,12
O101146,2024-09-12,P0036,C00353,S002,4,15.34,0.05,58.29,33.16,25.13,2024,9,12
O109152,2024-09-12,P0027,C01097,S008,3,55.97,0.0,167.91,88.71,79.2,2024,9,12
O111200,2024-09-12,P0019,C00053,S012,4,138.62,0.0,554.48,272.6,281.88,2024,9,12
O103213,2024-09-12,P0071,C01048,S007,3,9.68,0.05,27.59,22.14,5.45,2024,9,12
O109022,2024-09-12,P0027,C00779,S010,1,55.97,0.0,55.97,29.57,26.4,2024,9,12
O111684,2024-09-12,P0003,C01001,S009,1,44.76,0.05,42.52,33.14,9.38,2024,9,12
O110640,2024-09-12,P0040,C00002,S004,2,25.25,0.0,50.5,33.06,17.44,2024,9,12
O109445,2024-09-12,P0055,C00979,S005,1,24.74,0.1,22.27,17.48,4.79,2024,9,12
O100235,2024-09-12,P0061,C00758,S001,1,86.94,0.15,73.9,46.4,27.5,2024,9,12
O106028,2024-09-13,P0002,C01085,S006,1,130.95,0.0,130.95,100.06,30.89,2024,9,13
O100021,2024-09-13,P0073,C00591,S009,2,36.7,0.0,73.4,36.44,36.96,2024,9,13
O105895,2024-09-13,P0006,C00684,S005,1,74.01,0.1,66.61,43.08,23.53,2024,9,13
O111569,2024-09-13,P0051,C00645,S010,1,32.14,0.0,32.14,16.02,16.12,2024,9,13
O103268,2024-09-13,P0028,C00398,S009,1,453.33,0.05,430.66,253.96,176.7,2024,9,13
O104533,2024-09-13,P0012,C00880,S006,1,88.36,0.05,83.94,62.9,21.04,2024,9,13
O101428,2024-09-13,P0053,C00954,S012,4,51.37,0.0,205.48,129.08,76.4,2024,9,13
O110675,2024-09-13,P0049,C00890,S001,1,366.28,0.0,366.28,172.71,193.57,2024,9,13
O110988,2024-09-13,P0012,C01173,S011,1,88.36,0.1,79.52,62.9,16.62,2024,9,13
O105279,2024-09-13,P0008,C00482,S009,1,22.28,0.0,22.28,11.14,11.14,2024,9,13
O103198,2024-09-13,P0087,C00051,S010,1,463.9,0.0,463.9,253.65,210.25,2024,9,13
O111291,2024-09-13,P0084,C01061,S009,1,17.53,0.05,16.65,14.11,2.54,2024,9,13
O100927,2024-09-13,P0051,C00389,S009,1,32.14,0.15,27.32,16.02,11.3,2024,9,13
O111084,2024-09-13,P0091,C00911,S008,1,35.24,0.05,33.48,18.67,14.81,2024,9,13
O108329,2024-09-13,P0078,C00952,S008,1,18.31,0.0,18.31,12.84,5.47,2024,9,13
O101415,2024-09-13,P0012,C01186,S011,2,88.36,0.1,159.05,125.8,33.25,2024,9,13
O106996,2024-09-13,P0081,C00971,S002,1,143.09,0.15,121.63,110.0,11.63,2024,9,13
O104056,2024-09-13,P0064,C01105,S006,1,12.06,0.1,10.85,5.48,5.37,2024,9,13
O106392,2024-09-13,P0020,C00143,S008,1,30.45,0.15,25.88,20.59,5.29,2024,9,13
O101953,2024-09-13,P0003,C01130,S010,1,44.76,0.0,44.76,33.14,11.62,2024,9,13
O102769,2024-09-13,P0006,C00245,S004,4,74.01,0.05,281.24,172.32,108.92,2024,9,13
O111402,2024-09-13,P0016,C00140,S003,10,547.4,0.0,5474.0,3974.1,1499.9,2024,9,13
O102174,2024-09-13,P0024,C00781,S003,1,722.65,0.0,722.65,423.58,299.07,2024,9,13
O102270,2024-09-13,P0094,C01162,S003,1,21.21,0.0,21.21,12.17,9.04,2024,9,13
O109791,2024-09-13,P0027,C00416,S011,1,55.97,0.0,55.97,29.57,26.4,2024,9,13
O109290,2024-09-13,P0097,C00568,S002,3,8.15,0.05,23.23,16.47,6.76,2024,9,13
O108165,2024-09-13,P0040,C00456,S004,1,25.25,0.0,25.25,16.53,8.72,2024,9,13
O106999,2024-09-13,P0085,C00825,S012,4,34.17,0.05,129.85,110.0,19.85,2024,9,13
O104486,2024-09-13,P0056,C00719,S011,2,20.73,0.2,33.17,33.5,-0.33,2024,9,13
O100749,2024-09-14,P0070,C01088,S010,1,27.07,0.0,27.07,14.25,12.82,2024,9,14
O111131,2024-09-14,P0090,C01095,S009,1,575.16,0.0,575.16,375.73,199.43,2024,9,14
O103555,2024-09-14,P0036,C00397,S002,1,15.34,0.0,15.34,8.29,7.05,2024,9,14
O101858,2024-09-14,P0066,C00767,S003,1,105.53,0.0,105.53,58.77,46.76,2024,9,14
O104397,2024-09-14,P0066,C00873,S003,3,105.53,0.0,316.59,176.31,140.28,2024,9,14
O103327,2024-09-14,P0040,C00796,S002,1,25.25,0.1,22.72,16.53,6.19,2024,9,14
O108179,2024-09-14,P0084,C00221,S010,4,17.53,0.1,63.11,56.44,6.67,2024,9,14
O102383,2024-09-14,P0029,C00462,S003,4,93.75,0.05,356.25,275.04,81.21,2024,9,14
O105297,2024-09-14,P0029,C00229,S007,1,93.75,0.1,84.38,68.76,15.62,2024,9,14
O104208,2024-09-14,P0038,C00300,S010,3,42.19,0.0,126.57,87.93,38.64,2024,9,14
O108468,2024-09-14,P0088,C00512,S008,1,5.57,0.15,4.73,4.31,0.42,2024,9,14
O106108,2024-09-14,P0010,C00048,S004,1,14.81,0.0,14.81,12.15,2.66,2024,9,14
O101113,2024-09-14,P0022,C00109,S001,1,42.03,0.0,42.03,30.14,11.89,2024,9,14
O111837,2024-09-14,P0070,C00976,S004,3,27.07,0.0,81.21,42.75,38.46,2024,9,14
O105602,2024-09-15,P0029,C00983,S007,2,93.75,0.1,168.75,137.52,31.23,2024,9,15
O101892,2024-09-15,P0001,C00485,S004,1,132.87,0.0,132.87,107.4,25.47,2024,9,15
O105760,2024-09-15,P0046,C00950,S004,1,69.45,0.0,69.45,42.58,26.87,2024,9,15
O101055,2024-09-15,P0072,C00489,S004,1,149.26,0.0,149.26,69.51,79.75,2024,9,15
O102751,2024-09-15,P0055,C00187,S003,1,24.74,0.1,22.27,17.48,4.79,2024,9,15
O109945,2024-09-15,P0048,C00266,S008,1,113.33,0.0,113.33,82.55,30.78,2024,9,15
O105356,2024-09-15,P0053,C01029,S012,2,51.37,0.0,102.74,64.54,38.2,2024,9,15
O101951,2024-09-15,P0075,C00769,S009,2,10.1,0.0,20.2,14.98,5.22,2024,9,15
O111660,2024-09-15,P0078,C00894,S004,1,18.31,0.2,14.65,12.84,1.81,2024,9,15
O104350,2024-09-15,P0089,C00149,S010,1,39.28,0.0,39.28,18.15,21.13,2024,9,15
O106156,2024-09-15,P0029,C00116,S001,1,93.75,0.05,89.06,68.76,20.3,2024,9,15
O105830,2024-09-15,P0021,C01024,S011,1,25.8,0.15,21.93,12.57,9.36,2024,9,15
O106199,2024-09-15,P0019,C00877,S007,1,138.62,0.0,138.62,68.15,70.47,2024,9,15
O104629,2024-09-15,P0047,C00849,S006,3,125.46,0.2,301.1,179.7,121.4,2024,9,15
O100178,2024-09-15,P0045,C00175,S007,2,131.19,0.0,262.38,213.76,48.62,2024,9,15
O104504,2024-09-15,P0043,C01026,S004,1,11.09,0.0,11.09,5.81,5.28,2024,9,15
O109431,2024-09-15,P0011,C00636,S004,1,713.82,0.0,713.82,451.83,261.99,2024,9,15
O106489,2024-09-16,P0085,C00373,S010,1,34.17,0.1,30.75,27.5,3.25,2024,9,16
O111314,2024-09-16,P0043,C00232,S007,1,11.09,0.0,11.09,5.81,5.28,2024,9,16
O105966,2024-09-16,P0036,C00270,S005,2,15.34,0.0,30.68,16.58,14.1,2024,9,16
O107264,2024-09-16,P0094,C00687,S006,2,21.21,0.0,42.42,24.34,18.08,2024,9,16
O104328,2024-09-16,P0083,C00127,S004,4,85.03,0.2,272.1,179.16,92.94,2024,9,16
O111858,2024-09-16,P0066,C01160,S006,2,105.53,0.0,211.06,117.54,93.52,2024,9,16
O101165,2024-09-16,P0057,C00740,S005,2,157.4,0.0,314.8,263.22,51.58,2024,9,16
O109247,2024-09-16,P0006,C00897,S002,1,74.01,0.05,70.31,43.08,27.23,2024,9,16
O105957,2024-09-16,P0023,C01076,S004,1,818.22,0.0,818.22,630.15,188.07,2024,9,16
O106934,2024-09-16,P0033,C01108,S001,1,47.81,0.15,40.64,31.21,9.43,2024,9,16
O111054,2024-09-16,P0042,C00307,S005,2,9.86,0.0,19.72,12.46,7.26,2024,9,16
O110950,2024-09-16,P0083,C00464,S005,1,85.03,0.0,85.03,44.79,40.24,2024,9,16
O106320,2024-09-16,P0061,C00164,S010,1,86.94,0.05,82.59,46.4,36.19,2024,9,16
O111686,2024-09-16,P0058,C00590,S008,10,123.22,0.05,1170.59,594.7,575.89,2024,9,16
O108238,2024-09-16,P0065,C00307,S004,1,776.21,0.15,659.78,385.54,274.24,2024,9,16
O104178,2024-09-16,P0042,C00835,S005,5,9.86,0.15,41.9,31.15,10.75,2024,9,16
O107446,2024-09-16,P0055,C01178,S004,1,24.74,0.0,24.74,17.48,7.26,2024,9,16
O106861,2024-09-16,P0032,C00685,S001,1,62.15,0.1,55.94,45.29,10.65,2024,9,16
O104423,2024-09-16,P0056,C00711,S003,2,20.73,0.0,41.46,33.5,7.96,2024,9,16
O106309,2024-09-16,P0049,C01013,S001,1,366.28,0.0,366.28,172.71,193.57,2024,9,16
O109720,2024-09-17,P0081,C01030,S011,1,143.09,0.0,143.09,110.0,33.09,2024,9,17
O102116,2024-09-17,P0026,C01158,S006,1,325.3,0.0,325.3,181.38,143.92,2024,9,17
O104895,2024-09-17,P0012,C01081,S009,4,88.36,0.1,318.1,251.6,66.5,2024,9,17
O105610,2024-09-17,P0010,C00892,S009,1,14.81,0.1,13.33,12.15,1.18,2024,9,17
O100360,2024-09-17,P0091,C00478,S002,1,35.24,0.1,31.72,18.67,13.05,2024,9,17
O100155,2024-09-17,P0078,C01023,S001,1,18.31,0.0,18.31,12.84,5.47,2024,9,17
O104800,2024-09-17,P0080,C00682,S011,2,20.59,0.0,41.18,27.88,13.3,2024,9,17
O107804,2024-09-17,P0049,C00337,S003,1,366.28,0.0,366.28,172.71,193.57,2024,9,17
O104147,2024-09-17,P0091,C01105,S003,2,35.24,0.1,63.43,37.34,26.09,2024,9,17
O111729,2024-09-17,P0068,C00171,S008,2,100.31,0.0,200.62,162.76,37.86,2024,9,17
O101377,2024-09-17,P0051,C00026,S004,1,32.14,0.05,30.53,16.02,14.51,2024,9,17
O110635,2024-09-17,P0029,C00908,S002,1,93.75,0.0,93.75,68.76,24.99,2024,9,17
O102768,2024-09-17,P0073,C01187,S010,2,36.7,0.0,73.4,36.44,36.96,2024,9,17
O109924,2024-09-18,P0086,C00841,S002,2,310.61,0.05,590.16,319.38,270.78,2024,9,18
O111388,2024-09-18,P0004,C00051,S005,1,29.55,0.0,29.55,14.48,15.07,2024,9,18
O107158,2024-09-18,P0095,C01079,S002,2,118.84,0.15,202.03,156.34,45.69,2024,9,18
O111795,2024-09-18,P0031,C01176,S007,1,104.43,0.0,104.43,64.18,40.25,2024,9,18
O104049,2024-09-18,P0035,C00764,S007,4,21.89,0.0,87.56,49.0,38.56,2024,9,18
O110519,2024-09-18,P0013,C01072,S002,4,45.23,0.0,180.92,99.28,81.64,2024,9,18
O111396,2024-09-18,P0050,C00358,S011,1,9.87,0.0,9.87,4.74,5.13,2024,9,18
O111008,2024-09-18,P0098,C00968,S001,1,37.83,0.05,35.94,29.0,6.94,2024,9,18
O102325,2024-09-18,P0082,C00166,S012,2,28.43,0.2,45.49,43.46,2.03,2024,9,18
O105827,2024-09-18,P0020,C00370,S008,1,30.45,0.0,30.45,20.59,9.86,2024,9,18
O108198,2024-09-18,P0075,C00203,S012,3,10.1,0.1,27.27,22.47,4.8,2024,9,18
O103922,2024-09-19,P0001,C00374,S002,1,132.87,0.0,132.87,107.4,25.47,2024,9,19
O108355,2024-09-19,P0077,C00443,S001,2,130.07,0.0,260.14,215.3,44.84,2024,9,19
O106884,2024-09-19,P0092,C01067,S010,4,41.48,0.1,149.33,101.64,47.69,2024,9,19
O108002,2024-09-19,P0063,C00079,S011,2,112.94,0.0,225.88,181.38,44.5,2024,9,19
O105309,2024-09-19,P0044,C00685,S011,1,136.64,0.0,136.64,115.68,20.96,2024,9,19
O109923,2024-09-19,P0001,C00885,S005,1,132.87,0.0,132.87,107.4,25.47,2024,9,19
O103424,2024-09-19,P0035,C00594,S011,1,21.89,0.05,20.8,12.25,8.55,2024,9,19
O101418,2024-09-19,P0005,C00848,S012,1,15.5,0.1,13.95,12.07,1.88,2024,9,19
O109113,2024-09-19,P0065,C00045,S003,1,776.21,0.05,737.4,385.54,351.86,2024,9,19
O109565,2024-09-19,P0082,C00914,S005,1,28.43,0.0,28.43,21.73,6.7,2024,9,19
O107805,2024-09-19,P0036,C00395,S004,3,15.34,0.1,41.42,24.87,16.55,2024,9,19
O103716,2024-09-19,P0074,C00378,S011,3,106.15,0.15,270.68,207.72,62.96,2024,9,19
O109778,2024-09-19,P0096,C00576,S006,1,63.84,0.15,54.26,35.05,19.21,2024,9,19
O110263,2024-09-19,P0087,C01192,S006,2,463.9,0.1,835.02,507.3,327.72,2024,9,19
O103385,2024-09-19,P0047,C01119,S003,1,125.46,0.0,125.46,59.9,65.56,2024,9,19
O100848,2024-09-19,P0038,C00437,S011,1,42.19,0.0,42.19,29.31,12.88,2024,9,19
O107693,2024-09-19,P0010,C00510,S011,1,14.81,0.2,11.85,12.15,-0.3,2024,9,19
O104185,2024-09-19,P0046,C00781,S011,1,69.45,0.0,69.45,42.58,26.87,2024,9,19
O107498,2024-09-19,P0100,C00974,S008,1,142.46,0.0,142.46,91.14,51.32,2024,9,19
O107385,2024-09-19,P0001,C00365,S005,1,132.87,0.0,132.87,107.4,25.47,2024,9,19
O110428,2024-09-20,P0009,C00041,S003,1,8.02,0.2,6.42,6.09,0.33,2024,9,20
O111723,2024-09-20,P0091,C00497,S012,4,35.24,0.0,140.96,74.68,66.28,2024,9,20
O100223,2024-09-20,P0068,C01169,S009,4,100.31,0.15,341.05,325.52,15.53,2024,9,20
O110828,2024-09-20,P0059,C00524,S003,2,10.64,0.15,18.09,15.4,2.69,2024,9,20
O104894,2024-09-20,P0024,C00608,S007,1,722.65,0.0,722.65,423.58,299.07,2024,9,20
O108828,2024-09-20,P0036,C00914,S005,2,15.34,0.0,30.68,16.58,14.1,2024,9,20
O106713,2024-09-20,P0086,C00366,S008,1,310.61,0.0,310.61,159.69,150.92,2024,9,20
O107271,2024-09-20,P0063,C00426,S008,1,112.94,0.1,101.65,90.69,10.96,2024,9,20
O105111,2024-09-20,P0048,C00499,S008,1,113.33,0.0,113.33,82.55,30.78,2024,9,20
O111986,2024-09-20,P0070,C00715,S005,2,27.07,0.0,54.14,28.5,25.64,2024,9,20
O107131,2024-09-20,P0031,C00897,S001,1,104.43,0.1,93.99,64.18,29.81,2024,9,20
O109237,2024-09-20,P0012,C01107,S011,4,88.36,0.2,282.75,251.6,31.15,2024,9,20
O104808,2024-09-20,P0095,C00885,S010,2,118.84,0.0,237.68,156.34,81.34,2024,9,20
O105329,2024-09-20,P0050,C00669,S005,1,9.87,0.0,9.87,4.74,5.13,2024,9,20
O103204,2024-09-20,P0003,C00888,S004,10,44.76,0.05,425.22,331.4,93.82,2024,9,20
O110051,2024-09-21,P0027,C00739,S007,1,55.97,0.0,55.97,29.57,26.4,2024,9,21
O105199,2024-09-21,P0092,C01107,S006,1,41.48,0.0,41.48,25.41,16.07,2024,9,21
O109765,2024-09-21,P0096,C00799,S008,3,63.84,0.0,191.52,105.15,86.37,2024,9,21
O100272,2024-09-21,P0021,C00488,S003,2,25.8,0.1,46.44,25.14,21.3,2024,9,21
O106731,2024-09-21,P0074,C00192,S004,1,106.15,0.0,106.15,69.24,36.91,2024,9,21
O108779,2024-09-21,P0073,C01051,S002,1,36.7,0.0,36.7,18.22,18.48,2024,9,21
O109026,2024-09-21,P0075,C00163,S007,1,10.1,0.0,10.1,7.49,2.61,2024,9,21
O100053,2024-09-21,P0058,C01019,S006,2,123.22,0.05,234.12,118.94,115.18,2024,9,21
O105696,2024-09-21,P0048,C00263,S005,1,113.33,0.0,113.33,82.55,30.78,2024,9,21
O103838,2024-09-21,P0062,C00866,S001,1,39.06,0.0,39.06,17.85,21.21,2024,9,21
O105101,2024-09-21,P0042,C00742,S002,1,9.86,0.0,9.86,6.23,3.63,2024,9,21
O109272,2024-09-21,P0066,C00595,S007,1,105.53,0.05,100.25,58.77,41.48,2024,9,21
O109904,2024-09-21,P0047,C00158,S001,2,125.46,0.0,250.92,119.8,131.12,2024,9,21
O111992,2024-09-21,P0071,C00582,S012,1,9.68,0.0,9.68,7.38,2.3,2024,9,21
O111190,2024-09-21,P0048,C00644,S007,1,113.33,0.0,113.33,82.55,30.78,2024,9,21
O100580,2024-09-21,P0008,C00261,S006,1,22.28,0.0,22.28,11.14,11.14,2024,9,21
O106247,2024-09-21,P0035,C00514,S009,1,21.89,0.05,20.8,12.25,8.55,2024,9,21
O109775,2024-09-22,P0093,C01177,S006,4,13.08,0.05,49.7,36.64,13.06,2024,9,22
O104228,2024-09-22,P0056,C00233,S007,4,20.73,0.0,82.92,67.0,15.92,2024,9,22
O105782,2024-09-22,P0039,C00180,S008,1,47.6,0.0,47.6,32.53,15.07,2024,9,22
O105190,2024-09-22,P0039,C00723,S005,1,47.6,0.0,47.6,32.53,15.07,2024,9,22
O102470,2024-09-22,P0008,C00905,S012,1,22.28,0.05,21.17,11.14,10.03,2024,9,22
O104390,2024-09-22,P0088,C01081,S002,1,5.57,0.1,5.01,4.31,0.7,2024,9,22
O109287,2024-09-22,P0025,C00110,S001,4,18.6,0.2,59.52,56.36,3.16,2024,9,22
O111931,2024-09-22,P0043,C00508,S004,4,11.09,0.05,42.14,23.24,18.9,2024,9,22
O100561,2024-09-22,P0008,C00235,S006,1,22.28,0.0,22.28,11.14,11.14,2024,9,22
O111718,2024-09-22,P0074,C00969,S006,1,106.15,0.0,106.15,69.24,36.91,2024,9,22
O101998,2024-09-22,P0057,C01110,S011,1,157.4,0.0,157.4,131.61,25.79,2024,9,22
O109361,2024-09-22,P0005,C01059,S008,1,15.5,0.0,15.5,12.07,3.43,2024,9,22
O104687,2024-09-22,P0084,C01055,S002,1,17.53,0.0,17.53,14.11,3.42,2024,9,22
O100468,2024-09-22,P0037,C01097,S004,1,61.48,0.0,61.48,48.1,13.38,2024,9,22
O107599,2024-09-22,P0096,C01035,S005,3,63.84,0.0,191.52,105.15,86.37,2024,9,22
O107687,2024-09-22,P0015,C00883,S003,2,36.03,0.0,72.06,37.22,34.84,2024,9,22
O102943,2024-09-23,P0071,C00542,S007,1,9.68,0.0,9.68,7.38,2.3,2024,9,23
O102133,2024-09-23,P0027,C00452,S010,1,55.97,0.0,55.97,29.57,26.4,2024,9,23
O101068,2024-09-23,P0097,C00161,S003,4,8.15,0.0,32.6,21.96,10.64,2024,9,23
O104630,2024-09-23,P0049,C01137,S008,1,366.28,0.05,347.97,172.71,175.26,2024,9,23
O105031,2024-09-23,P0047,C00315,S006,2,125.46,0.1,225.83,119.8,106.03,2024,9,23
O109083,2024-09-23,P0045,C00610,S008,5,131.19,0.15,557.56,534.4,23.16,2024,9,23
O105258,2024-09-23,P0074,C01042,S001,1,106.15,0.15,90.23,69.24,20.99,2024,9,23
O107071,2024-09-23,P0003,C00916,S011,3,44.76,0.0,134.28,99.42,34.86,2024,9,23
O101940,2024-09-23,P0016,C00584,S001,2,547.4,0.0,1094.8,794.82,299.98,2024,9,23
O103926,2024-09-23,P0052,C00838,S003,1,97.55,0.15,82.92,61.47,21.45,2024,9,23
O109597,2024-09-23,P0010,C00200,S001,2,14.81,0.1,26.66,24.3,2.36,2024,9,23
O108533,2024-09-23,P0089,C01138,S002,3,39.28,0.0,117.84,54.45,63.39,2024,9,23
O109232,2024-09-23,P0076,C00027,S001,1,301.81,0.0,301.81,247.89,53.92,2024,9,23
O103089,2024-09-23,P0016,C01190,S005,1,547.4,0.0,547.4,397.41,149.99,2024,9,23
O103029,2024-09-23,P0076,C00558,S011,1,301.81,0.0,301.81,247.89,53.92,2024,9,23
O105497,2024-09-23,P0022,C00799,S007,1,42.03,0.0,42.03,30.14,11.89,2024,9,23
O110278,2024-09-23,P0046,C00123,S005,1,69.45,0.0,69.45,42.58,26.87,2024,9,23
O109635,2024-09-23,P0042,C00767,S009,1,9.86,0.0,9.86,6.23,3.63,2024,9,23
O104438,2024-09-24,P0046,C01028,S012,3,69.45,0.0,208.35,127.74,80.61,2024,9,24
O101993,2024-09-24,P0054,C00960,S006,1,42.97,0.0,42.97,29.12,13.85,2024,9,24
O103395,2024-09-24,P0014,C00891,S004,1,13.14,0.1,11.83,6.13,5.7,2024,9,24
O103128,2024-09-24,P0043,C00215,S005,2,11.09,0.1,19.96,11.62,8.34,2024,9,24
O102098,2024-09-24,P0047,C00905,S004,2,125.46,0.1,225.83,119.8,106.03,2024,9,24
O100853,2024-09-24,P0015,C00048,S012,1,36.03,0.0,36.03,18.61,17.42,2024,9,24
O106649,2024-09-24,P0008,C00899,S001,1,22.28,0.0,22.28,11.14,11.14,2024,9,24
O110831,2024-09-24,P0085,C01051,S012,1,34.17,0.05,32.46,27.5,4.96,2024,9,24
O100373,2024-09-24,P0011,C00944,S011,3,713.82,0.0,2141.46,1355.49,785.97,2024,9,24
O107992,2024-09-24,P0046,C00026,S005,4,69.45,0.0,277.8,170.32,107.48,2024,9,24
O104027,2024-09-24,P0072,C00154,S005,2,149.26,0.1,268.67,139.02,129.65,2024,9,24
O106372,2024-09-24,P0031,C00829,S002,2,104.43,0.0,208.86,128.36,80.5,2024,9,24
O105749,2024-09-24,P0091,C00539,S009,1,35.24,0.0,35.24,18.67,16.57,2024,9,24
O102219,2024-09-25,P0044,C00218,S006,5,136.64,0.0,683.2,578.4,104.8,2024,9,25
O110579,2024-09-25,P0042,C00830,S011,1,9.86,0.0,9.86,6.23,3.63,2024,9,25
O107750,2024-09-25,P0059,C00489,S007,2,10.64,0.0,21.28,15.4,5.88,2024,9,25
O107844,2024-09-25,P0038,C00672,S011,1,42.19,0.0,42.19,29.31,12.88,2024,9,25
O106857,2024-09-25,P0025,C00764,S010,1,18.6,0.0,18.6,14.09,4.51,2024,9,25
O107213,2024-09-25,P0058,C00584,S008,1,123.22,0.0,123.22,59.47,63.75,2024,9,25
O110876,2024-09-25,P0029,C01157,S001,1,93.75,0.1,84.38,68.76,15.62,2024,9,25
O111256,2024-09-25,P0090,C00990,S002,1,575.16,0.0,575.16,375.73,199.43,2024,9,25
O104151,2024-09-25,P0051,C00252,S003,2,32.14,0.0,64.28,32.04,32.24,2024,9,25
O104110,2024-09-25,P0100,C00652,S004,3,142.46,0.0,427.38,273.42,153.96,2024,9,25
O102652,2024-09-25,P0099,C00244,S009,1,5.01,0.15,4.26,2.77,1.49,2024,9,25
O109215,2024-09-25,P0048,C00509,S004,2,113.33,0.15,192.66,165.1,27.56,2024,9,25
O107111,2024-09-25,P0038,C00974,S011,10,42.19,0.0,421.9,293.1,128.8,2024,9,25
O108196,2024-09-25,P0100,C00879,S012,1,142.46,0.0,142.46,91.14,51.32,2024,9,25
O107656,2024-09-25,P0003,C00364,S010,1,44.76,0.0,44.76,33.14,11.62,2024,9,25
O106127,2024-09-25,P0064,C00341,S002,2,12.06,0.0,24.12,10.96,13.16,2024,9,25
O105954,2024-09-25,P0078,C00532,S001,1,18.31,0.1,16.48,12.84,3.64,2024,9,25
O101396,2024-09-25,P0083,C00326,S008,1,85.03,0.05,80.78,44.79,35.99,2024,9,25
O105958,2024-09-26,P0076,C00238,S009,10,301.81,0.0,3018.1,2478.9,539.2,2024,9,26
O108084,2024-09-26,P0039,C00354,S006,3,47.6,0.0,142.8,97.59,45.21,2024,9,26
O111769,2024-09-26,P0035,C00974,S008,2,21.89,0.0,43.78,24.5,19.28,2024,9,26
O108775,2024-09-26,P0009,C00945,S001,1,8.02,0.05,7.62,6.09,1.53,2024,9,26
O111906,2024-09-26,P0002,C00498,S004,1,130.95,0.0,130.95,100.06,30.89,2024,9,26
O100341,2024-09-26,P0040,C01142,S004,1,25.25,0.0,25.25,16.53,8.72,2024,9,26
O100385,2024-09-26,P0056,C00060,S012,2,20.73,0.0,41.46,33.5,7.96,2024,9,26
O103973,2024-09-26,P0038,C00096,S010,2,42.19,0.0,84.38,58.62,25.76,2024,9,26
O108537,2024-09-26,P0098,C00239,S002,1,37.83,0.0,37.83,29.0,8.83,2024,9,26
O102812,2024-09-26,P0022,C00215,S012,2,42.03,0.0,84.06,60.28,23.78,2024,9,26
O101074,2024-09-26,P0054,C00908,S002,3,42.97,0.0,128.91,87.36,41.55,2024,9,26
O100412,2024-09-27,P0027,C00881,S010,2,55.97,0.05,106.34,59.14,47.2,2024,9,27
O102829,2024-09-27,P0059,C00539,S004,2,10.64,0.0,21.28,15.4,5.88,2024,9,27
O110087,2024-09-27,P0082,C00379,S004,1,28.43,0.05,27.01,21.73,5.28,2024,9,27
O107347,2024-09-27,P0046,C00988,S004,4,69.45,0.1,250.02,170.32,79.7,2024,9,27
O103845,2024-09-27,P0080,C00690,S001,5,20.59,0.0,102.95,69.7,33.25,2024,9,27
O108798,2024-09-27,P0046,C00767,S005,1,69.45,0.0,69.45,42.58,26.87,2024,9,27
O100122,2024-09-27,P0026,C01055,S002,2,325.3,0.0,650.6,362.76,287.84,2024,9,27
O108274,2024-09-27,P0022,C00535,S009,10,42.03,0.0,420.3,301.4,118.9,2024,9,27
O110063,2024-09-27,P0031,C01116,S009,2,104.43,0.0,208.86,128.36,80.5,2024,9,27
O100384,2024-09-27,P0094,C00081,S001,3,21.21,0.2,50.9,36.51,14.39,2024,9,27
O111049,2024-09-27,P0036,C00840,S001,1,15.34,0.2,12.27,8.29,3.98,2024,9,27
O103577,2024-09-27,P0029,C00033,S008,1,93.75,0.15,79.69,68.76,10.93,2024,9,27
O109384,2024-09-27,P0043,C00455,S009,1,11.09,0.0,11.09,5.81,5.28,2024,9,27
O103496,2024-09-27,P0079,C01059,S010,1,120.53,0.15,102.45,93.1,9.35,2024,9,27
O103022,2024-09-27,P0095,C01137,S009,1,118.84,0.0,118.84,78.17,40.67,2024,9,27
O111918,2024-09-27,P0039,C00590,S001,2,47.6,0.1,85.68,65.06,20.62,2024,9,27
O104296,2024-09-28,P0072,C01069,S010,1,149.26,0.0,149.26,69.51,79.75,2024,9,28
O107520,2024-09-28,P0012,C00633,S002,3,88.36,0.0,265.08,188.7,76.38,2024,9,28
O100634,2024-09-28,P0087,C00562,S009,2,463.9,0.05,881.41,507.3,374.11,2024,9,28
O107904,2024-09-28,P0027,C00319,S003,2,55.97,0.15,95.15,59.14,36.01,2024,9,28
O109568,2024-09-28,P0048,C00701,S003,3,113.33,0.1,305.99,247.65,58.34,2024,9,28
O106670,2024-09-28,P0054,C00674,S010,10,42.97,0.05,408.22,291.2,117.02,2024,9,28
O104357,2024-09-28,P0010,C00278,S001,3,14.81,0.15,37.77,36.45,1.32,2024,9,28
O107081,2024-09-28,P0035,C00856,S008,1,21.89,0.0,21.89,12.25,9.64,2024,9,28
O106781,2024-09-28,P0054,C00318,S007,1,42.97,0.1,38.67,29.12,9.55,2024,9,28
O110771,2024-09-28,P0019,C00175,S002,1,138.62,0.0,138.62,68.15,70.47,2024,9,28
O111162,2024-09-28,P0029,C00104,S002,1,93.75,0.05,89.06,68.76,20.3,2024,9,28
O104494,2024-09-28,P0098,C00764,S005,1,37.83,0.0,37.83,29.0,8.83,2024,9,28
O108459,2024-09-29,P0017,C00367,S012,2,25.27,0.0,50.54,35.54,15.0,2024,9,29
O103266,2024-09-29,P0011,C01118,S003,1,713.82,0.1,642.44,451.83,190.61,2024,9,29
O101779,2024-09-29,P0067,C00274,S001,1,5.57,0.1,5.01,3.25,1.76,2024,9,29
O103601,2024-09-29,P0046,C00065,S005,1,69.45,0.0,69.45,42.58,26.87,2024,9,29
O107367,2024-09-29,P0079,C00252,S004,4,120.53,0.0,482.12,372.4,109.72,2024,9,29
O111271,2024-09-29,P0023,C00991,S006,1,818.22,0.0,818.22,630.15,188.07,2024,9,29
O111869,2024-09-30,P0056,C00997,S005,2,20.73,0.0,41.46,33.5,7.96,2024,9,30
O108250,2024-09-30,P0064,C00341,S010,5,12.06,0.1,54.27,27.4,26.87,2024,9,30
O107826,2024-09-30,P0035,C00121,S007,1,21.89,0.0,21.89,12.25,9.64,2024,9,30
O103894,2024-09-30,P0070,C01157,S007,1,27.07,0.05,25.72,14.25,11.47,2024,9,30
O103733,2024-09-30,P0061,C00407,S007,1,86.94,0.0,86.94,46.4,40.54,2024,9,30
O106515,2024-09-30,P0094,C01125,S005,1,21.21,0.0,21.21,12.17,9.04,2024,9,30
O100484,2024-09-30,P0090,C00180,S008,1,575.16,0.05,546.4,375.73,170.67,2024,9,30
O107767,2024-09-30,P0062,C00845,S011,1,39.06,0.0,39.06,17.85,21.21,2024,9,30
O100542,2024-09-30,P0081,C00580,S009,3,143.09,0.05,407.81,330.0,77.81,2024,9,30
O100378,2024-09-30,P0044,C00884,S005,2,136.64,0.05,259.62,231.36,28.26,2024,9,30
O102760,2024-09-30,P0005,C01099,S005,1,15.5,0.2,12.4,12.07,0.33,2024,9,30
O111735,2024-09-30,P0079,C00727,S011,5,120.53,0.0,602.65,465.5,137.15,2024,9,30
O101021,2024-09-30,P0019,C00868,S010,1,138.62,0.0,138.62,68.15,70.47,2024,9,30
O109692,2024-09-30,P0030,C01123,S011,2,41.4,0.0,82.8,50.42,32.38,2024,9,30
O111221,2024-09-30,P0034,C00982,S008,2,84.19,0.0,168.38,138.08,30.3,2024,9,30
O103033,2024-09-30,P0051,C00470,S009,2,32.14,0.05,61.07,32.04,29.03,2024,9,30
O111659,2024-09-30,P0048,C00631,S005,1,113.33,0.05,107.66,82.55,25.11,2024,9,30
O105881,2024-10-01,P0092,C00505,S001,1,41.48,0.05,39.41,25.41,14.0,2024,10,1
O111224,2024-10-01,P0007,C00809,S009,1,99.07,0.05,94.12,74.71,19.41,2024,10,1
O102490,2024-10-01,P0070,C00547,S001,2,27.07,0.0,54.14,28.5,25.64,2024,10,1
O110834,2024-10-01,P0052,C01127,S012,1,97.55,0.0,97.55,61.47,36.08,2024,10,1
O102818,2024-10-01,P0009,C00895,S001,2,8.02,0.0,16.04,12.18,3.86,2024,10,1
O107937,2024-10-01,P0069,C00104,S006,4,85.27,0.0,341.08,263.44,77.64,2024,10,1
O109208,2024-10-01,P0027,C00202,S007,1,55.97,0.15,47.57,29.57,18.0,2024,10,1
O105162,2024-10-01,P0052,C00725,S012,1,97.55,0.0,97.55,61.47,36.08,2024,10,1
O100996,2024-10-01,P0090,C00153,S008,1,575.16,0.05,546.4,375.73,170.67,2024,10,1
O105878,2024-10-01,P0089,C00648,S011,2,39.28,0.0,78.56,36.3,42.26,2024,10,1
O110466,2024-10-01,P0090,C00428,S010,1,575.16,0.0,575.16,375.73,199.43,2024,10,1
O105143,2024-10-01,P0084,C01128,S007,3,17.53,0.1,47.33,42.33,5.0,2024,10,1
O101328,2024-10-01,P0064,C00214,S012,1,12.06,0.15,10.25,5.48,4.77,2024,10,1
O110134,2024-10-01,P0045,C00665,S003,2,131.19,0.0,262.38,213.76,48.62,2024,10,1
O110703,2024-10-01,P0021,C00113,S008,1,25.8,0.0,25.8,12.57,13.23,2024,10,1
O107887,2024-10-01,P0048,C00225,S002,1,113.33,0.1,102.0,82.55,19.45,2024,10,1
O110852,2024-10-02,P0016,C00141,S005,1,547.4,0.15,465.29,397.41,67.88,2024,10,2
O106273,2024-10-02,P0099,C00676,S008,3,5.01,0.0,15.03,8.31,6.72,2024,10,2
O106667,2024-10-02,P0005,C00280,S009,2,15.5,0.05,29.45,24.14,5.31,2024,10,2
O104116,2024-10-02,P0019,C00039,S002,4,138.62,0.0,554.48,272.6,281.88,2024,10,2
O103181,2024-10-02,P0091,C00643,S011,2,35.24,0.05,66.96,37.34,29.62,2024,10,2
O100224,2024-10-02,P0039,C00417,S012,1,47.6,0.0,47.6,32.53,15.07,2024,10,2
O109006,2024-10-02,P0093,C00967,S007,2,13.08,0.0,26.16,18.32,7.84,2024,10,2
O100320,2024-10-02,P0007,C00258,S007,1,99.07,0.0,99.07,74.71,24.36,2024,10,2
O108680,2024-10-02,P0028,C00169,S001,1,453.33,0.0,453.33,253.96,199.37,2024,10,2
O102329,2024-10-02,P0069,C01187,S004,2,85.27,0.0,170.54,131.72,38.82,2024,10,2
O110820,2024-10-02,P0046,C00303,S006,2,69.45,0.0,138.9,85.16,53.74,2024,10,2
O100344,2024-10-02,P0077,C00416,S010,2,130.07,0.0,260.14,215.3,44.84,2024,10,2
O108316,2024-10-02,P0032,C00918,S012,1,62.15,0.0,62.15,45.29,16.86,2024,10,2
O111446,2024-10-02,P0032,C00134,S010,1,62.15,0.1,55.94,45.29,10.65,2024,10,2
O102741,2024-10-02,P0087,C00159,S007,5,463.9,0.0,2319.5,1268.25,1051.25,2024,10,2
O105292,2024-10-02,P0009,C00034,S008,1,8.02,0.2,6.42,6.09,0.33,2024,10,2
O111758,2024-10-02,P0089,C00633,S007,1,39.28,0.0,39.28,18.15,21.13,2024,10,2
O111222,2024-10-02,P0079,C00098,S003,1,120.53,0.05,114.5,93.1,21.4,2024,10,2
O108021,2024-10-02,P0081,C00391,S008,1,143.09,0.1,128.78,110.0,18.78,2024,10,2
O105970,2024-10-02,P0080,C00406,S007,1,20.59,0.05,19.56,13.94,5.62,2024,10,2
O104892,2024-10-02,P0035,C00029,S004,1,21.89,0.15,18.61,12.25,6.36,2024,10,2
O111364,2024-10-03,P0084,C00761,S005,3,17.53,0.0,52.59,42.33,10.26,2024,10,3
O107527,2024-10-03,P0041,C00041,S012,1,246.7,0.0,246.7,134.73,111.97,2024,10,3
O109004,2024-10-03,P0014,C00618,S003,1,13.14,0.2,10.51,6.13,4.38,2024,10,3
O107433,2024-10-03,P0021,C00974,S003,2,25.8,0.0,51.6,25.14,26.46,2024,10,3
O108505,2024-10-03,P0043,C00088,S003,1,11.09,0.0,11.09,5.81,5.28,2024,10,3
O105384,2024-10-03,P0084,C00467,S012,1,17.53,0.05,16.65,14.11,2.54,2024,10,3
O107996,2024-10-03,P0057,C00774,S007,1,157.4,0.0,157.4,131.61,25.79,2024,10,3
O101327,2024-10-03,P0022,C00825,S006,2,42.03,0.1,75.65,60.28,15.37,2024,10,3
O104770,2024-10-03,P0098,C00484,S010,2,37.83,0.15,64.31,58.0,6.31,2024,10,3
O106173,2024-10-03,P0036,C00884,S008,1,15.34,0.2,12.27,8.29,3.98,2024,10,3
O100319,2024-10-03,P0093,C00293,S011,1,13.08,0.1,11.77,9.16,2.61,2024,10,3
O111696,2024-10-03,P0022,C00712,S004,1,42.03,0.0,42.03,30.14,11.89,2024,10,3
O100994,2024-10-03,P0007,C00024,S004,2,99.07,0.0,198.14,149.42,48.72,2024,10,3
O111156,2024-10-03,P0062,C00152,S004,3,39.06,0.0,117.18,53.55,63.63,2024,10,3
O107544,2024-10-03,P0003,C01104,S001,1,44.76,0.05,42.52,33.14,9.38,2024,10,3
O102345,2024-10-03,P0060,C00148,S001,2,80.71,0.0,161.42,102.5,58.92,2024,10,3
O107724,2024-10-03,P0071,C00445,S004,1,9.68,0.0,9.68,7.38,2.3,2024,10,3
O100361,2024-10-03,P0024,C01048,S007,3,722.65,0.0,2167.95,1270.74,897.21,2024,10,3
O106944,2024-10-03,P0027,C00138,S001,1,55.97,0.0,55.97,29.57,26.4,2024,10,3
O100327,2024-10-03,P0099,C00069,S012,2,5.01,0.0,10.02,5.54,4.48,2024,10,3
O105085,2024-10-03,P0044,C01137,S011,1,136.64,0.0,136.64,115.68,20.96,2024,10,3
O103695,2024-10-03,P0035,C00493,S004,1,21.89,0.05,20.8,12.25,8.55,2024,10,3
O107171,2024-10-04,P0041,C00516,S001,3,246.7,0.0,740.1,404.19,335.91,2024,10,4
O102773,2024-10-04,P0007,C00527,S003,1,99.07,0.0,99.07,74.71,24.36,2024,10,4
O102411,2024-10-04,P0079,C01163,S006,1,120.53,0.0,120.53,93.1,27.43,2024,10,4
O102435,2024-10-04,P0093,C00562,S004,1,13.08,0.05,12.43,9.16,3.27,2024,10,4
O103155,2024-10-04,P0056,C00106,S008,1,20.73,0.05,19.69,16.75,2.94,2024,10,4
O111416,2024-10-04,P0032,C00494,S012,1,62.15,0.0,62.15,45.29,16.86,2024,10,4
O101635,2024-10-04,P0088,C00182,S007,5,5.57,0.0,27.85,21.55,6.3,2024,10,4
O103113,2024-10-04,P0018,C00124,S002,5,34.43,0.0,172.15,132.45,39.7,2024,10,4
O108989,2024-10-04,P0010,C00214,S007,2,14.81,0.15,25.18,24.3,0.88,2024,10,4
O110432,2024-10-04,P0007,C00222,S009,1,99.07,0.0,99.07,74.71,24.36,2024,10,4
O110585,2024-10-04,P0038,C00845,S010,3,42.19,0.05,120.24,87.93,32.31,2024,10,4
O108458,2024-10-04,P0042,C00011,S005,1,9.86,0.0,9.86,6.23,3.63,2024,10,4
O109940,2024-10-04,P0059,C00906,S012,2,10.64,0.0,21.28,15.4,5.88,2024,10,4
O104773,2024-10-04,P0066,C00689,S012,1,105.53,0.0,105.53,58.77,46.76,2024,10,4
O107631,2024-10-04,P0053,C00421,S003,2,51.37,0.0,102.74,64.54,38.2,2024,10,4
O110558,2024-10-04,P0068,C00659,S006,1,100.31,0.05,95.29,81.38,13.91,2024,10,4
O111725,2024-10-04,P0088,C00538,S002,4,5.57,0.0,22.28,17.24,5.04,2024,10,4
O107807,2024-10-05,P0099,C00961,S007,1,5.01,0.15,4.26,2.77,1.49,2024,10,5
O105153,2024-10-05,P0014,C01079,S004,1,13.14,0.05,12.48,6.13,6.35,2024,10,5
O110456,2024-10-05,P0029,C00204,S012,1,93.75,0.0,93.75,68.76,24.99,2024,10,5
O107029,2024-10-05,P0054,C00141,S011,1,42.97,0.0,42.97,29.12,13.85,2024,10,5
O106775,2024-10-05,P0029,C01080,S009,10,93.75,0.0,937.5,687.6,249.9,2024,10,5
O111868,2024-10-05,P0069,C00911,S007,2,85.27,0.0,170.54,131.72,38.82,2024,10,5
O100868,2024-10-05,P0056,C00019,S011,1,20.73,0.0,20.73,16.75,3.98,2024,10,5
O103809,2024-10-05,P0047,C00112,S011,2,125.46,0.0,250.92,119.8,131.12,2024,10,5
O109175,2024-10-05,P0054,C01039,S004,2,42.97,0.15,73.05,58.24,14.81,2024,10,5
O107849,2024-10-05,P0020,C00835,S004,1,30.45,0.0,30.45,20.59,9.86,2024,10,5
O107674,2024-10-05,P0027,C00252,S006,4,55.97,0.05,212.69,118.28,94.41,2024,10,5
O106925,2024-10-05,P0075,C00436,S002,2,10.1,0.0,20.2,14.98,5.22,2024,10,5
O103890,2024-10-05,P0050,C00748,S008,2,9.87,0.0,19.74,9.48,10.26,2024,10,5
O108348,2024-10-05,P0034,C00435,S011,1,84.19,0.05,79.98,69.04,10.94,2024,10,5
O111558,2024-10-05,P0081,C00860,S009,2,143.09,0.05,271.87,220.0,51.87,2024,10,5
O103124,2024-10-05,P0042,C01141,S005,2,9.86,0.1,17.75,12.46,5.29,2024,10,5
O102120,2024-10-06,P0042,C01127,S009,1,9.86,0.0,9.86,6.23,3.63,2024,10,6
O105478,2024-10-06,P0006,C00425,S008,1,74.01,0.0,74.01,43.08,30.93,2024,10,6
O111401,2024-10-06,P0030,C01152,S002,3,41.4,0.1,111.78,75.63,36.15,2024,10,6
O111689,2024-10-06,P0072,C00142,S012,1,149.26,0.05,141.8,69.51,72.29,2024,10,6
O109087,2024-10-06,P0030,C00153,S010,1,41.4,0.1,37.26,25.21,12.05,2024,10,6
O100570,2024-10-06,P0030,C01199,S009,3,41.4,0.0,124.2,75.63,48.57,2024,10,6
O101799,2024-10-06,P0058,C01086,S005,5,123.22,0.0,616.1,297.35,318.75,2024,10,6
O106041,2024-10-06,P0001,C00615,S007,1,132.87,0.0,132.87,107.4,25.47,2024,10,6
O102237,2024-10-06,P0017,C00687,S004,1,25.27,0.1,22.74,17.77,4.97,2024,10,6
O111409,2024-10-06,P0022,C00188,S009,2,42.03,0.0,84.06,60.28,23.78,2024,10,6
O104085,2024-10-06,P0075,C00262,S003,1,10.1,0.15,8.58,7.49,1.09,2024,10,6
O102206,2024-10-06,P0019,C01025,S004,1,138.62,0.15,117.83,68.15,49.68,2024,10,6
O101119,2024-10-06,P0074,C00201,S011,1,106.15,0.15,90.23,69.24,20.99,2024,10,6
O110525,2024-10-06,P0097,C00121,S010,1,8.15,0.0,8.15,5.49,2.66,2024,10,6
O100747,2024-10-06,P0066,C01170,S005,1,105.53,0.1,94.98,58.77,36.21,2024,10,6
O111619,2024-10-06,P0008,C00118,S009,2,22.28,0.0,44.56,22.28,22.28,2024,10,6
O102356,2024-10-06,P0042,C00268,S003,2,9.86,0.05,18.73,12.46,6.27,2024,10,6
O109558,2024-10-07,P0066,C00441,S012,2,105.53,0.0,211.06,117.54,93.52,2024,10,7
O111336,2024-10-07,P0074,C00157,S002,1,106.15,0.0,106.15,69.24,36.91,2024,10,7
O110740,2024-10-07,P0060,C00808,S010,2,80.71,0.0,161.42,102.5,58.92,2024,10,7
O104637,2024-10-07,P0093,C00240,S012,1,13.08,0.0,13.08,9.16,3.92,2024,10,7
O104754,2024-10-07,P0054,C00801,S002,1,42.97,0.0,42.97,29.12,13.85,2024,10,7
O104435,2024-10-07,P0040,C00926,S002,1,25.25,0.05,23.99,16.53,7.46,2024,10,7
O104825,2024-10-07,P0058,C00196,S002,2,123.22,0.0,246.44,118.94,127.5,2024,10,7
O108193,2024-10-07,P0073,C00564,S008,1,36.7,0.0,36.7,18.22,18.48,2024,10,7
O105916,2024-10-07,P0054,C00016,S005,1,42.97,0.15,36.52,29.12,7.4,2024,10,7
O104526,2024-10-07,P0047,C00971,S003,1,125.46,0.0,125.46,59.9,65.56,2024,10,7
O110240,2024-10-07,P0085,C00592,S001,2,34.17,0.0,68.34,55.0,13.34,2024,10,7
O111107,2024-10-07,P0098,C00567,S003,1,37.83,0.0,37.83,29.0,8.83,2024,10,7
O107037,2024-10-07,P0015,C00472,S002,3,36.03,0.05,102.69,55.83,46.86,2024,10,7
O105019,2024-10-07,P0031,C00868,S006,2,104.43,0.1,187.97,128.36,59.61,2024,10,7
O109084,2024-10-08,P0004,C00486,S008,2,29.55,0.15,50.24,28.96,21.28,2024,10,8
O104942,2024-10-08,P0021,C00337,S009,1,25.8,0.05,24.51,12.57,11.94,2024,10,8
O101984,2024-10-08,P0081,C00560,S002,3,143.09,0.1,386.34,330.0,56.34,2024,10,8
O109900,2024-10-08,P0035,C00571,S004,1,21.89,0.15,18.61,12.25,6.36,2024,10,8
O110075,2024-10-08,P0039,C00220,S004,2,47.6,0.0,95.2,65.06,30.14,2024,10,8
O107998,2024-10-08,P0048,C00999,S012,1,113.33,0.1,102.0,82.55,19.45,2024,10,8
O101237,2024-10-08,P0033,C00351,S010,1,47.81,0.05,45.42,31.21,14.21,2024,10,8
O110993,2024-10-08,P0015,C00424,S003,1,36.03,0.0,36.03,18.61,17.42,2024,10,8
O103110,2024-10-08,P0003,C00248,S003,1,44.76,0.05,42.52,33.14,9.38,2024,10,8
O106255,2024-10-08,P0018,C00352,S007,2,34.43,0.05,65.42,52.98,12.44,2024,10,8
O103138,2024-10-08,P0028,C00425,S005,1,453.33,0.0,453.33,253.96,199.37,2024,10,8
O108813,2024-10-08,P0064,C00242,S010,2,12.06,0.15,20.5,10.96,9.54,2024,10,8
O100505,2024-10-08,P0048,C01194,S007,1,113.33,0.15,96.33,82.55,13.78,2024,10,8
O105862,2024-10-08,P0085,C00251,S004,1,34.17,0.05,32.46,27.5,4.96,2024,10,8
O101553,2024-10-08,P0086,C00649,S007,1,310.61,0.0,310.61,159.69,150.92,2024,10,8
O108190,2024-10-08,P0006,C00804,S005,3,74.01,0.05,210.93,129.24,81.69,2024,10,8
O103197,2024-10-08,P0089,C00679,S001,1,39.28,0.0,39.28,18.15,21.13,2024,10,8
O105429,2024-10-08,P0093,C01173,S004,2,13.08,0.15,22.24,18.32,3.92,2024,10,8
O110905,2024-10-08,P0035,C00452,S011,5,21.89,0.0,109.45,61.25,48.2,2024,10,8
O104810,2024-10-08,P0054,C00978,S010,1,42.97,0.2,34.38,29.12,5.26,2024,10,8
O104057,2024-10-08,P0061,C00717,S005,1,86.94,0.0,86.94,46.4,40.54,2024,10,8
O101039,2024-10-08,P0044,C00610,S010,2,136.64,0.0,273.28,231.36,41.92,2024,10,8
O105462,2024-10-08,P0099,C00264,S001,3,5.01,0.0,15.03,8.31,6.72,2024,10,8
O109643,2024-10-08,P0021,C00165,S009,2,25.8,0.1,46.44,25.14,21.3,2024,10,8
O101657,2024-10-09,P0079,C00132,S003,1,120.53,0.0,120.53,93.1,27.43,2024,10,9
O108233,2024-10-09,P0048,C00313,S001,1,113.33,0.05,107.66,82.55,25.11,2024,10,9
O106757,2024-10-09,P0059,C01124,S005,1,10.64,0.15,9.04,7.7,1.34,2024,10,9
O103275,2024-10-09,P0092,C00199,S001,1,41.48,0.0,41.48,25.41,16.07,2024,10,9
O108135,2024-10-09,P0010,C00016,S010,4,14.81,0.0,59.24,48.6,10.64,2024,10,9
O105298,2024-10-09,P0076,C00924,S011,2,301.81,0.0,603.62,495.78,107.84,2024,10,9
O111979,2024-10-09,P0082,C00479,S009,1,28.43,0.05,27.01,21.73,5.28,2024,10,9
O104592,2024-10-09,P0053,C00657,S001,1,51.37,0.0,51.37,32.27,19.1,2024,10,9
O102315,2024-10-09,P0055,C00301,S002,2,24.74,0.05,47.01,34.96,12.05,2024,10,9
O100135,2024-10-09,P0053,C00376,S004,2,51.37,0.0,102.74,64.54,38.2,2024,10,9
O108685,2024-10-09,P0067,C00802,S006,2,5.57,0.0,11.14,6.5,4.64,2024,10,9
O100090,2024-10-10,P0046,C01145,S008,1,69.45,0.0,69.45,42.58,26.87,2024,10,10
O102142,2024-10-10,P0071,C00166,S001,1,9.68,0.15,8.23,7.38,0.85,2024,10,10
O105920,2024-10-10,P0009,C00404,S009,5,8.02,0.0,40.1,30.45,9.65,2024,10,10
O107316,2024-10-10,P0053,C00270,S004,1,51.37,0.0,51.37,32.27,19.1,2024,10,10
O105234,2024-10-10,P0080,C00565,S009,1,20.59,0.1,18.53,13.94,4.59,2024,10,10
O101801,2024-10-10,P0085,C00174,S011,1,34.17,0.0,34.17,27.5,6.67,2024,10,10
O101472,2024-10-10,P0019,C01163,S002,5,138.62,0.0,693.1,340.75,352.35,2024,10,10
O108988,2024-10-10,P0019,C00446,S011,2,138.62,0.0,277.24,136.3,140.94,2024,10,10
O105742,2024-10-10,P0047,C00611,S006,1,125.46,0.05,119.19,59.9,59.29,2024,10,10
O108270,2024-10-10,P0052,C00660,S011,2,97.55,0.0,195.1,122.94,72.16,2024,10,10
O103036,2024-10-10,P0075,C00857,S009,2,10.1,0.05,19.19,14.98,4.21,2024,10,10
O101408,2024-10-10,P0100,C00373,S003,4,142.46,0.0,569.84,364.56,205.28,2024,10,10
O103188,2024-10-10,P0043,C00885,S004,1,11.09,0.05,10.54,5.81,4.73,2024,10,10
O109136,2024-10-10,P0033,C00430,S012,1,47.81,0.0,47.81,31.21,16.6,2024,10,10
O102346,2024-10-11,P0081,C00681,S001,2,143.09,0.0,286.18,220.0,66.18,2024,10,11
O102962,2024-10-11,P0085,C00272,S011,1,34.17,0.0,34.17,27.5,6.67,2024,10,11
O107895,2024-10-11,P0049,C00123,S003,1,366.28,0.0,366.28,172.71,193.57,2024,10,11
O102121,2024-10-11,P0100,C00265,S006,1,142.46,0.0,142.46,91.14,51.32,2024,10,11
O103137,2024-10-11,P0049,C00622,S002,1,366.28,0.0,366.28,172.71,193.57,2024,10,11
O101126,2024-10-11,P0014,C01156,S006,1,13.14,0.0,13.14,6.13,7.01,2024,10,11
O105670,2024-10-11,P0089,C01082,S001,3,39.28,0.0,117.84,54.45,63.39,2024,10,11
O106097,2024-10-11,P0015,C00010,S010,3,36.03,0.15,91.88,55.83,36.05,2024,10,11
O106221,2024-10-11,P0084,C00345,S004,1,17.53,0.0,17.53,14.11,3.42,2024,10,11
O110707,2024-10-11,P0059,C01189,S009,1,10.64,0.0,10.64,7.7,2.94,2024,10,11
O106763,2024-10-11,P0024,C00262,S005,1,722.65,0.1,650.38,423.58,226.8,2024,10,11
O108424,2024-10-11,P0026,C00613,S008,1,325.3,0.15,276.5,181.38,95.12,2024,10,11
O106476,2024-10-11,P0015,C00725,S005,1,36.03,0.0,36.03,18.61,17.42,2024,10,11
O103019,2024-10-11,P0072,C00486,S006,1,149.26,0.0,149.26,69.51,79.75,2024,10,11
O101913,2024-10-11,P0041,C00906,S003,1,246.7,0.05,234.36,134.73,99.63,2024,10,11
O111800,2024-10-11,P0059,C00469,S004,2,10.64,0.15,18.09,15.4,2.69,2024,10,11
O104772,2024-10-11,P0047,C00120,S008,2,125.46,0.0,250.92,119.8,131.12,2024,10,11
O106856,2024-10-11,P0005,C00222,S010,1,15.5,0.0,15.5,12.07,3.43,2024,10,11
O108222,2024-10-11,P0069,C00633,S003,2,85.27,0.0,170.54,131.72,38.82,2024,10,11
O108778,2024-10-12,P0067,C00204,S008,1,5.57,0.0,5.57,3.25,2.32,2024,10,12
O104791,2024-10-12,P0008,C00953,S002,1,22.28,0.0,22.28,11.14,11.14,2024,10,12
O108058,2024-10-12,P0010,C00397,S001,1,14.81,0.15,12.59,12.15,0.44,2024,10,12
O107056,2024-10-12,P0042,C00232,S011,4,9.86,0.05,37.47,24.92,12.55,2024,10,12
O101224,2024-10-12,P0070,C00168,S005,1,27.07,0.0,27.07,14.25,12.82,2024,10,12
O109030,2024-10-12,P0029,C01120,S011,4,93.75,0.05,356.25,275.04,81.21,2024,10,12
O100952,2024-10-12,P0079,C00518,S012,1,120.53,0.0,120.53,93.1,27.43,2024,10,12
O109591,2024-10-12,P0063,C00955,S006,1,112.94,0.0,112.94,90.69,22.25,2024,10,12
O101047,2024-10-12,P0024,C00022,S002,2,722.65,0.1,1300.77,847.16,453.61,2024,10,12
O108908,2024-10-12,P0096,C00926,S008,2,63.84,0.2,102.14,70.1,32.04,2024,10,12
O100160,2024-10-12,P0074,C01063,S012,5,106.15,0.0,530.75,346.2,184.55,2024,10,12
O110341,2024-10-12,P0005,C00316,S001,1,15.5,0.0,15.5,12.07,3.43,2024,10,12
O101907,2024-10-12,P0080,C01052,S003,1,20.59,0.0,20.59,13.94,6.65,2024,10,12
O102899,2024-10-12,P0063,C00455,S002,1,112.94,0.0,112.94,90.69,22.25,2024,10,12
O101152,2024-10-12,P0099,C00769,S011,3,5.01,0.0,15.03,8.31,6.72,2024,10,12
O105834,2024-10-12,P0084,C00392,S005,1,17.53,0.0,17.53,14.11,3.42,2024,10,12
O106246,2024-10-12,P0063,C00055,S011,2,112.94,0.0,225.88,181.38,44.5,2024,10,12
O105362,2024-10-12,P0015,C00139,S001,1,36.03,0.0,36.03,18.61,17.42,2024,10,12
O106855,2024-10-12,P0045,C00132,S012,1,131.19,0.1,118.07,106.88,11.19,2024,10,12
O105817,2024-10-12,P0016,C00834,S004,2,547.4,0.05,1040.06,794.82,245.24,2024,10,12
O103096,2024-10-13,P0084,C00619,S002,3,17.53,0.1,47.33,42.33,5.0,2024,10,13
O110699,2024-10-13,P0063,C00926,S009,1,112.94,0.0,112.94,90.69,22.25,2024,10,13
O100107,2024-10-13,P0073,C00890,S007,1,36.7,0.0,36.7,18.22,18.48,2024,10,13
O103930,2024-10-13,P0037,C01118,S009,1,61.48,0.0,61.48,48.1,13.38,2024,10,13
O105921,2024-10-13,P0045,C00407,S002,2,131.19,0.0,262.38,213.76,48.62,2024,10,13
O110835,2024-10-13,P0057,C00234,S008,3,157.4,0.1,424.98,394.83,30.15,2024,10,13
O104882,2024-10-13,P0050,C00269,S002,2,9.87,0.0,19.74,9.48,10.26,2024,10,13
O110790,2024-10-13,P0049,C00390,S008,3,366.28,0.05,1043.9,518.13,525.77,2024,10,13
O108569,2024-10-13,P0056,C00092,S001,1,20.73,0.0,20.73,16.75,3.98,2024,10,13
O100558,2024-10-13,P0082,C00529,S001,4,28.43,0.1,102.35,86.92,15.43,2024,10,13
O102529,2024-10-13,P0005,C00129,S007,1,15.5,0.0,15.5,12.07,3.43,2024,10,13
O105149,2024-10-13,P0065,C00973,S005,2,776.21,0.0,1552.42,771.08,781.34,2024,10,13
O105952,2024-10-13,P0077,C00007,S007,3,130.07,0.0,390.21,322.95,67.26,2024,10,13
O107696,2024-10-13,P0083,C00658,S004,1,85.03,0.0,85.03,44.79,40.24,2024,10,13
O111593,2024-10-13,P0037,C00959,S012,1,61.48,0.15,52.26,48.1,4.16,2024,10,13
O105727,2024-10-13,P0096,C00099,S002,2,63.84,0.0,127.68,70.1,57.58,2024,10,13
O101330,2024-10-13,P0025,C00877,S009,2,18.6,0.0,37.2,28.18,9.02,2024,10,13
O107346,2024-10-13,P0027,C00666,S003,1,55.97,0.2,44.78,29.57,15.21,2024,10,13
O101283,2024-10-13,P0068,C00012,S003,1,100.31,0.0,100.31,81.38,18.93,2024,10,13
O111244,2024-10-14,P0048,C00562,S001,5,113.33,0.0,566.65,412.75,153.9,2024,10,14
O111421,2024-10-14,P0034,C00346,S005,1,84.19,0.0,84.19,69.04,15.15,2024,10,14
O106112,2024-10-14,P0002,C00795,S006,4,130.95,0.0,523.8,400.24,123.56,2024,10,14
O106702,2024-10-14,P0093,C00777,S010,1,13.08,0.15,11.12,9.16,1.96,2024,10,14
O100406,2024-10-14,P0010,C00972,S001,1,14.81,0.1,13.33,12.15,1.18,2024,10,14
O105767,2024-10-14,P0017,C00620,S001,1,25.27,0.0,25.27,17.77,7.5,2024,10,14
O107555,2024-10-14,P0022,C00361,S004,1,42.03,0.2,33.62,30.14,3.48,2024,10,14
O107706,2024-10-14,P0032,C00773,S009,1,62.15,0.0,62.15,45.29,16.86,2024,10,14
O110088,2024-10-14,P0081,C00091,S010,1,143.09,0.05,135.94,110.0,25.94,2024,10,14
O103591,2024-10-14,P0096,C00796,S003,1,63.84,0.0,63.84,35.05,28.79,2024,10,14
O105320,2024-10-14,P0089,C00359,S006,2,39.28,0.0,78.56,36.3,42.26,2024,10,14
O106919,2024-10-14,P0065,C00340,S011,1,776.21,0.05,737.4,385.54,351.86,2024,10,14
O111040,2024-10-14,P0042,C00414,S012,1,9.86,0.15,8.38,6.23,2.15,2024,10,14
O103781,2024-10-14,P0091,C00499,S004,2,35.24,0.0,70.48,37.34,33.14,2024,10,14
O103438,2024-10-14,P0052,C00993,S012,1,97.55,0.15,82.92,61.47,21.45,2024,10,14
O110727,2024-10-14,P0022,C00855,S012,1,42.03,0.0,42.03,30.14,11.89,2024,10,14
O104066,2024-10-14,P0065,C00244,S003,1,776.21,0.1,698.59,385.54,313.05,2024,10,14
O105389,2024-10-15,P0019,C00103,S008,2,138.62,0.0,277.24,136.3,140.94,2024,10,15
O102695,2024-10-15,P0013,C00149,S007,1,45.23,0.05,42.97,24.82,18.15,2024,10,15
O110136,2024-10-15,P0028,C01121,S012,1,453.33,0.0,453.33,253.96,199.37,2024,10,15
O104415,2024-10-15,P0037,C01169,S006,1,61.48,0.1,55.33,48.1,7.23,2024,10,15
O106164,2024-10-15,P0013,C01024,S006,1,45.23,0.15,38.45,24.82,13.63,2024,10,15
O100603,2024-10-15,P0012,C00488,S004,2,88.36,0.0,176.72,125.8,50.92,2024,10,15
O105761,2024-10-15,P0098,C00577,S002,1,37.83,0.1,34.05,29.0,5.05,2024,10,15
O106292,2024-10-15,P0086,C00235,S007,10,310.61,0.0,3106.1,1596.9,1509.2,2024,10,15
O103157,2024-10-15,P0083,C00493,S004,2,85.03,0.0,170.06,89.58,80.48,2024,10,15
O108745,2024-10-15,P0068,C00971,S008,3,100.31,0.0,300.93,244.14,56.79,2024,10,15
O104813,2024-10-15,P0071,C00972,S003,1,9.68,0.0,9.68,7.38,2.3,2024,10,15
O111798,2024-10-15,P0072,C00186,S003,2,149.26,0.0,298.52,139.02,159.5,2024,10,15
O100239,2024-10-15,P0005,C00410,S010,1,15.5,0.0,15.5,12.07,3.43,2024,10,15
O101405,2024-10-15,P0002,C00692,S002,4,130.95,0.0,523.8,400.24,123.56,2024,10,15
O109495,2024-10-15,P0026,C00303,S002,3,325.3,0.1,878.31,544.14,334.17,2024,10,15
O109132,2024-10-15,P0076,C00423,S010,1,301.81,0.2,241.45,247.89,-6.44,2024,10,15
O106967,2024-10-15,P0026,C01058,S005,4,325.3,0.0,1301.2,725.52,575.68,2024,10,15
O100894,2024-10-16,P0004,C00903,S008,2,29.55,0.05,56.14,28.96,27.18,2024,10,16
O102964,2024-10-16,P0019,C00575,S008,1,138.62,0.0,138.62,68.15,70.47,2024,10,16
O111551,2024-10-16,P0048,C00643,S010,1,113.33,0.0,113.33,82.55,30.78,2024,10,16
O111064,2024-10-16,P0069,C00766,S001,2,85.27,0.0,170.54,131.72,38.82,2024,10,16
O100479,2024-10-16,P0072,C00104,S012,3,149.26,0.0,447.78,208.53,239.25,2024,10,16
O108647,2024-10-16,P0071,C00799,S012,2,9.68,0.0,19.36,14.76,4.6,2024,10,16
O110030,2024-10-16,P0022,C00410,S007,2,42.03,0.05,79.86,60.28,19.58,2024,10,16
O103692,2024-10-16,P0054,C00698,S007,2,42.97,0.0,85.94,58.24,27.7,2024,10,16
O107083,2024-10-16,P0004,C00177,S007,1,29.55,0.0,29.55,14.48,15.07,2024,10,16
O106398,2024-10-16,P0074,C00269,S011,1,106.15,0.0,106.15,69.24,36.91,2024,10,16
O110959,2024-10-16,P0077,C00044,S012,1,130.07,0.0,130.07,107.65,22.42,2024,10,16
O102301,2024-10-16,P0050,C00088,S002,2,9.87,0.05,18.75,9.48,9.27,2024,10,16
O107078,2024-10-16,P0039,C00864,S002,3,47.6,0.0,142.8,97.59,45.21,2024,10,16
O101887,2024-10-16,P0049,C00114,S002,10,366.28,0.0,3662.8,1727.1,1935.7,2024,10,16
O100764,2024-10-16,P0058,C00143,S011,1,123.22,0.15,104.74,59.47,45.27,2024,10,16
O100452,2024-10-17,P0066,C00902,S010,1,105.53,0.1,94.98,58.77,36.21,2024,10,17
O111278,2024-10-17,P0021,C00566,S003,2,25.8,0.0,51.6,25.14,26.46,2024,10,17
O101830,2024-10-17,P0072,C00704,S005,4,149.26,0.0,597.04,278.04,319.0,2024,10,17
O107497,2024-10-17,P0088,C00252,S003,1,5.57,0.05,5.29,4.31,0.98,2024,10,17
O101060,2024-10-17,P0016,C00294,S004,3,547.4,0.0,1642.2,1192.23,449.97,2024,10,17
O103887,2024-10-17,P0037,C00769,S012,1,61.48,0.0,61.48,48.1,13.38,2024,10,17
O108064,2024-10-17,P0083,C00837,S006,4,85.03,0.1,306.11,179.16,126.95,2024,10,17
O109522,2024-10-17,P0070,C01172,S005,1,27.07,0.15,23.01,14.25,8.76,2024,10,17
O109980,2024-10-17,P0060,C00844,S005,2,80.71,0.15,137.21,102.5,34.71,2024,10,17
O103673,2024-10-17,P0048,C00164,S003,1,113.33,0.0,113.33,82.55,30.78,2024,10,17
O109444,2024-10-17,P0038,C00541,S010,3,42.19,0.0,126.57,87.93,38.64,2024,10,17
O106972,2024-10-17,P0039,C00094,S010,1,47.6,0.1,42.84,32.53,10.31,2024,10,17
O102880,2024-10-17,P0093,C00699,S009,1,13.08,0.0,13.08,9.16,3.92,2024,10,17
O108726,2024-10-17,P0007,C00720,S011,2,99.07,0.0,198.14,149.42,48.72,2024,10,17
O100279,2024-10-18,P0020,C00292,S007,1,30.45,0.0,30.45,20.59,9.86,2024,10,18
O110296,2024-10-18,P0066,C01151,S008,1,105.53,0.15,89.7,58.77,30.93,2024,10,18
O106007,2024-10-18,P0078,C00317,S004,1,18.31,0.0,18.31,12.84,5.47,2024,10,18
O109047,2024-10-18,P0049,C00346,S002,2,366.28,0.0,732.56,345.42,387.14,2024,10,18
O101667,2024-10-18,P0032,C01123,S006,1,62.15,0.0,62.15,45.29,16.86,2024,10,18
O107792,2024-10-18,P0081,C00801,S003,2,143.09,0.0,286.18,220.0,66.18,2024,10,18
O103392,2024-10-18,P0085,C00017,S011,2,34.17,0.0,68.34,55.0,13.34,2024,10,18
O107463,2024-10-18,P0011,C00544,S011,5,713.82,0.0,3569.1,2259.15,1309.95,2024,10,18
O101208,2024-10-18,P0041,C01092,S001,2,246.7,0.0,493.4,269.46,223.94,2024,10,18
O105167,2024-10-18,P0046,C00068,S007,1,69.45,0.0,69.45,42.58,26.87,2024,10,18
O100954,2024-10-18,P0083,C00016,S007,1,85.03,0.0,85.03,44.79,40.24,2024,10,18
O107104,2024-10-19,P0038,C00982,S002,2,42.19,0.0,84.38,58.62,25.76,2024,10,19
O105426,2024-10-19,P0079,C00718,S012,2,120.53,0.0,241.06,186.2,54.86,2024,10,19
O111414,2024-10-19,P0047,C00210,S010,1,125.46,0.1,112.91,59.9,53.01,2024,10,19
O111230,2024-10-19,P0085,C00761,S010,1,34.17,0.0,34.17,27.5,6.67,2024,10,19
O105284,2024-10-19,P0096,C00670,S006,1,63.84,0.0,63.84,35.05,28.79,2024,10,19
O108391,2024-10-19,P0073,C00862,S008,2,36.7,0.0,73.4,36.44,36.96,2024,10,19
O104100,2024-10-19,P0017,C00078,S001,1,25.27,0.0,25.27,17.77,7.5,2024,10,19
O102624,2024-10-19,P0034,C01067,S011,1,84.19,0.0,84.19,69.04,15.15,2024,10,19
O101486,2024-10-19,P0054,C00741,S004,5,42.97,0.1,193.36,145.6,47.76,2024,10,19
O101085,2024-10-19,P0081,C00653,S008,1,143.09,0.0,143.09,110.0,33.09,2024,10,19
O102307,2024-10-19,P0035,C00237,S007,1,21.89,0.1,19.7,12.25,7.45,2024,10,19
O106063,2024-10-19,P0019,C00033,S005,1,138.62,0.05,131.69,68.15,63.54,2024,10,19
O104480,2024-10-19,P0018,C00723,S003,5,34.43,0.0,172.15,132.45,39.7,2024,10,19
O105396,2024-10-19,P0008,C01040,S003,1,22.28,0.0,22.28,11.14,11.14,2024,10,19
O111283,2024-10-19,P0052,C00391,S002,1,97.55,0.0,97.55,61.47,36.08,2024,10,19
O110404,2024-10-19,P0055,C01119,S004,1,24.74,0.0,24.74,17.48,7.26,2024,10,19
O110100,2024-10-19,P0057,C00177,S008,1,157.4,0.0,157.4,131.61,25.79,2024,10,19
O102852,2024-10-19,P0054,C00206,S007,1,42.97,0.0,42.97,29.12,13.85,2024,10,19
O106455,2024-10-19,P0033,C01085,S003,1,47.81,0.0,47.81,31.21,16.6,2024,10,19
O106806,2024-10-19,P0044,C00536,S009,2,136.64,0.0,273.28,231.36,41.92,2024,10,19
O102665,2024-10-19,P0084,C00681,S002,1,17.53,0.0,17.53,14.11,3.42,2024,10,19
O111755,2024-10-20,P0084,C00187,S011,1,17.53,0.0,17.53,14.11,3.42,2024,10,20
O105015,2024-10-20,P0014,C01188,S008,1,13.14,0.0,13.14,6.13,7.01,2024,10,20
O107425,2024-10-20,P0049,C00004,S006,2,366.28,0.0,732.56,345.42,387.14,2024,10,20
O110512,2024-10-20,P0028,C00341,S007,1,453.33,0.0,453.33,253.96,199.37,2024,10,20
O108410,2024-10-20,P0037,C00172,S006,1,61.48,0.15,52.26,48.1,4.16,2024,10,20
O111748,2024-10-20,P0100,C00748,S002,2,142.46,0.0,284.92,182.28,102.64,2024,10,20
O107007,2024-10-20,P0073,C00471,S001,1,36.7,0.0,36.7,18.22,18.48,2024,10,20
O111922,2024-10-20,P0063,C01099,S012,1,112.94,0.0,112.94,90.69,22.25,2024,10,20
O109786,2024-10-20,P0012,C00030,S010,1,88.36,0.0,88.36,62.9,25.46,2024,10,20
O106243,2024-10-20,P0011,C00457,S012,2,713.82,0.1,1284.88,903.66,381.22,2024,10,20
O101989,2024-10-20,P0072,C00488,S004,1,149.26,0.15,126.87,69.51,57.36,2024,10,20
O110854,2024-10-21,P0032,C00564,S001,1,62.15,0.05,59.04,45.29,13.75,2024,10,21
O100659,2024-10-21,P0026,C00001,S007,2,325.3,0.0,650.6,362.76,287.84,2024,10,21
O101481,2024-10-21,P0019,C00752,S003,4,138.62,0.05,526.76,272.6,254.16,2024,10,21
O101094,2024-10-21,P0068,C00374,S010,1,100.31,0.2,80.25,81.38,-1.13,2024,10,21
O107756,2024-10-21,P0002,C00460,S009,2,130.95,0.0,261.9,200.12,61.78,2024,10,21
O101259,2024-10-21,P0022,C00035,S005,2,42.03,0.1,75.65,60.28,15.37,2024,10,21
O103090,2024-10-21,P0063,C00945,S006,1,112.94,0.1,101.65,90.69,10.96,2024,10,21
O111000,2024-10-21,P0017,C00651,S005,1,25.27,0.0,25.27,17.77,7.5,2024,10,21
O109842,2024-10-21,P0041,C00829,S005,1,246.7,0.0,246.7,134.73,111.97,2024,10,21
O108357,2024-10-21,P0008,C00484,S011,2,22.28,0.0,44.56,22.28,22.28,2024,10,21
O106623,2024-10-21,P0019,C01058,S001,10,138.62,0.05,1316.89,681.5,635.39,2024,10,21
O102151,2024-10-21,P0063,C00977,S004,1,112.94,0.0,112.94,90.69,22.25,2024,10,21
O108309,2024-10-21,P0049,C00004,S005,1,366.28,0.0,366.28,172.71,193.57,2024,10,21
O106130,2024-10-21,P0050,C01199,S002,1,9.87,0.05,9.38,4.74,4.64,2024,10,21
O102404,2024-10-21,P0087,C00032,S009,2,463.9,0.0,927.8,507.3,420.5,2024,10,21
O102830,2024-10-21,P0069,C00879,S003,1,85.27,0.0,85.27,65.86,19.41,2024,10,21
O110382,2024-10-21,P0086,C00824,S009,5,310.61,0.0,1553.05,798.45,754.6,2024,10,21
O103358,2024-10-21,P0044,C00095,S001,1,136.64,0.0,136.64,115.68,20.96,2024,10,21
O108727,2024-10-21,P0008,C00492,S007,1,22.28,0.2,17.82,11.14,6.68,2024,10,21
O107621,2024-10-21,P0019,C01069,S007,2,138.62,0.2,221.79,136.3,85.49,2024,10,21
O111160,2024-10-21,P0096,C00356,S008,1,63.84,0.1,57.46,35.05,22.41,2024,10,21
O103056,2024-10-22,P0047,C00309,S010,1,125.46,0.05,119.19,59.9,59.29,2024,10,22
O103370,2024-10-22,P0058,C00722,S004,2,123.22,0.1,221.8,118.94,102.86,2024,10,22
O110882,2024-10-22,P0006,C00930,S001,1,74.01,0.1,66.61,43.08,23.53,2024,10,22
O104007,2024-10-22,P0037,C00045,S003,1,61.48,0.0,61.48,48.1,13.38,2024,10,22
O103970,2024-10-22,P0003,C00058,S009,2,44.76,0.0,89.52,66.28,23.24,2024,10,22
O106262,2024-10-22,P0034,C00003,S007,2,84.19,0.0,168.38,138.08,30.3,2024,10,22
O108671,2024-10-22,P0067,C01044,S005,2,5.57,0.05,10.58,6.5,4.08,2024,10,22
O109347,2024-10-22,P0012,C00862,S007,1,88.36,0.1,79.52,62.9,16.62,2024,10,22
O109318,2024-10-22,P0094,C00897,S003,2,21.21,0.0,42.42,24.34,18.08,2024,10,22
O103286,2024-10-22,P0055,C01060,S002,3,24.74,0.0,74.22,52.44,21.78,2024,10,22
O100651,2024-10-22,P0003,C00091,S010,1,44.76,0.0,44.76,33.14,11.62,2024,10,22
O105183,2024-10-22,P0001,C00622,S003,1,132.87,0.15,112.94,107.4,5.54,2024,10,22
O100585,2024-10-22,P0055,C00964,S010,1,24.74,0.0,24.74,17.48,7.26,2024,10,22
O111188,2024-10-22,P0032,C00390,S005,5,62.15,0.15,264.14,226.45,37.69,2024,10,22
O102391,2024-10-22,P0001,C00207,S003,2,132.87,0.05,252.45,214.8,37.65,2024,10,22
O102617,2024-10-22,P0055,C00483,S006,1,24.74,0.0,24.74,17.48,7.26,2024,10,22
O107683,2024-10-22,P0094,C01182,S004,1,21.21,0.1,19.09,12.17,6.92,2024,10,22
O101683,2024-10-22,P0029,C00202,S004,3,93.75,0.0,281.25,206.28,74.97,2024,10,22
O101243,2024-10-22,P0062,C00428,S003,1,39.06,0.0,39.06,17.85,21.21,2024,10,22
O110398,2024-10-22,P0048,C00092,S002,1,113.33,0.1,102.0,82.55,19.45,2024,10,22
O108405,2024-10-22,P0011,C00567,S009,3,713.82,0.0,2141.46,1355.49,785.97,2024,10,22
O107205,2024-10-22,P0081,C01077,S010,1,143.09,0.1,128.78,110.0,18.78,2024,10,22
O109029,2024-10-23,P0076,C00139,S012,1,301.81,0.05,286.72,247.89,38.83,2024,10,23
O108350,2024-10-23,P0087,C00157,S002,1,463.9,0.15,394.32,253.65,140.67,2024,10,23
O103562,2024-10-23,P0038,C01026,S003,2,42.19,0.1,75.94,58.62,17.32,2024,10,23
O108285,2024-10-23,P0007,C01177,S002,2,99.07,0.0,198.14,149.42,48.72,2024,10,23
O100841,2024-10-23,P0093,C01040,S004,1,13.08,0.05,12.43,9.16,3.27,2024,10,23
O105442,2024-10-23,P0034,C00167,S002,2,84.19,0.2,134.7,138.08,-3.38,2024,10,23
O110750,2024-10-23,P0077,C00688,S009,1,130.07,0.15,110.56,107.65,2.91,2024,10,23
O106351,2024-10-23,P0046,C00035,S002,1,69.45,0.0,69.45,42.58,26.87,2024,10,23
O103331,2024-10-23,P0073,C00574,S007,3,36.7,0.0,110.1,54.66,55.44,2024,10,23
O111850,2024-10-23,P0026,C00974,S006,2,325.3,0.0,650.6,362.76,287.84,2024,10,23
O100176,2024-10-23,P0062,C00707,S005,1,39.06,0.0,39.06,17.85,21.21,2024,10,23
O106896,2024-10-23,P0029,C00104,S003,2,93.75,0.15,159.38,137.52,21.86,2024,10,23
O108551,2024-10-23,P0096,C00689,S001,1,63.84,0.0,63.84,35.05,28.79,2024,10,23
O105614,2024-10-23,P0063,C00347,S012,1,112.94,0.0,112.94,90.69,22.25,2024,10,23
O101803,2024-10-23,P0036,C01029,S004,1,15.34,0.0,15.34,8.29,7.05,2024,10,23
O107022,2024-10-24,P0068,C00246,S009,3,100.31,0.0,300.93,244.14,56.79,2024,10,24
O106029,2024-10-24,P0044,C00306,S003,2,136.64,0.15,232.29,231.36,0.93,2024,10,24
O107315,2024-10-24,P0013,C01019,S010,4,45.23,0.0,180.92,99.28,81.64,2024,10,24
O103462,2024-10-24,P0004,C01097,S007,5,29.55,0.05,140.36,72.4,67.96,2024,10,24
O109462,2024-10-24,P0018,C00497,S005,1,34.43,0.0,34.43,26.49,7.94,2024,10,24
O102671,2024-10-24,P0075,C00633,S009,4,10.1,0.0,40.4,29.96,10.44,2024,10,24
O106628,2024-10-24,P0010,C00555,S012,1,14.81,0.0,14.81,12.15,2.66,2024,10,24
O110006,2024-10-24,P0012,C00772,S010,2,88.36,0.0,176.72,125.8,50.92,2024,10,24
O111691,2024-10-24,P0004,C00889,S002,2,29.55,0.2,47.28,28.96,18.32,2024,10,24
O105282,2024-10-24,P0020,C00880,S007,1,30.45,0.0,30.45,20.59,9.86,2024,10,24
O108504,2024-10-25,P0008,C01163,S001,5,22.28,0.2,89.12,55.7,33.42,2024,10,25
O105303,2024-10-25,P0069,C00302,S004,2,85.27,0.05,162.01,131.72,30.29,2024,10,25
O106139,2024-10-25,P0007,C00825,S005,1,99.07,0.0,99.07,74.71,24.36,2024,10,25
O109139,2024-10-25,P0022,C00812,S011,1,42.03,0.0,42.03,30.14,11.89,2024,10,25
O110283,2024-10-25,P0073,C00968,S002,2,36.7,0.1,66.06,36.44,29.62,2024,10,25
O101098,2024-10-25,P0066,C00867,S001,2,105.53,0.0,211.06,117.54,93.52,2024,10,25
O110737,2024-10-25,P0040,C01013,S008,1,25.25,0.2,20.2,16.53,3.67,2024,10,25
O110865,2024-10-25,P0036,C00914,S012,2,15.34,0.2,24.54,16.58,7.96,2024,10,25
O107151,2024-10-25,P0071,C01025,S010,1,9.68,0.0,9.68,7.38,2.3,2024,10,25
O110328,2024-10-25,P0017,C00656,S003,1,25.27,0.0,25.27,17.77,7.5,2024,10,25
O105486,2024-10-25,P0010,C00897,S008,3,14.81,0.0,44.43,36.45,7.98,2024,10,25
O111397,2024-10-25,P0025,C00156,S011,1,18.6,0.0,18.6,14.09,4.51,2024,10,25
O107062,2024-10-25,P0042,C00297,S007,2,9.86,0.05,18.73,12.46,6.27,2024,10,25
O101808,2024-10-25,P0019,C00157,S006,1,138.62,0.05,131.69,68.15,63.54,2024,10,25
O111681,2024-10-25,P0023,C00869,S002,1,818.22,0.1,736.4,630.15,106.25,2024,10,25
O106503,2024-10-25,P0045,C00089,S001,2,131.19,0.2,209.9,213.76,-3.86,2024,10,25
O102375,2024-10-25,P0003,C00112,S011,1,44.76,0.0,44.76,33.14,11.62,2024,10,25
O109739,2024-10-25,P0043,C00427,S004,1,11.09,0.0,11.09,5.81,5.28,2024,10,25
O103508,2024-10-25,P0094,C00678,S007,2,21.21,0.0,42.42,24.34,18.08,2024,10,25
O107282,2024-10-26,P0009,C00162,S004,1,8.02,0.1,7.22,6.09,1.13,2024,10,26
O110236,2024-10-26,P0040,C00527,S009,2,25.25,0.05,47.97,33.06,14.91,2024,10,26
O104519,2024-10-26,P0036,C00686,S010,1,15.34,0.0,15.34,8.29,7.05,2024,10,26
O102992,2024-10-26,P0009,C00592,S003,1,8.02,0.0,8.02,6.09,1.93,2024,10,26
O102313,2024-10-26,P0014,C00200,S006,1,13.14,0.1,11.83,6.13,5.7,2024,10,26
O109500,2024-10-26,P0047,C00280,S004,1,125.46,0.1,112.91,59.9,53.01,2024,10,26
O107680,2024-10-26,P0091,C00135,S010,2,35.24,0.1,63.43,37.34,26.09,2024,10,26
O107919,2024-10-26,P0050,C01015,S001,1,9.87,0.0,9.87,4.74,5.13,2024,10,26
O103544,2024-10-26,P0006,C00981,S007,1,74.01,0.0,74.01,43.08,30.93,2024,10,26
O104654,2024-10-26,P0095,C00016,S004,1,118.84,0.1,106.96,78.17,28.79,2024,10,26
O110113,2024-10-26,P0018,C01029,S012,3,34.43,0.05,98.13,79.47,18.66,2024,10,26
O100192,2024-10-26,P0022,C00779,S002,1,42.03,0.0,42.03,30.14,11.89,2024,10,26
O103862,2024-10-27,P0064,C00086,S003,1,12.06,0.0,12.06,5.48,6.58,2024,10,27
O105104,2024-10-27,P0039,C00965,S006,1,47.6,0.0,47.6,32.53,15.07,2024,10,27
O106042,2024-10-27,P0027,C01129,S005,2,55.97,0.0,111.94,59.14,52.8,2024,10,27
O102198,2024-10-27,P0011,C00813,S012,2,713.82,0.1,1284.88,903.66,381.22,2024,10,27
O101020,2024-10-27,P0098,C00635,S009,1,37.83,0.1,34.05,29.0,5.05,2024,10,27
O106490,2024-10-27,P0080,C00788,S011,1,20.59,0.0,20.59,13.94,6.65,2024,10,27
O110662,2024-10-27,P0094,C01139,S011,10,21.21,0.0,212.1,121.7,90.4,2024,10,27
O109054,2024-10-27,P0013,C00139,S007,2,45.23,0.05,85.94,49.64,36.3,2024,10,27
O101786,2024-10-27,P0097,C01029,S009,1,8.15,0.0,8.15,5.49,2.66,2024,10,27
O108622,2024-10-27,P0098,C01091,S010,3,37.83,0.0,113.49,87.0,26.49,2024,10,27
O102802,2024-10-27,P0063,C00798,S012,1,112.94,0.0,112.94,90.69,22.25,2024,10,27
O100281,2024-10-27,P0018,C01115,S008,1,34.43,0.0,34.43,26.49,7.94,2024,10,27
O100605,2024-10-27,P0026,C01003,S001,2,325.3,0.0,650.6,362.76,287.84,2024,10,27
O104314,2024-10-27,P0012,C01141,S009,2,88.36,0.1,159.05,125.8,33.25,2024,10,27
O106158,2024-10-27,P0023,C00611,S005,1,818.22,0.1,736.4,630.15,106.25,2024,10,27
O103027,2024-10-27,P0013,C00039,S006,2,45.23,0.05,85.94,49.64,36.3,2024,10,27
O101630,2024-10-27,P0038,C00700,S006,1,42.19,0.05,40.08,29.31,10.77,2024,10,27
O107224,2024-10-27,P0050,C00583,S004,1,9.87,0.05,9.38,4.74,4.64,2024,10,27
O104197,2024-10-27,P0011,C00777,S003,1,713.82,0.0,713.82,451.83,261.99,2024,10,27
O111298,2024-10-27,P0030,C01154,S012,1,41.4,0.0,41.4,25.21,16.19,2024,10,27
O101654,2024-10-27,P0068,C00737,S010,4,100.31,0.0,401.24,325.52,75.72,2024,10,27
O106192,2024-10-28,P0004,C00532,S004,1,29.55,0.0,29.55,14.48,15.07,2024,10,28
O101611,2024-10-28,P0010,C00313,S009,4,14.81,0.15,50.35,48.6,1.75,2024,10,28
O103971,2024-10-28,P0095,C00028,S011,2,118.84,0.0,237.68,156.34,81.34,2024,10,28
O108476,2024-10-28,P0061,C00406,S004,1,86.94,0.05,82.59,46.4,36.19,2024,10,28
O100388,2024-10-28,P0057,C01028,S001,2,157.4,0.2,251.84,263.22,-11.38,2024,10,28
O106622,2024-10-28,P0080,C00713,S010,1,20.59,0.1,18.53,13.94,4.59,2024,10,28
O106499,2024-10-28,P0022,C00259,S001,3,42.03,0.05,119.79,90.42,29.37,2024,10,28
O111641,2024-10-28,P0041,C00684,S003,3,246.7,0.0,740.1,404.19,335.91,2024,10,28
O100193,2024-10-28,P0063,C00567,S010,1,112.94,0.0,112.94,90.69,22.25,2024,10,28
O101229,2024-10-28,P0011,C01181,S001,2,713.82,0.0,1427.64,903.66,523.98,2024,10,28
O105248,2024-10-29,P0038,C00968,S004,2,42.19,0.05,80.16,58.62,21.54,2024,10,29
O100100,2024-10-29,P0017,C01094,S001,2,25.27,0.0,50.54,35.54,15.0,2024,10,29
O107764,2024-10-29,P0057,C00856,S007,2,157.4,0.1,283.32,263.22,20.1,2024,10,29
O106617,2024-10-29,P0038,C00232,S003,1,42.19,0.0,42.19,29.31,12.88,2024,10,29
O103239,2024-10-29,P0085,C00870,S012,1,34.17,0.0,34.17,27.5,6.67,2024,10,29
O108482,2024-10-29,P0033,C00002,S010,1,47.81,0.0,47.81,31.21,16.6,2024,10,29
O108308,2024-10-29,P0050,C00556,S005,2,9.87,0.1,17.77,9.48,8.29,2024,10,29
O101708,2024-10-29,P0070,C00463,S005,3,27.07,0.0,81.21,42.75,38.46,2024,10,29
O102752,2024-10-29,P0011,C00478,S010,1,713.82,0.1,642.44,451.83,190.61,2024,10,29
O109954,2024-10-29,P0023,C00282,S011,1,818.22,0.0,818.22,630.15,188.07,2024,10,29
O105058,2024-10-29,P0032,C00877,S004,2,62.15,0.0,124.3,90.58,33.72,2024,10,29
O104490,2024-10-29,P0095,C00626,S010,1,118.84,0.0,118.84,78.17,40.67,2024,10,29
O100424,2024-10-29,P0004,C00897,S008,4,29.55,0.0,118.2,57.92,60.28,2024,10,29
O110316,2024-10-29,P0099,C00047,S012,1,5.01,0.0,5.01,2.77,2.24,2024,10,29
O103142,2024-10-30,P0026,C00014,S004,3,325.3,0.1,878.31,544.14,334.17,2024,10,30
O100124,2024-10-30,P0075,C00030,S010,4,10.1,0.1,36.36,29.96,6.4,2024,10,30
O105947,2024-10-30,P0018,C00960,S008,2,34.43,0.05,65.42,52.98,12.44,2024,10,30
O102664,2024-10-30,P0008,C00923,S004,1,22.28,0.05,21.17,11.14,10.03,2024,10,30
O104159,2024-10-30,P0040,C00285,S011,1,25.25,0.0,25.25,16.53,8.72,2024,10,30
O101726,2024-10-30,P0018,C00339,S003,2,34.43,0.1,61.97,52.98,8.99,2024,10,30
O105774,2024-10-30,P0082,C00504,S004,1,28.43,0.0,28.43,21.73,6.7,2024,10,30
O101658,2024-10-30,P0019,C00420,S008,1,138.62,0.05,131.69,68.15,63.54,2024,10,30
O101647,2024-10-30,P0099,C01121,S005,2,5.01,0.0,10.02,5.54,4.48,2024,10,30
O104396,2024-10-30,P0001,C00309,S007,5,132.87,0.05,631.13,537.0,94.13,2024,10,30
O104283,2024-10-31,P0099,C00221,S010,1,5.01,0.05,4.76,2.77,1.99,2024,10,31
O100694,2024-10-31,P0007,C00503,S012,1,99.07,0.1,89.16,74.71,14.45,2024,10,31
O102746,2024-10-31,P0018,C00165,S004,10,34.43,0.0,344.3,264.9,79.4,2024,10,31
O101010,2024-10-31,P0099,C01133,S008,2,5.01,0.05,9.52,5.54,3.98,2024,10,31
O102343,2024-10-31,P0007,C01007,S001,3,99.07,0.0,297.21,224.13,73.08,2024,10,31
O105662,2024-10-31,P0040,C00911,S004,4,25.25,0.0,101.0,66.12,34.88,2024,10,31
O108558,2024-10-31,P0014,C00142,S003,1,13.14,0.05,12.48,6.13,6.35,2024,10,31
O109530,2024-10-31,P0066,C00270,S006,5,105.53,0.0,527.65,293.85,233.8,2024,10,31
O106326,2024-10-31,P0036,C00697,S010,1,15.34,0.0,15.34,8.29,7.05,2024,10,31
O106530,2024-10-31,P0027,C00698,S005,1,55.97,0.15,47.57,29.57,18.0,2024,10,31
O108848,2024-10-31,P0021,C00042,S007,2,25.8,0.0,51.6,25.14,26.46,2024,10,31
O101485,2024-10-31,P0074,C00552,S012,1,106.15,0.0,106.15,69.24,36.91,2024,10,31
O104563,2024-10-31,P0073,C00984,S012,1,36.7,0.0,36.7,18.22,18.48,2024,10,31
O108875,2024-10-31,P0026,C00176,S002,4,325.3,0.0,1301.2,725.52,575.68,2024,10,31
O105977,2024-10-31,P0007,C00980,S010,1,99.07,0.1,89.16,74.71,14.45,2024,10,31
O109807,2024-10-31,P0046,C00009,S002,3,69.45,0.0,208.35,127.74,80.61,2024,10,31
O102532,2024-10-31,P0049,C00605,S004,3,366.28,0.0,1098.84,518.13,580.71,2024,10,31
O105626,2024-10-31,P0061,C00354,S005,2,86.94,0.05,165.19,92.8,72.39,2024,10,31
O107530,2024-10-31,P0017,C00961,S010,1,25.27,0.05,24.01,17.77,6.24,2024,10,31
O101302,2024-11-01,P0095,C00621,S004,1,118.84,0.0,118.84,78.17,40.67,2024,11,1
O101599,2024-11-01,P0096,C00807,S006,2,63.84,0.0,127.68,70.1,57.58,2024,11,1
O109387,2024-11-01,P0026,C01190,S009,5,325.3,0.1,1463.85,906.9,556.95,2024,11,1
O104909,2024-11-01,P0062,C00805,S012,1,39.06,0.1,35.15,17.85,17.3,2024,11,1
O105328,2024-11-01,P0075,C00376,S009,1,10.1,0.0,10.1,7.49,2.61,2024,11,1
O100530,2024-11-01,P0058,C01110,S005,1,123.22,0.0,123.22,59.47,63.75,2024,11,1
O107415,2024-11-01,P0059,C00699,S008,1,10.64,0.15,9.04,7.7,1.34,2024,11,1
O104258,2024-11-01,P0080,C00644,S005,1,20.59,0.0,20.59,13.94,6.65,2024,11,1
O108073,2024-11-01,P0060,C00503,S004,2,80.71,0.0,161.42,102.5,58.92,2024,11,1
O111702,2024-11-01,P0079,C01106,S005,1,120.53,0.0,120.53,93.1,27.43,2024,11,1
O102211,2024-11-01,P0098,C00747,S008,1,37.83,0.15,32.16,29.0,3.16,2024,11,1
O104443,2024-11-01,P0097,C00943,S004,2,8.15,0.15,13.86,10.98,2.88,2024,11,1
O104439,2024-11-02,P0024,C00300,S003,1,722.65,0.05,686.52,423.58,262.94,2024,11,2
O109851,2024-11-02,P0007,C00289,S007,2,99.07,0.1,178.33,149.42,28.91,2024,11,2
O109999,2024-11-02,P0060,C00997,S007,2,80.71,0.1,145.28,102.5,42.78,2024,11,2
O102455,2024-11-02,P0056,C00250,S010,3,20.73,0.1,55.97,50.25,5.72,2024,11,2
O104980,2024-11-02,P0066,C00393,S006,1,105.53,0.05,100.25,58.77,41.48,2024,11,2
O102503,2024-11-02,P0003,C00524,S006,2,44.76,0.0,89.52,66.28,23.24,2024,11,2
O104949,2024-11-02,P0011,C00442,S012,1,713.82,0.0,713.82,451.83,261.99,2024,11,2
O103994,2024-11-02,P0027,C00719,S006,1,55.97,0.0,55.97,29.57,26.4,2024,11,2
O103997,2024-11-02,P0062,C00532,S006,1,39.06,0.05,37.11,17.85,19.26,2024,11,2
O103487,2024-11-02,P0070,C01152,S010,1,27.07,0.0,27.07,14.25,12.82,2024,11,2
O105941,2024-11-02,P0041,C00249,S003,1,246.7,0.0,246.7,134.73,111.97,2024,11,2
O100691,2024-11-02,P0024,C00808,S007,1,722.65,0.0,722.65,423.58,299.07,2024,11,2
O106787,2024-11-02,P0001,C00036,S011,1,132.87,0.0,132.87,107.4,25.47,2024,11,2
O105649,2024-11-02,P0093,C00644,S012,1,13.08,0.15,11.12,9.16,1.96,2024,11,2
O111227,2024-11-03,P0038,C00484,S001,1,42.19,0.0,42.19,29.31,12.88,2024,11,3
O105811,2024-11-03,P0080,C00632,S012,1,20.59,0.0,20.59,13.94,6.65,2024,11,3
O104817,2024-11-03,P0093,C00885,S003,1,13.08,0.0,13.08,9.16,3.92,2024,11,3
O110094,2024-11-03,P0028,C01144,S006,1,453.33,0.0,453.33,253.96,199.37,2024,11,3
O102023,2024-11-03,P0051,C00377,S004,1,32.14,0.0,32.14,16.02,16.12,2024,11,3
O107929,2024-11-03,P0076,C00725,S005,1,301.81,0.0,301.81,247.89,53.92,2024,11,3
O111715,2024-11-03,P0043,C00225,S002,5,11.09,0.0,55.45,29.05,26.4,2024,11,3
O103300,2024-11-03,P0057,C00270,S010,2,157.4,0.0,314.8,263.22,51.58,2024,11,3
O106054,2024-11-03,P0005,C01126,S004,2,15.5,0.0,31.0,24.14,6.86,2024,11,3
O102037,2024-11-03,P0014,C00802,S004,1,13.14,0.0,13.14,6.13,7.01,2024,11,3
O103972,2024-11-03,P0028,C00229,S003,2,453.33,0.0,906.66,507.92,398.74,2024,11,3
O100917,2024-11-03,P0058,C00186,S002,2,123.22,0.0,246.44,118.94,127.5,2024,11,3
O106710,2024-11-03,P0014,C00545,S008,1,13.14,0.0,13.14,6.13,7.01,2024,11,3
O108717,2024-11-03,P0048,C00490,S012,2,113.33,0.0,226.66,165.1,61.56,2024,11,3
O104267,2024-11-03,P0024,C00224,S003,1,722.65,0.0,722.65,423.58,299.07,2024,11,3
O108606,2024-11-03,P0013,C00731,S006,5,45.23,0.0,226.15,124.1,102.05,2024,11,3
O108946,2024-11-03,P0022,C00872,S004,2,42.03,0.0,84.06,60.28,23.78,2024,11,3
O104516,2024-11-03,P0065,C00851,S008,2,776.21,0.0,1552.42,771.08,781.34,2024,11,3
O101740,2024-11-04,P0088,C00873,S010,1,5.57,0.0,5.57,4.31,1.26,2024,11,4
O106554,2024-11-04,P0075,C00377,S010,1,10.1,0.05,9.59,7.49,2.1,2024,11,4
O101018,2024-11-04,P0035,C00491,S003,1,21.89,0.05,20.8,12.25,8.55,2024,11,4
O107634,2024-11-04,P0030,C00256,S012,1,41.4,0.1,37.26,25.21,12.05,2024,11,4
O104265,2024-11-04,P0008,C00161,S004,1,22.28,0.1,20.05,11.14,8.91,2024,11,4
O110014,2024-11-04,P0066,C00959,S006,1,105.53,0.15,89.7,58.77,30.93,2024,11,4
O101880,2024-11-04,P0024,C00168,S006,2,722.65,0.1,1300.77,847.16,453.61,2024,11,4
O101807,2024-11-04,P0060,C00940,S001,1,80.71,0.0,80.71,51.25,29.46,2024,11,4
O100440,2024-11-04,P0031,C00775,S008,1,104.43,0.1,93.99,64.18,29.81,2024,11,4
O102338,2024-11-04,P0034,C01081,S009,2,84.19,0.0,168.38,138.08,30.3,2024,11,4
O110533,2024-11-04,P0048,C00946,S007,1,113.33,0.05,107.66,82.55,25.11,2024,11,4
O110210,2024-11-04,P0001,C00277,S009,1,132.87,0.05,126.23,107.4,18.83,2024,11,4
O110202,2024-11-04,P0038,C00039,S002,1,42.19,0.0,42.19,29.31,12.88,2024,11,4
O103925,2024-11-04,P0039,C00098,S003,1,47.6,0.15,40.46,32.53,7.93,2024,11,4
O103934,2024-11-04,P0044,C00163,S009,2,136.64,0.05,259.62,231.36,28.26,2024,11,4
O111302,2024-11-04,P0067,C00304,S008,1,5.57,0.1,5.01,3.25,1.76,2024,11,4
O100727,2024-11-05,P0044,C00292,S009,3,136.64,0.1,368.93,347.04,21.89,2024,11,5
O101711,2024-11-05,P0020,C00009,S004,2,30.45,0.0,60.9,41.18,19.72,2024,11,5
O110414,2024-11-05,P0031,C00991,S006,1,104.43,0.0,104.43,64.18,40.25,2024,11,5
O103065,2024-11-05,P0096,C00357,S002,1,63.84,0.0,63.84,35.05,28.79,2024,11,5
O101276,2024-11-05,P0020,C00997,S012,1,30.45,0.0,30.45,20.59,9.86,2024,11,5
O109866,2024-11-05,P0047,C00060,S001,1,125.46,0.0,125.46,59.9,65.56,2024,11,5
O101747,2024-11-05,P0014,C00954,S005,2,13.14,0.0,26.28,12.26,14.02,2024,11,5
O109875,2024-11-05,P0087,C01027,S009,5,463.9,0.0,2319.5,1268.25,1051.25,2024,11,5
O108641,2024-11-05,P0041,C00560,S007,1,246.7,0.0,246.7,134.73,111.97,2024,11,5
O109916,2024-11-05,P0015,C01032,S011,1,36.03,0.1,32.43,18.61,13.82,2024,11,5
O101651,2024-11-05,P0094,C00260,S004,2,21.21,0.0,42.42,24.34,18.08,2024,11,5
O101423,2024-11-05,P0037,C00628,S006,1,61.48,0.0,61.48,48.1,13.38,2024,11,5
O101398,2024-11-05,P0078,C01067,S010,1,18.31,0.0,18.31,12.84,5.47,2024,11,5
O111615,2024-11-05,P0022,C00733,S004,1,42.03,0.0,42.03,30.14,11.89,2024,11,5
O107388,2024-11-05,P0043,C00720,S012,1,11.09,0.0,11.09,5.81,5.28,2024,11,5
O104012,2024-11-05,P0030,C01105,S009,2,41.4,0.0,82.8,50.42,32.38,2024,11,5
O104003,2024-11-05,P0086,C00027,S008,4,310.61,0.0,1242.44,638.76,603.68,2024,11,5
O109111,2024-11-05,P0083,C00131,S007,2,85.03,0.15,144.55,89.58,54.97,2024,11,5
O105461,2024-11-05,P0004,C00787,S007,1,29.55,0.15,25.12,14.48,10.64,2024,11,5
O105472,2024-11-05,P0078,C01046,S001,2,18.31,0.0,36.62,25.68,10.94,2024,11,5
O100009,2024-11-05,P0026,C01166,S007,1,325.3,0.0,325.3,181.38,143.92,2024,11,5
O104017,2024-11-05,P0030,C00703,S001,1,41.4,0.1,37.26,25.21,12.05,2024,11,5
O100857,2024-11-05,P0088,C00016,S004,1,5.57,0.0,5.57,4.31,1.26,2024,11,5
O105548,2024-11-05,P0087,C00296,S007,4,463.9,0.0,1855.6,1014.6,841.0,2024,11,5
O106726,2024-11-06,P0040,C00675,S012,1,25.25,0.05,23.99,16.53,7.46,2024,11,6
O106737,2024-11-06,P0035,C00242,S004,2,21.89,0.0,43.78,24.5,19.28,2024,11,6
O107775,2024-11-06,P0087,C00165,S002,4,463.9,0.1,1670.04,1014.6,655.44,2024,11,6
O104394,2024-11-06,P0047,C00652,S001,1,125.46,0.1,112.91,59.9,53.01,2024,11,6
O100785,2024-11-06,P0033,C00058,S001,1,47.81,0.0,47.81,31.21,16.6,2024,11,6
O105168,2024-11-06,P0009,C00321,S007,4,8.02,0.0,32.08,24.36,7.72,2024,11,6
O104535,2024-11-06,P0007,C00313,S006,3,99.07,0.1,267.49,224.13,43.36,2024,11,6
O103678,2024-11-06,P0017,C00681,S011,1,25.27,0.1,22.74,17.77,4.97,2024,11,6
O107408,2024-11-06,P0070,C00803,S004,2,27.07,0.0,54.14,28.5,25.64,2024,11,6
O103015,2024-11-06,P0069,C00534,S004,4,85.27,0.15,289.92,263.44,26.48,2024,11,6
O100956,2024-11-06,P0024,C00702,S009,2,722.65,0.15,1228.5,847.16,381.34,2024,11,6
O101453,2024-11-06,P0026,C00229,S009,1,325.3,0.0,325.3,181.38,143.92,2024,11,6
O108939,2024-11-06,P0020,C00739,S006,2,30.45,0.1,54.81,41.18,13.63,2024,11,6
O107749,2024-11-06,P0087,C00503,S004,5,463.9,0.1,2087.55,1268.25,819.3,2024,11,6
O111627,2024-11-06,P0076,C01117,S003,5,301.81,0.1,1358.14,1239.45,118.69,2024,11,6
O103195,2024-11-06,P0015,C00378,S004,2,36.03,0.05,68.46,37.22,31.24,2024,11,6
O110334,2024-11-06,P0007,C00460,S009,1,99.07,0.0,99.07,74.71,24.36,2024,11,6
O106385,2024-11-06,P0066,C00076,S012,2,105.53,0.0,211.06,117.54,93.52,2024,11,6
O104340,2024-11-06,P0092,C00516,S007,1,41.48,0.0,41.48,25.41,16.07,2024,11,6
O100377,2024-11-06,P0081,C00846,S001,3,143.09,0.0,429.27,330.0,99.27,2024,11,6
O103150,2024-11-06,P0031,C00890,S012,1,104.43,0.15,88.77,64.18,24.59,2024,11,6
O107931,2024-11-06,P0071,C00410,S006,2,9.68,0.15,16.46,14.76,1.7,2024,11,6
O101570,2024-11-06,P0096,C00904,S001,2,63.84,0.0,127.68,70.1,57.58,2024,11,6
O107508,2024-11-06,P0018,C00615,S008,2,34.43,0.15,58.53,52.98,5.55,2024,11,6
O100249,2024-11-06,P0097,C01018,S001,1,8.15,0.0,8.15,5.49,2.66,2024,11,6
O103461,2024-11-06,P0092,C00769,S003,1,41.48,0.0,41.48,25.41,16.07,2024,11,6
O100539,2024-11-07,P0014,C01164,S012,1,13.14,0.0,13.14,6.13,7.01,2024,11,7
O105859,2024-11-07,P0074,C00484,S006,1,106.15,0.05,100.84,69.24,31.6,2024,11,7
O101402,2024-11-07,P0001,C00425,S002,1,132.87,0.0,132.87,107.4,25.47,2024,11,7
O106929,2024-11-07,P0036,C00183,S005,4,15.34,0.0,61.36,33.16,28.2,2024,11,7
O106424,2024-11-07,P0006,C00229,S005,2,74.01,0.0,148.02,86.16,61.86,2024,11,7
O104344,2024-11-07,P0082,C01164,S004,1,28.43,0.05,27.01,21.73,5.28,2024,11,7
O109589,2024-11-07,P0092,C01002,S001,2,41.48,0.1,74.66,50.82,23.84,2024,11,7
O109072,2024-11-07,P0060,C00459,S010,1,80.71,0.1,72.64,51.25,21.39,2024,11,7
O111327,2024-11-07,P0065,C01029,S001,2,776.21,0.0,1552.42,771.08,781.34,2024,11,7
O103755,2024-11-07,P0004,C00900,S004,1,29.55,0.05,28.07,14.48,13.59,2024,11,7
O102168,2024-11-07,P0064,C00223,S006,1,12.06,0.0,12.06,5.48,6.58,2024,11,7
O106646,2024-11-07,P0033,C00306,S003,3,47.81,0.0,143.43,93.63,49.8,2024,11,7
O104769,2024-11-07,P0041,C00349,S010,1,246.7,0.1,222.03,134.73,87.3,2024,11,7
O104402,2024-11-07,P0011,C00069,S002,1,713.82,0.0,713.82,451.83,261.99,2024,11,7
O109202,2024-11-07,P0025,C00646,S009,2,18.6,0.0,37.2,28.18,9.02,2024,11,7
O104846,2024-11-07,P0005,C00029,S007,1,15.5,0.0,15.5,12.07,3.43,2024,11,7
O110629,2024-11-07,P0050,C00303,S005,1,9.87,0.0,9.87,4.74,5.13,2024,11,7
O107246,2024-11-08,P0027,C00702,S007,1,55.97,0.0,55.97,29.57,26.4,2024,11,8
O108141,2024-11-08,P0056,C00543,S011,2,20.73,0.0,41.46,33.5,7.96,2024,11,8
O102496,2024-11-08,P0068,C00393,S004,1,100.31,0.0,100.31,81.38,18.93,2024,11,8
O108763,2024-11-08,P0047,C00772,S007,1,125.46,0.0,125.46,59.9,65.56,2024,11,8
O110576,2024-11-08,P0036,C00468,S002,1,15.34,0.05,14.57,8.29,6.28,2024,11,8
O110810,2024-11-08,P0067,C00127,S004,1,5.57,0.0,5.57,3.25,2.32,2024,11,8
O106359,2024-11-08,P0023,C00033,S011,1,818.22,0.0,818.22,630.15,188.07,2024,11,8
O106752,2024-11-08,P0073,C01120,S009,1,36.7,0.1,33.03,18.22,14.81,2024,11,8
O110785,2024-11-08,P0001,C00625,S010,1,132.87,0.0,132.87,107.4,25.47,2024,11,8
O103447,2024-11-08,P0008,C00563,S008,1,22.28,0.2,17.82,11.14,6.68,2024,11,8
O103521,2024-11-08,P0020,C00161,S010,1,30.45,0.15,25.88,20.59,5.29,2024,11,8
O109989,2024-11-08,P0025,C00897,S009,2,18.6,0.0,37.2,28.18,9.02,2024,11,8
O101948,2024-11-08,P0011,C00140,S001,1,713.82,0.0,713.82,451.83,261.99,2024,11,8
O101447,2024-11-09,P0090,C00860,S012,2,575.16,0.0,1150.32,751.46,398.86,2024,11,9
O104840,2024-11-09,P0100,C00476,S005,1,142.46,0.0,142.46,91.14,51.32,2024,11,9
O100955,2024-11-09,P0084,C00765,S008,1,17.53,0.05,16.65,14.11,2.54,2024,11,9
O102590,2024-11-09,P0030,C00574,S009,1,41.4,0.0,41.4,25.21,16.19,2024,11,9
O109694,2024-11-09,P0062,C00261,S005,1,39.06,0.0,39.06,17.85,21.21,2024,11,9
O110348,2024-11-09,P0049,C01132,S003,1,366.28,0.05,347.97,172.71,175.26,2024,11,9
O106321,2024-11-09,P0011,C00555,S006,1,713.82,0.15,606.75,451.83,154.92,2024,11,9
O111295,2024-11-09,P0073,C00188,S011,3,36.7,0.0,110.1,54.66,55.44,2024,11,9
O111673,2024-11-09,P0024,C00602,S002,1,722.65,0.0,722.65,423.58,299.07,2024,11,9
O100166,2024-11-09,P0062,C00399,S009,2,39.06,0.0,78.12,35.7,42.42,2024,11,9
O101763,2024-11-09,P0045,C00284,S010,3,131.19,0.0,393.57,320.64,72.93,2024,11,9
O101254,2024-11-09,P0097,C01090,S009,4,8.15,0.0,32.6,21.96,10.64,2024,11,9
O107606,2024-11-09,P0028,C00051,S006,1,453.33,0.0,453.33,253.96,199.37,2024,11,9
O107551,2024-11-09,P0067,C00127,S007,1,5.57,0.0,5.57,3.25,2.32,2024,11,9
O111309,2024-11-10,P0059,C00437,S008,1,10.64,0.0,10.64,7.7,2.94,2024,11,10
O101520,2024-11-10,P0014,C00622,S001,1,13.14,0.05,12.48,6.13,6.35,2024,11,10
O108979,2024-11-10,P0099,C00920,S001,1,5.01,0.0,5.01,2.77,2.24,2024,11,10
O105536,2024-11-10,P0069,C00169,S012,4,85.27,0.0,341.08,263.44,77.64,2024,11,10
O111726,2024-11-10,P0017,C01038,S001,1,25.27,0.0,25.27,17.77,7.5,2024,11,10
O109983,2024-11-10,P0042,C00609,S005,3,9.86,0.0,29.58,18.69,10.89,2024,11,10
O103655,2024-11-10,P0079,C00264,S003,3,120.53,0.0,361.59,279.3,82.29,2024,11,10
O103666,2024-11-10,P0020,C00931,S005,1,30.45,0.0,30.45,20.59,9.86,2024,11,10
O107856,2024-11-10,P0083,C00170,S003,5,85.03,0.1,382.64,223.95,158.69,2024,11,10
O107119,2024-11-10,P0071,C00274,S004,1,9.68,0.0,9.68,7.38,2.3,2024,11,10
O107414,2024-11-10,P0042,C00943,S001,1,9.86,0.0,9.86,6.23,3.63,2024,11,10
O106797,2024-11-10,P0006,C01178,S002,3,74.01,0.0,222.03,129.24,92.79,2024,11,10
O100579,2024-11-10,P0084,C00071,S004,5,17.53,0.0,87.65,70.55,17.1,2024,11,10
O111765,2024-11-10,P0005,C00636,S003,2,15.5,0.0,31.0,24.14,6.86,2024,11,10
O104172,2024-11-10,P0047,C00935,S006,1,125.46,0.0,125.46,59.9,65.56,2024,11,10
O110339,2024-11-10,P0053,C00021,S005,1,51.37,0.0,51.37,32.27,19.1,2024,11,10
O100811,2024-11-11,P0029,C00692,S002,1,93.75,0.0,93.75,68.76,24.99,2024,11,11
O110147,2024-11-11,P0012,C00146,S002,1,88.36,0.0,88.36,62.9,25.46,2024,11,11
O106170,2024-11-11,P0026,C00030,S010,2,325.3,0.0,650.6,362.76,287.84,2024,11,11
O105212,2024-11-11,P0065,C00599,S008,1,776.21,0.1,698.59,385.54,313.05,2024,11,11
O110111,2024-11-11,P0046,C00035,S009,4,69.45,0.0,277.8,170.32,107.48,2024,11,11
O100984,2024-11-11,P0013,C00192,S012,1,45.23,0.0,45.23,24.82,20.41,2024,11,11
O109644,2024-11-11,P0078,C00528,S008,2,18.31,0.0,36.62,25.68,10.94,2024,11,11
O108923,2024-11-11,P0059,C00450,S009,1,10.64,0.0,10.64,7.7,2.94,2024,11,11
O106961,2024-11-11,P0031,C00944,S005,2,104.43,0.0,208.86,128.36,80.5,2024,11,11
O108936,2024-11-11,P0017,C01030,S004,2,25.27,0.0,50.54,35.54,15.0,2024,11,11
O108704,2024-11-11,P0078,C00613,S006,2,18.31,0.1,32.96,25.68,7.28,2024,11,11
O103735,2024-11-11,P0060,C00650,S006,1,80.71,0.0,80.71,51.25,29.46,2024,11,11
O108000,2024-11-11,P0027,C00660,S002,5,55.97,0.05,265.86,147.85,118.01,2024,11,11
O109798,2024-11-11,P0055,C01152,S003,4,24.74,0.05,94.01,69.92,24.09,2024,11,11
O105918,2024-11-11,P0048,C01029,S007,1,113.33,0.0,113.33,82.55,30.78,2024,11,11
O102946,2024-11-11,P0048,C00147,S004,1,113.33,0.0,113.33,82.55,30.78,2024,11,11
O110720,2024-11-11,P0013,C00187,S009,1,45.23,0.1,40.71,24.82,15.89,2024,11,11
O101108,2024-11-11,P0080,C00634,S010,1,20.59,0.0,20.59,13.94,6.65,2024,11,11
O105340,2024-11-11,P0059,C00272,S012,1,10.64,0.0,10.64,7.7,2.94,2024,11,11
O104577,2024-11-12,P0031,C01102,S012,1,104.43,0.0,104.43,64.18,40.25,2024,11,12
O101469,2024-11-12,P0010,C00657,S004,1,14.81,0.0,14.81,12.15,2.66,2024,11,12
O103763,2024-11-12,P0013,C00533,S011,1,45.23,0.0,45.23,24.82,20.41,2024,11,12
O107738,2024-11-12,P0015,C00058,S011,3,36.03,0.0,108.09,55.83,52.26,2024,11,12
O101374,2024-11-12,P0093,C00757,S012,4,13.08,0.1,47.09,36.64,10.45,2024,11,12
O106990,2024-11-12,P0072,C01174,S004,1,149.26,0.0,149.26,69.51,79.75,2024,11,12
O108171,2024-11-12,P0032,C00007,S007,1,62.15,0.15,52.83,45.29,7.54,2024,11,12
O104035,2024-11-12,P0045,C00963,S012,1,131.19,0.0,131.19,106.88,24.31,2024,11,12
O101465,2024-11-12,P0055,C00890,S001,1,24.74,0.0,24.74,17.48,7.26,2024,11,12
O108967,2024-11-12,P0049,C00024,S010,5,366.28,0.15,1556.69,863.55,693.14,2024,11,12
O102060,2024-11-12,P0080,C00358,S004,1,20.59,0.1,18.53,13.94,4.59,2024,11,12
O101540,2024-11-12,P0035,C00468,S010,1,21.89,0.0,21.89,12.25,9.64,2024,11,12
O106531,2024-11-12,P0052,C00035,S003,1,97.55,0.05,92.67,61.47,31.2,2024,11,12
O101242,2024-11-12,P0078,C00135,S008,2,18.31,0.0,36.62,25.68,10.94,2024,11,12
O101351,2024-11-12,P0072,C01123,S003,1,149.26,0.1,134.33,69.51,64.82,2024,11,12
O110347,2024-11-12,P0080,C00328,S005,1,20.59,0.0,20.59,13.94,6.65,2024,11,12
O101050,2024-11-13,P0088,C01066,S011,1,5.57,0.05,5.29,4.31,0.98,2024,11,13
O109813,2024-11-13,P0031,C00888,S006,1,104.43,0.1,93.99,64.18,29.81,2024,11,13
O102108,2024-11-13,P0090,C00833,S010,1,575.16,0.0,575.16,375.73,199.43,2024,11,13
O109753,2024-11-13,P0085,C00105,S011,1,34.17,0.05,32.46,27.5,4.96,2024,11,13
O102057,2024-11-13,P0004,C01094,S004,1,29.55,0.1,26.6,14.48,12.12,2024,11,13
O100871,2024-11-13,P0020,C01132,S008,1,30.45,0.05,28.93,20.59,8.34,2024,11,13
O104705,2024-11-13,P0027,C00033,S005,1,55.97,0.0,55.97,29.57,26.4,2024,11,13
O107972,2024-11-13,P0081,C00478,S004,1,143.09,0.0,143.09,110.0,33.09,2024,11,13
O109581,2024-11-13,P0082,C00020,S010,1,28.43,0.0,28.43,21.73,6.7,2024,11,13
O103616,2024-11-13,P0029,C00669,S003,1,93.75,0.2,75.0,68.76,6.24,2024,11,13
O106976,2024-11-13,P0096,C00640,S011,1,63.84,0.0,63.84,35.05,28.79,2024,11,13
O110884,2024-11-13,P0085,C00025,S002,1,34.17,0.1,30.75,27.5,3.25,2024,11,13
O110264,2024-11-13,P0011,C00831,S003,1,713.82,0.0,713.82,451.83,261.99,2024,11,13
O111372,2024-11-14,P0011,C00119,S012,1,713.82,0.1,642.44,451.83,190.61,2024,11,14
O103041,2024-11-14,P0028,C00677,S009,1,453.33,0.05,430.66,253.96,176.7,2024,11,14
O108993,2024-11-14,P0056,C00757,S008,2,20.73,0.0,41.46,33.5,7.96,2024,11,14
O103945,2024-11-14,P0078,C00161,S006,3,18.31,0.0,54.93,38.52,16.41,2024,11,14
O109648,2024-11-14,P0028,C00690,S008,1,453.33,0.05,430.66,253.96,176.7,2024,11,14
O107001,2024-11-14,P0059,C00803,S002,1,10.64,0.0,10.64,7.7,2.94,2024,11,14
O111510,2024-11-14,P0095,C00030,S012,1,118.84,0.0,118.84,78.17,40.67,2024,11,14
O100457,2024-11-14,P0069,C00499,S002,10,85.27,0.1,767.43,658.6,108.83,2024,11,14
O111544,2024-11-14,P0080,C00847,S008,1,20.59,0.05,19.56,13.94,5.62,2024,11,14
O107141,2024-11-14,P0048,C00122,S006,2,113.33,0.1,203.99,165.1,38.89,2024,11,14
O105343,2024-11-14,P0032,C00671,S001,1,62.15,0.05,59.04,45.29,13.75,2024,11,14
O108530,2024-11-14,P0074,C00664,S009,4,106.15,0.0,424.6,276.96,147.64,2024,11,14
O103950,2024-11-14,P0020,C00827,S004,1,30.45,0.1,27.4,20.59,6.81,2024,11,14
O102487,2024-11-14,P0026,C00966,S004,2,325.3,0.05,618.07,362.76,255.31,2024,11,14
O107786,2024-11-14,P0059,C00210,S005,1,10.64,0.0,10.64,7.7,2.94,2024,11,14
O102941,2024-11-14,P0033,C00591,S007,2,47.81,0.0,95.62,62.42,33.2,2024,11,14
O111194,2024-11-14,P0057,C01059,S005,1,157.4,0.0,157.4,131.61,25.79,2024,11,14
O110561,2024-11-14,P0013,C00099,S005,1,45.23,0.0,45.23,24.82,20.41,2024,11,14
O111180,2024-11-14,P0081,C00825,S011,4,143.09,0.2,457.89,440.0,17.89,2024,11,14
O111386,2024-11-15,P0017,C00880,S010,5,25.27,0.0,126.35,88.85,37.5,2024,11,15
O110050,2024-11-15,P0053,C00307,S009,1,51.37,0.0,51.37,32.27,19.1,2024,11,15
O106799,2024-11-15,P0021,C00152,S012,1,25.8,0.0,25.8,12.57,13.23,2024,11,15
O106742,2024-11-15,P0002,C00471,S007,2,130.95,0.1,235.71,200.12,35.59,2024,11,15
O106657,2024-11-15,P0040,C00025,S011,3,25.25,0.0,75.75,49.59,26.16,2024,11,15
O103440,2024-11-15,P0011,C01153,S004,3,713.82,0.1,1927.31,1355.49,571.82,2024,11,15
O106147,2024-11-15,P0062,C00483,S010,2,39.06,0.0,78.12,35.7,42.42,2024,11,15
O107521,2024-11-15,P0048,C00822,S008,2,113.33,0.05,215.33,165.1,50.23,2024,11,15
O107393,2024-11-15,P0052,C00253,S008,1,97.55,0.1,87.8,61.47,26.33,2024,11,15
O106714,2024-11-15,P0018,C00016,S008,1,34.43,0.0,34.43,26.49,7.94,2024,11,15
O110924,2024-11-15,P0001,C00799,S006,1,132.87,0.0,132.87,107.4,25.47,2024,11,15
O105577,2024-11-15,P0034,C00879,S001,1,84.19,0.1,75.77,69.04,6.73,2024,11,15
O110426,2024-11-15,P0041,C00036,S012,2,246.7,0.0,493.4,269.46,223.94,2024,11,15
O104086,2024-11-15,P0086,C00360,S011,1,310.61,0.0,310.61,159.69,150.92,2024,11,15
O109957,2024-11-15,P0062,C00341,S009,2,39.06,0.0,78.12,35.7,42.42,2024,11,15
O104742,2024-11-15,P0084,C00021,S003,1,17.53,0.0,17.53,14.11,3.42,2024,11,15
O104822,2024-11-15,P0038,C00024,S006,1,42.19,0.0,42.19,29.31,12.88,2024,11,15
O105191,2024-11-15,P0097,C00223,S004,1,8.15,0.0,8.15,5.49,2.66,2024,11,15
O107893,2024-11-15,P0082,C01043,S003,1,28.43,0.1,25.59,21.73,3.86,2024,11,15
O106881,2024-11-15,P0026,C00423,S003,1,325.3,0.05,309.03,181.38,127.65,2024,11,15
O101668,2024-11-15,P0030,C00481,S009,5,41.4,0.0,207.0,126.05,80.95,2024,11,15
O110759,2024-11-15,P0034,C00928,S001,2,84.19,0.1,151.54,138.08,13.46,2024,11,15
O109843,2024-11-15,P0062,C00069,S005,3,39.06,0.1,105.46,53.55,51.91,2024,11,15
O102913,2024-11-16,P0085,C00093,S012,1,34.17,0.0,34.17,27.5,6.67,2024,11,16
O105344,2024-11-16,P0093,C00274,S001,10,13.08,0.05,124.26,91.6,32.66,2024,11,16
O110458,2024-11-16,P0047,C00996,S009,2,125.46,0.0,250.92,119.8,131.12,2024,11,16
O108432,2024-11-16,P0095,C00569,S008,1,118.84,0.1,106.96,78.17,28.79,2024,11,16
O102185,2024-11-16,P0062,C00575,S010,2,39.06,0.15,66.4,35.7,30.7,2024,11,16
O109110,2024-11-16,P0031,C00898,S001,1,104.43,0.05,99.21,64.18,35.03,2024,11,16
O109632,2024-11-16,P0063,C00432,S007,1,112.94,0.1,101.65,90.69,10.96,2024,11,16
O111976,2024-11-16,P0060,C00720,S010,2,80.71,0.15,137.21,102.5,34.71,2024,11,16
O110883,2024-11-16,P0029,C00521,S009,1,93.75,0.1,84.38,68.76,15.62,2024,11,16
O102847,2024-11-16,P0090,C01099,S012,2,575.16,0.0,1150.32,751.46,398.86,2024,11,16
O105598,2024-11-16,P0044,C00958,S006,2,136.64,0.0,273.28,231.36,41.92,2024,11,16
O100980,2024-11-16,P0003,C00911,S007,1,44.76,0.0,44.76,33.14,11.62,2024,11,16
O111496,2024-11-16,P0040,C01003,S005,2,25.25,0.0,50.5,33.06,17.44,2024,11,16
O107031,2024-11-16,P0084,C00220,S002,1,17.53,0.2,14.02,14.11,-0.09,2024,11,16
O100910,2024-11-17,P0056,C00165,S002,1,20.73,0.0,20.73,16.75,3.98,2024,11,17
O101650,2024-11-17,P0038,C01160,S010,5,42.19,0.1,189.86,146.55,43.31,2024,11,17
O101467,2024-11-17,P0052,C00931,S003,1,97.55,0.0,97.55,61.47,36.08,2024,11,17
O103471,2024-11-17,P0004,C00173,S001,1,29.55,0.0,29.55,14.48,15.07,2024,11,17
O105663,2024-11-17,P0083,C00986,S002,1,85.03,0.1,76.53,44.79,31.74,2024,11,17
O111294,2024-11-17,P0069,C00938,S003,2,85.27,0.0,170.54,131.72,38.82,2024,11,17
O103853,2024-11-17,P0097,C00889,S009,1,8.15,0.05,7.74,5.49,2.25,2024,11,17
O108425,2024-11-17,P0072,C00163,S008,1,149.26,0.0,149.26,69.51,79.75,2024,11,17
O105254,2024-11-17,P0019,C00737,S004,2,138.62,0.0,277.24,136.3,140.94,2024,11,17
O105798,2024-11-18,P0053,C01061,S011,1,51.37,0.0,51.37,32.27,19.1,2024,11,18
O107878,2024-11-18,P0046,C00869,S009,3,69.45,0.0,208.35,127.74,80.61,2024,11,18
O109018,2024-11-18,P0035,C00932,S006,1,21.89,0.05,20.8,12.25,8.55,2024,11,18
O110299,2024-11-18,P0064,C01159,S006,1,12.06,0.0,12.06,5.48,6.58,2024,11,18
O103328,2024-11-18,P0021,C00812,S009,5,25.8,0.0,129.0,62.85,66.15,2024,11,18
O100936,2024-11-18,P0031,C00839,S012,1,104.43,0.0,104.43,64.18,40.25,2024,11,18
O109255,2024-11-18,P0066,C00157,S002,1,105.53,0.1,94.98,58.77,36.21,2024,11,18
O107970,2024-11-18,P0046,C00292,S009,1,69.45,0.1,62.5,42.58,19.92,2024,11,18
O108615,2024-11-18,P0001,C00249,S010,1,132.87,0.0,132.87,107.4,25.47,2024,11,18
O108483,2024-11-18,P0067,C00285,S004,1,5.57,0.05,5.29,3.25,2.04,2024,11,18
O110016,2024-11-18,P0066,C00623,S009,1,105.53,0.0,105.53,58.77,46.76,2024,11,18
O109844,2024-11-18,P0073,C00732,S004,5,36.7,0.0,183.5,91.1,92.4,2024,11,18
O100197,2024-11-18,P0043,C00233,S007,2,11.09,0.0,22.18,11.62,10.56,2024,11,18
O111437,2024-11-18,P0096,C00943,S004,1,63.84,0.0,63.84,35.05,28.79,2024,11,18
O109628,2024-11-19,P0078,C00436,S004,1,18.31,0.0,18.31,12.84,5.47,2024,11,19
O107949,2024-11-19,P0091,C00050,S006,5,35.24,0.0,176.2,93.35,82.85,2024,11,19
O100199,2024-11-19,P0014,C00950,S004,2,13.14,0.0,26.28,12.26,14.02,2024,11,19
O107015,2024-11-19,P0088,C00150,S002,1,5.57,0.1,5.01,4.31,0.7,2024,11,19
O108658,2024-11-19,P0055,C00743,S003,1,24.74,0.0,24.74,17.48,7.26,2024,11,19
O100251,2024-11-19,P0046,C01092,S011,5,69.45,0.0,347.25,212.9,134.35,2024,11,19
O104756,2024-11-19,P0018,C00022,S012,3,34.43,0.2,82.63,79.47,3.16,2024,11,19
O106910,2024-11-19,P0099,C01138,S007,1,5.01,0.0,5.01,2.77,2.24,2024,11,19
O110747,2024-11-19,P0007,C01197,S005,4,99.07,0.0,396.28,298.84,97.44,2024,11,19
O106312,2024-11-19,P0065,C00396,S009,4,776.21,0.15,2639.11,1542.16,1096.95,2024,11,19
O105332,2024-11-19,P0092,C00800,S011,2,41.48,0.1,74.66,50.82,23.84,2024,11,19
O101345,2024-11-19,P0010,C00746,S008,5,14.81,0.0,74.05,60.75,13.3,2024,11,19
O100182,2024-11-19,P0072,C00775,S008,1,149.26,0.0,149.26,69.51,79.75,2024,11,19
O111344,2024-11-19,P0086,C00604,S010,10,310.61,0.0,3106.1,1596.9,1509.2,2024,11,19
O106915,2024-11-19,P0054,C00619,S004,1,42.97,0.05,40.82,29.12,11.7,2024,11,19
O111776,2024-11-20,P0094,C00160,S006,1,21.21,0.0,21.21,12.17,9.04,2024,11,20
O104780,2024-11-20,P0092,C00175,S008,2,41.48,0.0,82.96,50.82,32.14,2024,11,20
O103069,2024-11-20,P0030,C00614,S008,2,41.4,0.05,78.66,50.42,28.24,2024,11,20
O105854,2024-11-20,P0100,C01102,S007,1,142.46,0.05,135.34,91.14,44.2,2024,11,20
O110953,2024-11-20,P0024,C00413,S009,1,722.65,0.1,650.38,423.58,226.8,2024,11,20
O110871,2024-11-20,P0090,C01132,S009,1,575.16,0.0,575.16,375.73,199.43,2024,11,20
O106287,2024-11-20,P0092,C01196,S005,1,41.48,0.0,41.48,25.41,16.07,2024,11,20
O101440,2024-11-20,P0076,C00796,S007,1,301.81,0.0,301.81,247.89,53.92,2024,11,20
O109278,2024-11-20,P0098,C00999,S012,3,37.83,0.0,113.49,87.0,26.49,2024,11,20
O100280,2024-11-20,P0096,C00442,S006,1,63.84,0.0,63.84,35.05,28.79,2024,11,20
O106102,2024-11-20,P0041,C00202,S012,1,246.7,0.1,222.03,134.73,87.3,2024,11,20
O108087,2024-11-21,P0018,C00212,S003,3,34.43,0.0,103.29,79.47,23.82,2024,11,21
O106526,2024-11-21,P0091,C00082,S005,1,35.24,0.1,31.72,18.67,13.05,2024,11,21
O111459,2024-11-21,P0022,C01175,S006,2,42.03,0.0,84.06,60.28,23.78,2024,11,21
O103875,2024-11-21,P0041,C00592,S007,1,246.7,0.0,246.7,134.73,111.97,2024,11,21
O105686,2024-11-21,P0035,C00049,S001,1,21.89,0.15,18.61,12.25,6.36,2024,11,21
O101956,2024-11-21,P0010,C01070,S012,1,14.81,0.0,14.81,12.15,2.66,2024,11,21
O104653,2024-11-21,P0073,C00356,S001,1,36.7,0.05,34.86,18.22,16.64,2024,11,21
O105874,2024-11-21,P0014,C00473,S011,2,13.14,0.05,24.97,12.26,12.71,2024,11,21
O102721,2024-11-21,P0048,C00130,S005,3,113.33,0.0,339.99,247.65,92.34,2024,11,21
O111622,2024-11-21,P0026,C00253,S010,3,325.3,0.1,878.31,544.14,334.17,2024,11,21
O107251,2024-11-21,P0023,C00837,S008,1,818.22,0.0,818.22,630.15,188.07,2024,11,21
O105590,2024-11-21,P0011,C00609,S008,2,713.82,0.0,1427.64,903.66,523.98,2024,11,21
O104575,2024-11-21,P0077,C01055,S001,1,130.07,0.0,130.07,107.65,22.42,2024,11,21
O102955,2024-11-21,P0087,C00084,S008,2,463.9,0.05,881.41,507.3,374.11,2024,11,21
O108497,2024-11-21,P0041,C01142,S008,1,246.7,0.1,222.03,134.73,87.3,2024,11,21
O108090,2024-11-21,P0069,C00458,S008,2,85.27,0.2,136.43,131.72,4.71,2024,11,21
O100946,2024-11-22,P0046,C00954,S001,2,69.45,0.0,138.9,85.16,53.74,2024,11,22
O105714,2024-11-22,P0033,C00955,S008,1,47.81,0.0,47.81,31.21,16.6,2024,11,22
O104869,2024-11-22,P0003,C00919,S002,2,44.76,0.15,76.09,66.28,9.81,2024,11,22
O103886,2024-11-22,P0099,C00511,S005,1,5.01,0.1,4.51,2.77,1.74,2024,11,22
O105633,2024-11-22,P0033,C00511,S009,1,47.81,0.1,43.03,31.21,11.82,2024,11,22
O100672,2024-11-22,P0076,C00166,S008,10,301.81,0.0,3018.1,2478.9,539.2,2024,11,22
O111871,2024-11-22,P0090,C00567,S004,1,575.16,0.05,546.4,375.73,170.67,2024,11,22
O100096,2024-11-22,P0063,C00509,S012,1,112.94,0.15,96.0,90.69,5.31,2024,11,22
O110915,2024-11-22,P0030,C00425,S001,1,41.4,0.15,35.19,25.21,9.98,2024,11,22
O108660,2024-11-22,P0060,C00088,S004,1,80.71,0.05,76.67,51.25,25.42,2024,11,22
O100389,2024-11-22,P0077,C00623,S011,1,130.07,0.1,117.06,107.65,9.41,2024,11,22
O108835,2024-11-22,P0007,C01049,S006,1,99.07,0.0,99.07,74.71,24.36,2024,11,22
O100769,2024-11-22,P0058,C00378,S007,1,123.22,0.0,123.22,59.47,63.75,2024,11,22
O100896,2024-11-22,P0046,C00176,S002,1,69.45,0.05,65.98,42.58,23.4,2024,11,22
O108033,2024-11-23,P0058,C00202,S012,2,123.22,0.0,246.44,118.94,127.5,2024,11,23
O111233,2024-11-23,P0006,C00769,S006,1,74.01,0.0,74.01,43.08,30.93,2024,11,23
O107809,2024-11-23,P0071,C01107,S001,2,9.68,0.0,19.36,14.76,4.6,2024,11,23
O101792,2024-11-23,P0018,C00949,S010,2,34.43,0.15,58.53,52.98,5.55,2024,11,23
O109104,2024-11-23,P0004,C01058,S009,2,29.55,0.0,59.1,28.96,30.14,2024,11,23
O105097,2024-11-23,P0004,C00332,S004,2,29.55,0.0,59.1,28.96,30.14,2024,11,23
O101239,2024-11-23,P0007,C00705,S011,2,99.07,0.1,178.33,149.42,28.91,2024,11,23
O111324,2024-11-23,P0042,C01194,S002,1,9.86,0.0,9.86,6.23,3.63,2024,11,23
O101927,2024-11-24,P0052,C01124,S001,1,97.55,0.0,97.55,61.47,36.08,2024,11,24
O106447,2024-11-24,P0015,C01111,S011,4,36.03,0.15,122.5,74.44,48.06,2024,11,24
O100365,2024-11-24,P0030,C00232,S002,1,41.4,0.0,41.4,25.21,16.19,2024,11,24
O110620,2024-11-24,P0067,C01019,S003,3,5.57,0.0,16.71,9.75,6.96,2024,11,24
O109455,2024-11-24,P0071,C00560,S008,1,9.68,0.15,8.23,7.38,0.85,2024,11,24
O101934,2024-11-24,P0031,C00400,S005,1,104.43,0.0,104.43,64.18,40.25,2024,11,24
O107889,2024-11-24,P0038,C00479,S004,10,42.19,0.0,421.9,293.1,128.8,2024,11,24
O100938,2024-11-24,P0089,C00196,S006,3,39.28,0.05,111.95,54.45,57.5,2024,11,24
O106018,2024-11-24,P0034,C00538,S006,5,84.19,0.05,399.9,345.2,54.7,2024,11,24
O100527,2024-11-24,P0023,C00791,S008,2,818.22,0.1,1472.8,1260.3,212.5,2024,11,24
O105511,2024-11-25,P0087,C00228,S008,1,463.9,0.0,463.9,253.65,210.25,2024,11,25
O103780,2024-11-25,P0092,C00060,S007,2,41.48,0.15,70.52,50.82,19.7,2024,11,25
O111234,2024-11-25,P0093,C00130,S007,1,13.08,0.1,11.77,9.16,2.61,2024,11,25
O100050,2024-11-25,P0089,C00933,S012,2,39.28,0.0,78.56,36.3,42.26,2024,11,25
O104458,2024-11-25,P0049,C00597,S008,1,366.28,0.0,366.28,172.71,193.57,2024,11,25
O101616,2024-11-25,P0037,C00383,S012,1,61.48,0.05,58.41,48.1,10.31,2024,11,25
O104364,2024-11-25,P0054,C00177,S009,1,42.97,0.05,40.82,29.12,11.7,2024,11,25
O102085,2024-11-25,P0031,C00700,S012,1,104.43,0.1,93.99,64.18,29.81,2024,11,25
O106269,2024-11-25,P0088,C00441,S012,2,5.57,0.0,11.14,8.62,2.52,2024,11,25
O108594,2024-11-25,P0078,C00474,S002,1,18.31,0.15,15.56,12.84,2.72,2024,11,25
O100441,2024-11-25,P0083,C00072,S009,4,85.03,0.1,306.11,179.16,126.95,2024,11,25
O101577,2024-11-25,P0087,C00746,S001,1,463.9,0.0,463.9,253.65,210.25,2024,11,25
O101042,2024-11-25,P0092,C01154,S005,1,41.48,0.0,41.48,25.41,16.07,2024,11,25
O100270,2024-11-25,P0031,C00429,S003,2,104.43,0.0,208.86,128.36,80.5,2024,11,25
O110877,2024-11-25,P0045,C00600,S003,2,131.19,0.15,223.02,213.76,9.26,2024,11,25
O101412,2024-11-25,P0085,C01178,S012,2,34.17,0.0,68.34,55.0,13.34,2024,11,25
O108098,2024-11-25,P0051,C01080,S010,1,32.14,0.2,25.71,16.02,9.69,2024,11,25
O105803,2024-11-25,P0052,C00511,S007,1,97.55,0.1,87.8,61.47,26.33,2024,11,25
O101891,2024-11-25,P0018,C00623,S005,1,34.43,0.2,27.54,26.49,1.05,2024,11,25
O111484,2024-11-25,P0091,C00330,S007,1,35.24,0.0,35.24,18.67,16.57,2024,11,25
O101866,2024-11-25,P0077,C00364,S004,1,130.07,0.0,130.07,107.65,22.42,2024,11,25
O100267,2024-11-25,P0029,C00339,S011,1,93.75,0.15,79.69,68.76,10.93,2024,11,25
O111626,2024-11-26,P0064,C00325,S008,1,12.06,0.1,10.85,5.48,5.37,2024,11,26
O103793,2024-11-26,P0054,C00345,S004,1,42.97,0.0,42.97,29.12,13.85,2024,11,26
O110994,2024-11-26,P0087,C00301,S011,1,463.9,0.2,371.12,253.65,117.47,2024,11,26
O108782,2024-11-26,P0010,C01140,S010,1,14.81,0.1,13.33,12.15,1.18,2024,11,26
O102980,2024-11-26,P0070,C00033,S007,4,27.07,0.05,102.87,57.0,45.87,2024,11,26
O103625,2024-11-26,P0031,C01137,S001,2,104.43,0.0,208.86,128.36,80.5,2024,11,26
O101620,2024-11-26,P0020,C01161,S007,3,30.45,0.05,86.78,61.77,25.01,2024,11,26
O103702,2024-11-26,P0027,C00845,S006,1,55.97,0.0,55.97,29.57,26.4,2024,11,26
O109749,2024-11-26,P0006,C00952,S009,4,74.01,0.0,296.04,172.32,123.72,2024,11,26
O104074,2024-11-26,P0051,C00913,S007,1,32.14,0.1,28.93,16.02,12.91,2024,11,26
O103696,2024-11-26,P0068,C00858,S006,2,100.31,0.0,200.62,162.76,37.86,2024,11,26
O101973,2024-11-26,P0051,C00435,S009,4,32.14,0.0,128.56,64.08,64.48,2024,11,26
O101517,2024-11-26,P0052,C00835,S012,3,97.55,0.0,292.65,184.41,108.24,2024,11,26
O102484,2024-11-26,P0065,C00315,S003,1,776.21,0.05,737.4,385.54,351.86,2024,11,26
O104038,2024-11-26,P0031,C00536,S006,1,104.43,0.0,104.43,64.18,40.25,2024,11,26
O107789,2024-11-27,P0071,C00583,S011,1,9.68,0.0,9.68,7.38,2.3,2024,11,27
O106853,2024-11-27,P0024,C00429,S007,1,722.65,0.0,722.65,423.58,299.07,2024,11,27
O100288,2024-11-27,P0088,C00996,S011,1,5.57,0.0,5.57,4.31,1.26,2024,11,27
O102813,2024-11-27,P0097,C00669,S002,1,8.15,0.0,8.15,5.49,2.66,2024,11,27
O103639,2024-11-27,P0076,C00392,S002,1,301.81,0.05,286.72,247.89,38.83,2024,11,27
O108675,2024-11-27,P0080,C01036,S009,2,20.59,0.1,37.06,27.88,9.18,2024,11,27
O107524,2024-11-27,P0067,C00420,S005,4,5.57,0.0,22.28,13.0,9.28,2024,11,27
O106831,2024-11-27,P0027,C00281,S011,2,55.97,0.0,111.94,59.14,52.8,2024,11,27
O100132,2024-11-27,P0091,C00922,S011,3,35.24,0.0,105.72,56.01,49.71,2024,11,27
O102633,2024-11-27,P0085,C00542,S010,1,34.17,0.0,34.17,27.5,6.67,2024,11,27
O111861,2024-11-27,P0009,C00844,S010,2,8.02,0.0,16.04,12.18,3.86,2024,11,27
O101534,2024-11-27,P0077,C00099,S001,1,130.07,0.0,130.07,107.65,22.42,2024,11,27
O100218,2024-11-27,P0074,C01081,S002,2,106.15,0.05,201.68,138.48,63.2,2024,11,27
O111050,2024-11-27,P0043,C00895,S004,2,11.09,0.05,21.07,11.62,9.45,2024,11,27
O110336,2024-11-27,P0020,C01135,S004,1,30.45,0.1,27.4,20.59,6.81,2024,11,27
O111818,2024-11-27,P0021,C00592,S009,1,25.8,0.0,25.8,12.57,13.23,2024,11,27
O103017,2024-11-27,P0096,C00698,S001,1,63.84,0.1,57.46,35.05,22.41,2024,11,27
O100979,2024-11-27,P0012,C00247,S002,1,88.36,0.15,75.11,62.9,12.21,2024,11,27
O109915,2024-11-27,P0047,C00657,S010,4,125.46,0.15,426.56,239.6,186.96,2024,11,27
O108755,2024-11-27,P0095,C00407,S010,1,118.84,0.05,112.9,78.17,34.73,2024,11,27
O111596,2024-11-28,P0022,C00610,S011,2,42.03,0.0,84.06,60.28,23.78,2024,11,28
O105395,2024-11-28,P0037,C00192,S011,5,61.48,0.05,292.03,240.5,51.53,2024,11,28
O111580,2024-11-28,P0024,C00699,S002,1,722.65,0.0,722.65,423.58,299.07,2024,11,28
O108096,2024-11-28,P0027,C00805,S012,1,55.97,0.2,44.78,29.57,15.21,2024,11,28
O101248,2024-11-28,P0030,C00870,S008,2,41.4,0.0,82.8,50.42,32.38,2024,11,28
O103608,2024-11-28,P0072,C00300,S008,1,149.26,0.0,149.26,69.51,79.75,2024,11,28
O107260,2024-11-28,P0065,C00799,S011,1,776.21,0.0,776.21,385.54,390.67,2024,11,28
O102745,2024-11-28,P0025,C00252,S002,1,18.6,0.05,17.67,14.09,3.58,2024,11,28
O110713,2024-11-28,P0002,C00814,S011,1,130.95,0.0,130.95,100.06,30.89,2024,11,28
O110252,2024-11-28,P0030,C00662,S009,1,41.4,0.05,39.33,25.21,14.12,2024,11,28
O111751,2024-11-28,P0005,C00662,S009,1,15.5,0.0,15.5,12.07,3.43,2024,11,28
O104477,2024-11-28,P0068,C00877,S001,2,100.31,0.1,180.56,162.76,17.8,2024,11,28
O110496,2024-11-28,P0071,C00312,S003,1,9.68,0.0,9.68,7.38,2.3,2024,11,28
O107482,2024-11-28,P0064,C00552,S008,1,12.06,0.0,12.06,5.48,6.58,2024,11,28
O100274,2024-11-28,P0057,C01098,S011,1,157.4,0.1,141.66,131.61,10.05,2024,11,28
O107566,2024-11-28,P0040,C00260,S005,2,25.25,0.05,47.97,33.06,14.91,2024,11,28
O103923,2024-11-28,P0049,C00948,S006,1,366.28,0.0,366.28,172.71,193.57,2024,11,28
O103729,2024-11-28,P0032,C00816,S003,1,62.15,0.1,55.94,45.29,10.65,2024,11,28
O103560,2024-11-28,P0027,C00720,S004,1,55.97,0.0,55.97,29.57,26.4,2024,11,28
O104099,2024-11-29,P0067,C00071,S006,2,5.57,0.05,10.58,6.5,4.08,2024,11,29
O109652,2024-11-29,P0075,C00677,S009,1,10.1,0.0,10.1,7.49,2.61,2024,11,29
O109649,2024-11-29,P0007,C00683,S005,3,99.07,0.0,297.21,224.13,73.08,2024,11,29
O103333,2024-11-29,P0032,C00273,S007,1,62.15,0.0,62.15,45.29,16.86,2024,11,29
O105641,2024-11-29,P0052,C00487,S010,1,97.55,0.1,87.8,61.47,26.33,2024,11,29
O105443,2024-11-29,P0004,C00718,S003,2,29.55,0.0,59.1,28.96,30.14,2024,11,29
O101369,2024-11-29,P0011,C00961,S001,1,713.82,0.1,642.44,451.83,190.61,2024,11,29
O111655,2024-11-29,P0083,C00243,S012,1,85.03,0.0,85.03,44.79,40.24,2024,11,29
O109069,2024-11-29,P0011,C00408,S006,1,713.82,0.0,713.82,451.83,261.99,2024,11,29
O111534,2024-11-29,P0016,C00756,S001,5,547.4,0.0,2737.0,1987.05,749.95,2024,11,29
O100252,2024-11-29,P0020,C00906,S008,2,30.45,0.0,60.9,41.18,19.72,2024,11,29
O104380,2024-11-29,P0098,C00298,S011,1,37.83,0.0,37.83,29.0,8.83,2024,11,29
O104210,2024-11-29,P0054,C00873,S002,1,42.97,0.0,42.97,29.12,13.85,2024,11,29
O110247,2024-11-29,P0003,C00226,S008,2,44.76,0.0,89.52,66.28,23.24,2024,11,29
O111757,2024-11-29,P0001,C00965,S002,10,132.87,0.05,1262.26,1074.0,188.26,2024,11,29
O102738,2024-11-29,P0023,C00511,S012,1,818.22,0.15,695.49,630.15,65.34,2024,11,29
O107231,2024-11-29,P0022,C00770,S008,1,42.03,0.0,42.03,30.14,11.89,2024,11,29
O102067,2024-11-29,P0084,C00558,S005,1,17.53,0.15,14.9,14.11,0.79,2024,11,29
O100158,2024-11-29,P0070,C00554,S008,1,27.07,0.0,27.07,14.25,12.82,2024,11,29
O106017,2024-11-29,P0044,C00720,S009,3,136.64,0.1,368.93,347.04,21.89,2024,11,29
O102827,2024-11-29,P0091,C00047,S008,1,35.24,0.15,29.95,18.67,11.28,2024,11,29
O108570,2024-11-29,P0060,C00956,S001,4,80.71,0.0,322.84,205.0,117.84,2024,11,29
O102822,2024-11-29,P0005,C00444,S012,3,15.5,0.0,46.5,36.21,10.29,2024,11,29
O108406,2024-11-30,P0027,C01114,S003,3,55.97,0.0,167.91,88.71,79.2,2024,11,30
O108883,2024-11-30,P0051,C01142,S006,1,32.14,0.0,32.14,16.02,16.12,2024,11,30
O107691,2024-11-30,P0031,C00639,S012,2,104.43,0.15,177.53,128.36,49.17,2024,11,30
O111802,2024-11-30,P0005,C00028,S001,1,15.5,0.1,13.95,12.07,1.88,2024,11,30
O103797,2024-11-30,P0012,C00377,S001,1,88.36,0.0,88.36,62.9,25.46,2024,11,30
O107375,2024-11-30,P0065,C00579,S010,2,776.21,0.0,1552.42,771.08,781.34,2024,11,30
O109298,2024-11-30,P0094,C00751,S007,1,21.21,0.0,21.21,12.17,9.04,2024,11,30
O107046,2024-11-30,P0036,C01198,S009,1,15.34,0.2,12.27,8.29,3.98,2024,11,30
O107354,2024-11-30,P0042,C00767,S006,1,9.86,0.1,8.87,6.23,2.64,2024,11,30
O107328,2024-11-30,P0014,C00652,S011,5,13.14,0.0,65.7,30.65,35.05,2024,11,30
O108074,2024-11-30,P0071,C00881,S005,1,9.68,0.0,9.68,7.38,2.3,2024,11,30
O102764,2024-11-30,P0070,C00228,S007,2,27.07,0.0,54.14,28.5,25.64,2024,11,30
O110919,2024-11-30,P0099,C00361,S011,1,5.01,0.15,4.26,2.77,1.49,2024,11,30
O105943,2024-11-30,P0042,C00161,S002,2,9.86,0.15,16.76,12.46,4.3,2024,11,30
O102187,2024-11-30,P0069,C00774,S011,4,85.27,0.0,341.08,263.44,77.64,2024,11,30
O100676,2024-11-30,P0042,C00639,S009,1,9.86,0.0,9.86,6.23,3.63,2024,11,30
O107475,2024-12-01,P0053,C01196,S009,2,51.37,0.2,82.19,64.54,17.65,2024,12,1
O108832,2024-12-01,P0095,C00320,S001,2,118.84,0.0,237.68,156.34,81.34,2024,12,1
O110601,2024-12-01,P0053,C00736,S011,2,51.37,0.05,97.6,64.54,33.06,2024,12,1
O105972,2024-12-01,P0075,C00998,S001,1,10.1,0.1,9.09,7.49,1.6,2024,12,1
O102082,2024-12-01,P0066,C00115,S007,1,105.53,0.0,105.53,58.77,46.76,2024,12,1
O101950,2024-12-01,P0038,C00711,S001,1,42.19,0.05,40.08,29.31,10.77,2024,12,1
O102458,2024-12-01,P0041,C00873,S012,3,246.7,0.15,629.08,404.19,224.89,2024,12,1
O107451,2024-12-01,P0001,C00521,S003,3,132.87,0.0,398.61,322.2,76.41,2024,12,1
O106000,2024-12-01,P0061,C00892,S009,5,86.94,0.05,412.96,232.0,180.96,2024,12,1
O107663,2024-12-01,P0051,C00841,S001,1,32.14,0.0,32.14,16.02,16.12,2024,12,1
O104211,2024-12-01,P0003,C00082,S009,4,44.76,0.0,179.04,132.56,46.48,2024,12,1
O106493,2024-12-01,P0076,C00960,S003,2,301.81,0.0,603.62,495.78,107.84,2024,12,1
O102895,2024-12-01,P0075,C00255,S007,1,10.1,0.0,10.1,7.49,2.61,2024,12,1
O110308,2024-12-01,P0003,C01168,S010,1,44.76,0.2,35.81,33.14,2.67,2024,12,1
O104446,2024-12-01,P0062,C00969,S012,1,39.06,0.0,39.06,17.85,21.21,2024,12,1
O108707,2024-12-01,P0037,C00661,S004,1,61.48,0.1,55.33,48.1,7.23,2024,12,1
O111817,2024-12-01,P0048,C00833,S009,1,113.33,0.1,102.0,82.55,19.45,2024,12,1
O108195,2024-12-01,P0075,C00278,S001,2,10.1,0.1,18.18,14.98,3.2,2024,12,1
O101825,2024-12-01,P0074,C00475,S002,3,106.15,0.0,318.45,207.72,110.73,2024,12,1
O107650,2024-12-02,P0029,C00191,S008,1,93.75,0.0,93.75,68.76,24.99,2024,12,2
O102259,2024-12-02,P0095,C00796,S005,2,118.84,0.0,237.68,156.34,81.34,2024,12,2
O100820,2024-12-02,P0071,C00490,S005,2,9.68,0.0,19.36,14.76,4.6,2024,12,2
O103726,2024-12-02,P0072,C00515,S001,3,149.26,0.0,447.78,208.53,239.25,2024,12,2
O105109,2024-12-02,P0050,C00101,S003,2,9.87,0.0,19.74,9.48,10.26,2024,12,2
O108800,2024-12-02,P0090,C00765,S008,1,575.16,0.0,575.16,375.73,199.43,2024,12,2
O111136,2024-12-02,P0049,C00101,S004,1,366.28,0.0,366.28,172.71,193.57,2024,12,2
O107291,2024-12-02,P0050,C00565,S001,1,9.87,0.05,9.38,4.74,4.64,2024,12,2
O110002,2024-12-02,P0080,C00001,S009,1,20.59,0.1,18.53,13.94,4.59,2024,12,2
O101933,2024-12-02,P0005,C00666,S011,1,15.5,0.0,15.5,12.07,3.43,2024,12,2
O105244,2024-12-02,P0048,C00501,S003,4,113.33,0.2,362.66,330.2,32.46,2024,12,2
O106307,2024-12-02,P0020,C00118,S005,1,30.45,0.0,30.45,20.59,9.86,2024,12,2
O103822,2024-12-02,P0081,C00483,S011,2,143.09,0.05,271.87,220.0,51.87,2024,12,2
O105562,2024-12-02,P0074,C00004,S004,2,106.15,0.15,180.46,138.48,41.98,2024,12,2
O101397,2024-12-03,P0027,C01065,S010,4,55.97,0.15,190.3,118.28,72.02,2024,12,3
O108014,2024-12-03,P0012,C00153,S005,2,88.36,0.0,176.72,125.8,50.92,2024,12,3
O111838,2024-12-03,P0025,C00292,S001,3,18.6,0.05,53.01,42.27,10.74,2024,12,3
O105709,2024-12-03,P0061,C01127,S006,2,86.94,0.0,173.88,92.8,81.08,2024,12,3
O111345,2024-12-03,P0036,C00561,S011,1,15.34,0.05,14.57,8.29,6.28,2024,12,3
O109315,2024-12-03,P0053,C00552,S011,1,51.37,0.1,46.23,32.27,13.96,2024,12,3
O105658,2024-12-03,P0079,C00299,S005,1,120.53,0.0,120.53,93.1,27.43,2024,12,3
O109750,2024-12-03,P0077,C00092,S010,1,130.07,0.0,130.07,107.65,22.42,2024,12,3
O103505,2024-12-03,P0014,C00464,S008,5,13.14,0.0,65.7,30.65,35.05,2024,12,3
O105647,2024-12-03,P0085,C00244,S012,1,34.17,0.05,32.46,27.5,4.96,2024,12,3
O100733,2024-12-03,P0053,C00516,S008,2,51.37,0.1,92.47,64.54,27.93,2024,12,3
O109119,2024-12-03,P0068,C00651,S010,1,100.31,0.0,100.31,81.38,18.93,2024,12,3
O103671,2024-12-03,P0089,C01056,S006,1,39.28,0.0,39.28,18.15,21.13,2024,12,3
O107686,2024-12-03,P0064,C00638,S005,1,12.06,0.0,12.06,5.48,6.58,2024,12,3
O111771,2024-12-03,P0004,C01158,S009,1,29.55,0.0,29.55,14.48,15.07,2024,12,3
O109118,2024-12-04,P0061,C00842,S006,1,86.94,0.0,86.94,46.4,40.54,2024,12,4
O109198,2024-12-04,P0010,C01104,S008,2,14.81,0.1,26.66,24.3,2.36,2024,12,4
O108866,2024-12-04,P0050,C01001,S002,1,9.87,0.15,8.39,4.74,3.65,2024,12,4
O111568,2024-12-04,P0023,C00178,S011,1,818.22,0.05,777.31,630.15,147.16,2024,12,4
O101110,2024-12-04,P0006,C00171,S004,2,74.01,0.1,133.22,86.16,47.06,2024,12,4
O103184,2024-12-04,P0100,C00935,S006,1,142.46,0.0,142.46,91.14,51.32,2024,12,4
O102488,2024-12-04,P0080,C00733,S004,10,20.59,0.1,185.31,139.4,45.91,2024,12,4
O103250,2024-12-04,P0023,C00353,S002,2,818.22,0.0,1636.44,1260.3,376.14,2024,12,4
O102460,2024-12-04,P0071,C00415,S002,5,9.68,0.1,43.56,36.9,6.66,2024,12,4
O110587,2024-12-04,P0099,C00731,S004,1,5.01,0.0,5.01,2.77,2.24,2024,12,4
O105919,2024-12-04,P0018,C00842,S005,2,34.43,0.1,61.97,52.98,8.99,2024,12,4
O101876,2024-12-04,P0055,C01142,S003,2,24.74,0.0,49.48,34.96,14.52,2024,12,4
O111634,2024-12-04,P0073,C00322,S005,3,36.7,0.1,99.09,54.66,44.43,2024,12,4
O105430,2024-12-04,P0028,C00166,S012,1,453.33,0.0,453.33,253.96,199.37,2024,12,4
O110958,2024-12-04,P0057,C00242,S006,1,157.4,0.15,133.79,131.61,2.18,2024,12,4
O104857,2024-12-04,P0038,C00268,S001,1,42.19,0.0,42.19,29.31,12.88,2024,12,4
O105572,2024-12-04,P0010,C00567,S006,1,14.81,0.1,13.33,12.15,1.18,2024,12,4
O106293,2024-12-04,P0044,C00628,S007,1,136.64,0.2,109.31,115.68,-6.37,2024,12,4
O102382,2024-12-04,P0088,C00600,S005,1,5.57,0.0,5.57,4.31,1.26,2024,12,4
O110386,2024-12-05,P0098,C00600,S011,1,37.83,0.05,35.94,29.0,6.94,2024,12,5
O104943,2024-12-05,P0085,C01067,S008,1,34.17,0.0,34.17,27.5,6.67,2024,12,5
O103308,2024-12-05,P0077,C00367,S002,1,130.07,0.0,130.07,107.65,22.42,2024,12,5
O110731,2024-12-05,P0040,C00088,S010,1,25.25,0.0,25.25,16.53,8.72,2024,12,5
O108219,2024-12-05,P0086,C00926,S005,2,310.61,0.0,621.22,319.38,301.84,2024,12,5
O107869,2024-12-05,P0042,C00866,S004,10,9.86,0.1,88.74,62.3,26.44,2024,12,5
O101048,2024-12-05,P0059,C00971,S008,10,10.64,0.05,101.08,77.0,24.08,2024,12,5
O102341,2024-12-05,P0060,C00378,S010,1,80.71,0.05,76.67,51.25,25.42,2024,12,5
O104806,2024-12-05,P0091,C01194,S006,1,35.24,0.0,35.24,18.67,16.57,2024,12,5
O103423,2024-12-05,P0026,C00571,S005,1,325.3,0.0,325.3,181.38,143.92,2024,12,5
O103404,2024-12-05,P0097,C00917,S005,1,8.15,0.0,8.15,5.49,2.66,2024,12,5
O108723,2024-12-05,P0021,C00929,S012,1,25.8,0.0,25.8,12.57,13.23,2024,12,5
O104759,2024-12-05,P0091,C00108,S012,2,35.24,0.0,70.48,37.34,33.14,2024,12,5
O103413,2024-12-05,P0040,C00122,S008,1,25.25,0.0,25.25,16.53,8.72,2024,12,5
O110590,2024-12-05,P0069,C00440,S006,1,85.27,0.0,85.27,65.86,19.41,2024,12,5
O106387,2024-12-05,P0093,C00963,S007,2,13.08,0.0,26.16,18.32,7.84,2024,12,5
O109834,2024-12-05,P0034,C00322,S002,1,84.19,0.05,79.98,69.04,10.94,2024,12,5
O101644,2024-12-05,P0098,C00860,S011,1,37.83,0.05,35.94,29.0,6.94,2024,12,5
O103604,2024-12-05,P0072,C00374,S002,1,149.26,0.1,134.33,69.51,64.82,2024,12,5
O101761,2024-12-05,P0067,C00532,S005,3,5.57,0.0,16.71,9.75,6.96,2024,12,5
O110954,2024-12-05,P0081,C00666,S005,1,143.09,0.0,143.09,110.0,33.09,2024,12,5
O111036,2024-12-05,P0042,C00568,S005,1,9.86,0.0,9.86,6.23,3.63,2024,12,5
O109065,2024-12-05,P0005,C00060,S008,1,15.5,0.0,15.5,12.07,3.43,2024,12,5
O103895,2024-12-05,P0092,C00437,S006,4,41.48,0.2,132.74,101.64,31.1,2024,12,5
O109115,2024-12-05,P0024,C01149,S007,1,722.65,0.0,722.65,423.58,299.07,2024,12,5
O105794,2024-12-06,P0067,C00274,S008,2,5.57,0.0,11.14,6.5,4.64,2024,12,6
O101547,2024-12-06,P0070,C01020,S006,1,27.07,0.0,27.07,14.25,12.82,2024,12,6
O103016,2024-12-06,P0050,C01018,S008,1,9.87,0.1,8.88,4.74,4.14,2024,12,6
O101225,2024-12-06,P0028,C00746,S011,1,453.33,0.0,453.33,253.96,199.37,2024,12,6
O108206,2024-12-06,P0070,C00747,S010,1,27.07,0.1,24.36,14.25,10.11,2024,12,6
O105358,2024-12-06,P0035,C00352,S010,3,21.89,0.0,65.67,36.75,28.92,2024,12,6
O106073,2024-12-06,P0073,C01080,S011,1,36.7,0.0,36.7,18.22,18.48,2024,12,6
O110529,2024-12-06,P0090,C01110,S006,2,575.16,0.15,977.77,751.46,226.31,2024,12,6
O108796,2024-12-06,P0051,C00331,S005,1,32.14,0.05,30.53,16.02,14.51,2024,12,6
O105045,2024-12-06,P0050,C00720,S009,4,9.87,0.0,39.48,18.96,20.52,2024,12,6
O107503,2024-12-06,P0056,C01121,S010,1,20.73,0.0,20.73,16.75,3.98,2024,12,6
O105748,2024-12-06,P0071,C00642,S005,1,9.68,0.0,9.68,7.38,2.3,2024,12,6
O109793,2024-12-06,P0098,C00665,S011,1,37.83,0.05,35.94,29.0,6.94,2024,12,6
O100773,2024-12-06,P0012,C00088,S008,2,88.36,0.0,176.72,125.8,50.92,2024,12,6
O102928,2024-12-06,P0100,C01180,S001,2,142.46,0.15,242.18,182.28,59.9,2024,12,6
O107533,2024-12-07,P0084,C00597,S011,2,17.53,0.0,35.06,28.22,6.84,2024,12,7
O107552,2024-12-07,P0087,C00710,S011,1,463.9,0.15,394.32,253.65,140.67,2024,12,7
O110411,2024-12-07,P0018,C00764,S002,5,34.43,0.0,172.15,132.45,39.7,2024,12,7
O106195,2024-12-07,P0037,C00933,S005,2,61.48,0.1,110.66,96.2,14.46,2024,12,7
O105051,2024-12-07,P0029,C00736,S011,1,93.75,0.0,93.75,68.76,24.99,2024,12,7
O108496,2024-12-07,P0006,C00368,S007,1,74.01,0.1,66.61,43.08,23.53,2024,12,7
O104609,2024-12-07,P0005,C00397,S005,1,15.5,0.1,13.95,12.07,1.88,2024,12,7
O108619,2024-12-07,P0079,C00987,S005,3,120.53,0.0,361.59,279.3,82.29,2024,12,7
O110071,2024-12-07,P0094,C00864,S008,2,21.21,0.0,42.42,24.34,18.08,2024,12,7
O100959,2024-12-07,P0087,C00940,S002,3,463.9,0.15,1182.94,760.95,421.99,2024,12,7
O110482,2024-12-07,P0034,C00450,S009,1,84.19,0.0,84.19,69.04,15.15,2024,12,7
O106429,2024-12-07,P0098,C01108,S009,2,37.83,0.05,71.88,58.0,13.88,2024,12,7
O107853,2024-12-07,P0020,C00256,S011,2,30.45,0.05,57.86,41.18,16.68,2024,12,7
O110439,2024-12-07,P0056,C00654,S006,2,20.73,0.05,39.39,33.5,5.89,2024,12,7
O100310,2024-12-07,P0035,C00801,S009,2,21.89,0.0,43.78,24.5,19.28,2024,12,7
O106191,2024-12-07,P0080,C00393,S003,1,20.59,0.1,18.53,13.94,4.59,2024,12,7
O103870,2024-12-08,P0018,C00977,S010,1,34.43,0.0,34.43,26.49,7.94,2024,12,8
O100735,2024-12-08,P0033,C00007,S005,1,47.81,0.0,47.81,31.21,16.6,2024,12,8
O110292,2024-12-08,P0084,C00540,S005,2,17.53,0.1,31.55,28.22,3.33,2024,12,8
O108117,2024-12-08,P0091,C01148,S008,1,35.24,0.15,29.95,18.67,11.28,2024,12,8
O110721,2024-12-08,P0059,C00378,S003,2,10.64,0.2,17.02,15.4,1.62,2024,12,8
O111197,2024-12-08,P0033,C00183,S005,1,47.81,0.0,47.81,31.21,16.6,2024,12,8
O110198,2024-12-08,P0060,C00477,S004,2,80.71,0.0,161.42,102.5,58.92,2024,12,8
O111677,2024-12-09,P0022,C00259,S006,1,42.03,0.05,39.93,30.14,9.79,2024,12,9
O101475,2024-12-09,P0029,C00455,S002,1,93.75,0.0,93.75,68.76,24.99,2024,12,9
O103584,2024-12-09,P0049,C00396,S009,2,366.28,0.0,732.56,345.42,387.14,2024,12,9
O100460,2024-12-09,P0055,C01183,S011,1,24.74,0.0,24.74,17.48,7.26,2024,12,9
O102433,2024-12-09,P0017,C00330,S004,3,25.27,0.0,75.81,53.31,22.5,2024,12,9
O111671,2024-12-09,P0092,C00060,S007,3,41.48,0.0,124.44,76.23,48.21,2024,12,9
O110028,2024-12-09,P0019,C01150,S004,2,138.62,0.0,277.24,136.3,140.94,2024,12,9
O106950,2024-12-09,P0085,C00758,S002,1,34.17,0.0,34.17,27.5,6.67,2024,12,9
O109078,2024-12-09,P0078,C00911,S011,4,18.31,0.05,69.58,51.36,18.22,2024,12,9
O108589,2024-12-09,P0067,C00042,S003,4,5.57,0.0,22.28,13.0,9.28,2024,12,9
O100174,2024-12-09,P0057,C00416,S008,1,157.4,0.0,157.4,131.61,25.79,2024,12,9
O103229,2024-12-09,P0021,C00561,S011,2,25.8,0.1,46.44,25.14,21.3,2024,12,9
O101649,2024-12-09,P0016,C00183,S006,1,547.4,0.0,547.4,397.41,149.99,2024,12,9
O101272,2024-12-09,P0088,C00250,S005,1,5.57,0.0,5.57,4.31,1.26,2024,12,9
O108690,2024-12-10,P0018,C00908,S009,10,34.43,0.05,327.08,264.9,62.18,2024,12,10
O102933,2024-12-10,P0041,C01097,S006,1,246.7,0.1,222.03,134.73,87.3,2024,12,10
O100269,2024-12-10,P0005,C00835,S010,2,15.5,0.0,31.0,24.14,6.86,2024,12,10
O107186,2024-12-10,P0092,C00816,S002,1,41.48,0.0,41.48,25.41,16.07,2024,12,10
O100481,2024-12-10,P0074,C00799,S009,1,106.15,0.0,106.15,69.24,36.91,2024,12,10
O107545,2024-12-10,P0001,C01053,S006,4,132.87,0.0,531.48,429.6,101.88,2024,12,10
O111995,2024-12-10,P0089,C01010,S008,4,39.28,0.05,149.26,72.6,76.66,2024,12,10
O106508,2024-12-10,P0057,C00064,S005,1,157.4,0.0,157.4,131.61,25.79,2024,12,10
O102660,2024-12-10,P0088,C01143,S003,3,5.57,0.1,15.04,12.93,2.11,2024,12,10
O100463,2024-12-10,P0062,C01180,S003,1,39.06,0.0,39.06,17.85,21.21,2024,12,10
O104552,2024-12-10,P0029,C00221,S001,1,93.75,0.1,84.38,68.76,15.62,2024,12,10
O102526,2024-12-11,P0052,C00063,S008,1,97.55,0.0,97.55,61.47,36.08,2024,12,11
O108906,2024-12-11,P0002,C00984,S005,10,130.95,0.0,1309.5,1000.6,308.9,2024,12,11
O102550,2024-12-11,P0001,C00991,S001,2,132.87,0.0,265.74,214.8,50.94,2024,12,11
O107595,2024-12-11,P0031,C00445,S005,1,104.43,0.05,99.21,64.18,35.03,2024,12,11
O103819,2024-12-11,P0069,C00978,S008,2,85.27,0.0,170.54,131.72,38.82,2024,12,11
O100353,2024-12-11,P0030,C00569,S007,2,41.4,0.0,82.8,50.42,32.38,2024,12,11
O101043,2024-12-11,P0034,C01021,S007,1,84.19,0.0,84.19,69.04,15.15,2024,12,11
O108730,2024-12-11,P0067,C00845,S010,2,5.57,0.0,11.14,6.5,4.64,2024,12,11
O106064,2024-12-11,P0035,C01112,S001,1,21.89,0.1,19.7,12.25,7.45,2024,12,11
O111198,2024-12-11,P0038,C00512,S007,3,42.19,0.05,120.24,87.93,32.31,2024,12,11
O105786,2024-12-11,P0032,C00748,S005,1,62.15,0.05,59.04,45.29,13.75,2024,12,11
O111117,2024-12-11,P0035,C00646,S001,1,21.89,0.0,21.89,12.25,9.64,2024,12,11
O107782,2024-12-11,P0088,C00629,S006,1,5.57,0.0,5.57,4.31,1.26,2024,12,11
O106847,2024-12-11,P0021,C00982,S012,1,25.8,0.0,25.8,12.57,13.23,2024,12,11
O101677,2024-12-11,P0004,C00712,S010,1,29.55,0.1,26.6,14.48,12.12,2024,12,11
O102255,2024-12-11,P0021,C00978,S008,2,25.8,0.1,46.44,25.14,21.3,2024,12,11
O105136,2024-12-11,P0082,C00854,S001,2,28.43,0.1,51.17,43.46,7.71,2024,12,11
O101715,2024-12-12,P0033,C00524,S008,4,47.81,0.0,191.24,124.84,66.4,2024,12,12
O102618,2024-12-12,P0044,C00292,S008,1,136.64,0.0,136.64,115.68,20.96,2024,12,12
O109067,2024-12-12,P0100,C00651,S005,1,142.46,0.0,142.46,91.14,51.32,2024,12,12
O108580,2024-12-12,P0060,C00991,S005,1,80.71,0.2,64.57,51.25,13.32,2024,12,12
O100596,2024-12-12,P0080,C00661,S001,1,20.59,0.1,18.53,13.94,4.59,2024,12,12
O111312,2024-12-12,P0009,C00548,S010,4,8.02,0.0,32.08,24.36,7.72,2024,12,12
O107146,2024-12-12,P0015,C00068,S005,1,36.03,0.15,30.63,18.61,12.02,2024,12,12
O101753,2024-12-12,P0095,C00020,S001,2,118.84,0.1,213.91,156.34,57.57,2024,12,12
O111833,2024-12-12,P0083,C00161,S003,2,85.03,0.0,170.06,89.58,80.48,2024,12,12
O111701,2024-12-12,P0028,C00322,S006,2,453.33,0.1,815.99,507.92,308.07,2024,12,12
O106105,2024-12-12,P0075,C00656,S006,1,10.1,0.0,10.1,7.49,2.61,2024,12,12
O100895,2024-12-12,P0052,C00152,S005,2,97.55,0.0,195.1,122.94,72.16,2024,12,12
O101794,2024-12-12,P0075,C00892,S001,5,10.1,0.05,47.97,37.45,10.52,2024,12,12
O108393,2024-12-12,P0077,C00211,S006,1,130.07,0.0,130.07,107.65,22.42,2024,12,12
O100553,2024-12-12,P0083,C00378,S006,1,85.03,0.0,85.03,44.79,40.24,2024,12,12
O108738,2024-12-12,P0054,C00555,S006,2,42.97,0.1,77.35,58.24,19.11,2024,12,12
O110652,2024-12-12,P0035,C00781,S005,1,21.89,0.05,20.8,12.25,8.55,2024,12,12
O105501,2024-12-12,P0065,C00391,S003,1,776.21,0.0,776.21,385.54,390.67,2024,12,12
O103464,2024-12-12,P0078,C00713,S012,1,18.31,0.05,17.39,12.84,4.55,2024,12,12
O109800,2024-12-12,P0049,C00383,S001,1,366.28,0.2,293.02,172.71,120.31,2024,12,12
O107567,2024-12-12,P0091,C00761,S010,5,35.24,0.1,158.58,93.35,65.23,2024,12,12
O105242,2024-12-12,P0082,C00391,S001,1,28.43,0.0,28.43,21.73,6.7,2024,12,12
O100459,2024-12-12,P0010,C00548,S008,2,14.81,0.0,29.62,24.3,5.32,2024,12,12
O106640,2024-12-12,P0082,C00780,S007,2,28.43,0.0,56.86,43.46,13.4,2024,12,12
O107948,2024-12-12,P0069,C00085,S012,1,85.27,0.0,85.27,65.86,19.41,2024,12,12
O104218,2024-12-13,P0081,C00612,S008,4,143.09,0.05,543.74,440.0,103.74,2024,12,13
O111934,2024-12-13,P0072,C00127,S002,1,149.26,0.0,149.26,69.51,79.75,2024,12,13
O107548,2024-12-13,P0010,C00218,S002,1,14.81,0.0,14.81,12.15,2.66,2024,12,13
O110149,2024-12-13,P0057,C00565,S005,1,157.4,0.0,157.4,131.61,25.79,2024,12,13
O103685,2024-12-13,P0079,C00024,S003,1,120.53,0.0,120.53,93.1,27.43,2024,12,13
O102584,2024-12-13,P0015,C00965,S004,2,36.03,0.0,72.06,37.22,34.84,2024,12,13
O101111,2024-12-13,P0055,C00898,S004,1,24.74,0.0,24.74,17.48,7.26,2024,12,13
O110319,2024-12-13,P0100,C01082,S004,1,142.46,0.0,142.46,91.14,51.32,2024,12,13
O110452,2024-12-13,P0002,C00493,S001,3,130.95,0.0,392.85,300.18,92.67,2024,12,13
O107112,2024-12-13,P0029,C01049,S001,3,93.75,0.1,253.12,206.28,46.84,2024,12,13
O101604,2024-12-13,P0031,C00094,S009,1,104.43,0.15,88.77,64.18,24.59,2024,12,13
O110534,2024-12-13,P0087,C01194,S010,2,463.9,0.0,927.8,507.3,420.5,2024,12,13
O109362,2024-12-13,P0053,C00766,S005,5,51.37,0.0,256.85,161.35,95.5,2024,12,13
O110554,2024-12-13,P0001,C00769,S007,1,132.87,0.0,132.87,107.4,25.47,2024,12,13
O111762,2024-12-13,P0009,C00533,S008,1,8.02,0.1,7.22,6.09,1.13,2024,12,13
O105288,2024-12-13,P0064,C00771,S003,1,12.06,0.1,10.85,5.48,5.37,2024,12,13
O102579,2024-12-13,P0038,C00630,S007,3,42.19,0.0,126.57,87.93,38.64,2024,12,13
O111099,2024-12-13,P0006,C00837,S001,2,74.01,0.1,133.22,86.16,47.06,2024,12,13
O103389,2024-12-14,P0069,C00600,S010,1,85.27,0.05,81.01,65.86,15.15,2024,12,14
O108844,2024-12-14,P0016,C00524,S006,5,547.4,0.15,2326.45,1987.05,339.4,2024,12,14
O105372,2024-12-14,P0095,C00903,S004,2,118.84,0.05,225.8,156.34,69.46,2024,12,14
O102249,2024-12-14,P0011,C00193,S011,5,713.82,0.0,3569.1,2259.15,1309.95,2024,12,14
O107250,2024-12-14,P0027,C00013,S010,1,55.97,0.0,55.97,29.57,26.4,2024,12,14
O101298,2024-12-14,P0060,C00443,S008,2,80.71,0.0,161.42,102.5,58.92,2024,12,14
O102930,2024-12-14,P0098,C00957,S010,1,37.83,0.0,37.83,29.0,8.83,2024,12,14
O101586,2024-12-14,P0091,C00525,S002,1,35.24,0.0,35.24,18.67,16.57,2024,12,14
O104620,2024-12-14,P0061,C00238,S011,1,86.94,0.0,86.94,46.4,40.54,2024,12,14
O111921,2024-12-14,P0033,C00523,S003,1,47.81,0.0,47.81,31.21,16.6,2024,12,14
O110874,2024-12-14,P0077,C01017,S002,1,130.07,0.05,123.57,107.65,15.92,2024,12,14
O102971,2024-12-14,P0033,C00298,S003,2,47.81,0.0,95.62,62.42,33.2,2024,12,14
O102279,2024-12-14,P0080,C01194,S012,1,20.59,0.1,18.53,13.94,4.59,2024,12,14
O107951,2024-12-14,P0038,C00910,S010,1,42.19,0.1,37.97,29.31,8.66,2024,12,14
O100207,2024-12-14,P0062,C00686,S005,3,39.06,0.0,117.18,53.55,63.63,2024,12,14
O110951,2024-12-14,P0044,C00563,S012,2,136.64,0.0,273.28,231.36,41.92,2024,12,14
O110549,2024-12-14,P0060,C00137,S002,1,80.71,0.05,76.67,51.25,25.42,2024,12,14
O101040,2024-12-14,P0065,C00504,S004,1,776.21,0.05,737.4,385.54,351.86,2024,12,14
O101802,2024-12-14,P0058,C00344,S003,2,123.22,0.0,246.44,118.94,127.5,2024,12,14
O101227,2024-12-14,P0004,C00789,S008,3,29.55,0.0,88.65,43.44,45.21,2024,12,14
O104849,2024-12-14,P0041,C00397,S010,1,246.7,0.15,209.7,134.73,74.97,2024,12,14
O100186,2024-12-14,P0041,C00947,S010,1,246.7,0.0,246.7,134.73,111.97,2024,12,14
O100950,2024-12-14,P0071,C00215,S006,1,9.68,0.0,9.68,7.38,2.3,2024,12,14
O107295,2024-12-14,P0065,C00764,S006,2,776.21,0.0,1552.42,771.08,781.34,2024,12,14
O108433,2024-12-14,P0045,C01151,S012,2,131.19,0.0,262.38,213.76,48.62,2024,12,14
O108766,2024-12-15,P0028,C00318,S009,4,453.33,0.0,1813.32,1015.84,797.48,2024,12,15
O105852,2024-12-15,P0045,C00937,S009,1,131.19,0.15,111.51,106.88,4.63,2024,12,15
O105530,2024-12-15,P0062,C00960,S012,1,39.06,0.0,39.06,17.85,21.21,2024,12,15
O108853,2024-12-15,P0002,C00099,S012,1,130.95,0.0,130.95,100.06,30.89,2024,12,15
O104288,2024-12-15,P0082,C00593,S002,4,28.43,0.05,108.03,86.92,21.11,2024,12,15
O109738,2024-12-15,P0074,C00411,S006,1,106.15,0.15,90.23,69.24,20.99,2024,12,15
O110091,2024-12-15,P0042,C00019,S006,1,9.86,0.15,8.38,6.23,2.15,2024,12,15
O104021,2024-12-15,P0085,C00702,S008,4,34.17,0.0,136.68,110.0,26.68,2024,12,15
O108411,2024-12-15,P0099,C00101,S012,1,5.01,0.15,4.26,2.77,1.49,2024,12,15
O101241,2024-12-15,P0076,C00792,S006,1,301.81,0.0,301.81,247.89,53.92,2024,12,15
O105417,2024-12-15,P0093,C00186,S001,1,13.08,0.05,12.43,9.16,3.27,2024,12,15
O108095,2024-12-15,P0074,C00084,S007,1,106.15,0.1,95.54,69.24,26.3,2024,12,15
O100873,2024-12-15,P0008,C00619,S005,1,22.28,0.1,20.05,11.14,8.91,2024,12,15
O101936,2024-12-15,P0002,C00402,S010,2,130.95,0.1,235.71,200.12,35.59,2024,12,15
O110942,2024-12-15,P0057,C01138,S003,2,157.4,0.0,314.8,263.22,51.58,2024,12,15
O104154,2024-12-15,P0006,C00344,S011,1,74.01,0.05,70.31,43.08,27.23,2024,12,15
O103954,2024-12-15,P0001,C00812,S006,1,132.87,0.0,132.87,107.4,25.47,2024,12,15
O109679,2024-12-15,P0022,C00302,S003,3,42.03,0.0,126.09,90.42,35.67,2024,12,15
O109319,2024-12-15,P0085,C00354,S008,2,34.17,0.0,68.34,55.0,13.34,2024,12,15
O100713,2024-12-15,P0053,C00203,S004,1,51.37,0.1,46.23,32.27,13.96,2024,12,15
O101384,2024-12-16,P0003,C00846,S012,2,44.76,0.0,89.52,66.28,23.24,2024,12,16
O110698,2024-12-16,P0099,C00498,S006,2,5.01,0.1,9.02,5.54,3.48,2024,12,16
O101290,2024-12-16,P0064,C01076,S010,2,12.06,0.0,24.12,10.96,13.16,2024,12,16
O108901,2024-12-16,P0083,C01122,S012,4,85.03,0.05,323.11,179.16,143.95,2024,12,16
O108229,2024-12-16,P0076,C01142,S006,1,301.81,0.0,301.81,247.89,53.92,2024,12,16
O100863,2024-12-16,P0090,C01003,S003,4,575.16,0.1,2070.58,1502.92,567.66,2024,12,16
O104062,2024-12-16,P0035,C00990,S004,5,21.89,0.0,109.45,61.25,48.2,2024,12,16
O105574,2024-12-16,P0017,C00484,S002,1,25.27,0.0,25.27,17.77,7.5,2024,12,16
O104312,2024-12-16,P0091,C00345,S005,1,35.24,0.0,35.24,18.67,16.57,2024,12,16
O103427,2024-12-16,P0027,C01142,S009,3,55.97,0.0,167.91,88.71,79.2,2024,12,16
O100859,2024-12-16,P0015,C00609,S011,2,36.03,0.05,68.46,37.22,31.24,2024,12,16
O109297,2024-12-16,P0087,C00051,S002,1,463.9,0.05,440.7,253.65,187.05,2024,12,16
O107452,2024-12-16,P0053,C00682,S009,1,51.37,0.0,51.37,32.27,19.1,2024,12,16
O102611,2024-12-16,P0019,C00586,S011,1,138.62,0.0,138.62,68.15,70.47,2024,12,16
O107055,2024-12-16,P0025,C00341,S011,5,18.6,0.0,93.0,70.45,22.55,2024,12,16
O107483,2024-12-16,P0048,C00907,S001,2,113.33,0.0,226.66,165.1,61.56,2024,12,16
O100148,2024-12-16,P0015,C00346,S005,1,36.03,0.15,30.63,18.61,12.02,2024,12,16
O109787,2024-12-17,P0022,C00471,S010,2,42.03,0.05,79.86,60.28,19.58,2024,12,17
O109878,2024-12-17,P0036,C00729,S010,2,15.34,0.1,27.61,16.58,11.03,2024,12,17
O101454,2024-12-17,P0044,C00684,S002,1,136.64,0.2,109.31,115.68,-6.37,2024,12,17
O109751,2024-12-17,P0019,C00505,S001,1,138.62,0.0,138.62,68.15,70.47,2024,12,17
O102990,2024-12-17,P0049,C00616,S012,3,366.28,0.0,1098.84,518.13,580.71,2024,12,17
O108048,2024-12-17,P0017,C00724,S006,1,25.27,0.0,25.27,17.77,7.5,2024,12,17
O111272,2024-12-17,P0006,C00232,S003,1,74.01,0.05,70.31,43.08,27.23,2024,12,17
O102141,2024-12-17,P0033,C00236,S003,1,47.81,0.0,47.81,31.21,16.6,2024,12,17
O111600,2024-12-17,P0025,C01101,S005,2,18.6,0.0,37.2,28.18,9.02,2024,12,17
O103938,2024-12-17,P0058,C00249,S007,1,123.22,0.2,98.58,59.47,39.11,2024,12,17
O107851,2024-12-17,P0006,C00476,S001,1,74.01,0.1,66.61,43.08,23.53,2024,12,17
O103578,2024-12-17,P0058,C00291,S004,3,123.22,0.0,369.66,178.41,191.25,2024,12,17
O105069,2024-12-17,P0031,C00295,S011,1,104.43,0.0,104.43,64.18,40.25,2024,12,17
O105447,2024-12-17,P0003,C00554,S012,4,44.76,0.15,152.18,132.56,19.62,2024,12,17
O106077,2024-12-17,P0011,C00159,S005,2,713.82,0.0,1427.64,903.66,523.98,2024,12,17
O101392,2024-12-17,P0010,C01178,S008,1,14.81,0.0,14.81,12.15,2.66,2024,12,17
O106433,2024-12-17,P0068,C00962,S005,4,100.31,0.15,341.05,325.52,15.53,2024,12,17
O110613,2024-12-17,P0058,C01192,S005,2,123.22,0.05,234.12,118.94,115.18,2024,12,17
O101424,2024-12-17,P0074,C00059,S003,2,106.15,0.0,212.3,138.48,73.82,2024,12,17
O111452,2024-12-17,P0051,C00338,S008,5,32.14,0.0,160.7,80.1,80.6,2024,12,17
O102833,2024-12-17,P0011,C00631,S002,2,713.82,0.1,1284.88,903.66,381.22,2024,12,17
O104642,2024-12-17,P0048,C00174,S003,2,113.33,0.0,226.66,165.1,61.56,2024,12,17
O102106,2024-12-18,P0097,C00336,S004,2,8.15,0.0,16.3,10.98,5.32,2024,12,18
O108299,2024-12-18,P0088,C00638,S002,3,5.57,0.0,16.71,12.93,3.78,2024,12,18
O107103,2024-12-18,P0029,C00100,S008,2,93.75,0.05,178.12,137.52,40.6,2024,12,18
O108889,2024-12-18,P0072,C00262,S008,3,149.26,0.15,380.61,208.53,172.08,2024,12,18
O110656,2024-12-18,P0070,C00869,S001,2,27.07,0.0,54.14,28.5,25.64,2024,12,18
O101588,2024-12-18,P0040,C00040,S010,1,25.25,0.0,25.25,16.53,8.72,2024,12,18
O108790,2024-12-18,P0027,C01167,S008,1,55.97,0.0,55.97,29.57,26.4,2024,12,18
O101564,2024-12-18,P0094,C00589,S001,1,21.21,0.0,21.21,12.17,9.04,2024,12,18
O103600,2024-12-18,P0094,C00043,S011,2,21.21,0.15,36.06,24.34,11.72,2024,12,18
O107921,2024-12-18,P0051,C00190,S001,1,32.14,0.0,32.14,16.02,16.12,2024,12,18
O100844,2024-12-18,P0027,C00117,S003,1,55.97,0.05,53.17,29.57,23.6,2024,12,18
O102114,2024-12-18,P0064,C00878,S001,1,12.06,0.0,12.06,5.48,6.58,2024,12,18
O110238,2024-12-18,P0048,C00050,S010,4,113.33,0.0,453.32,330.2,123.12,2024,12,18
O107290,2024-12-18,P0076,C00960,S005,1,301.81,0.0,301.81,247.89,53.92,2024,12,18
O101696,2024-12-18,P0023,C00657,S007,1,818.22,0.0,818.22,630.15,188.07,2024,12,18
O101853,2024-12-18,P0010,C00267,S010,4,14.81,0.0,59.24,48.6,10.64,2024,12,18
O103878,2024-12-19,P0098,C00817,S008,1,37.83,0.15,32.16,29.0,3.16,2024,12,19
O103714,2024-12-19,P0079,C00037,S006,1,120.53,0.0,120.53,93.1,27.43,2024,12,19
O104221,2024-12-19,P0092,C00226,S008,1,41.48,0.0,41.48,25.41,16.07,2024,12,19
O108958,2024-12-19,P0022,C00693,S008,1,42.03,0.0,42.03,30.14,11.89,2024,12,19
O108917,2024-12-19,P0003,C00962,S008,1,44.76,0.05,42.52,33.14,9.38,2024,12,19
O106620,2024-12-19,P0039,C01149,S012,1,47.6,0.05,45.22,32.53,12.69,2024,12,19
O102588,2024-12-19,P0100,C00769,S007,1,142.46,0.0,142.46,91.14,51.32,2024,12,19
O103021,2024-12-19,P0060,C00142,S006,1,80.71,0.0,80.71,51.25,29.46,2024,12,19
O108447,2024-12-19,P0075,C00071,S007,1,10.1,0.0,10.1,7.49,2.61,2024,12,19
O106963,2024-12-19,P0064,C00363,S001,1,12.06,0.0,12.06,5.48,6.58,2024,12,19
O107204,2024-12-19,P0011,C01043,S002,2,713.82,0.1,1284.88,903.66,381.22,2024,12,19
O105476,2024-12-19,P0025,C00960,S005,2,18.6,0.1,33.48,28.18,5.3,2024,12,19
O105133,2024-12-19,P0008,C00466,S004,1,22.28,0.0,22.28,11.14,11.14,2024,12,19
O107189,2024-12-20,P0044,C00232,S006,1,136.64,0.0,136.64,115.68,20.96,2024,12,20
O105439,2024-12-20,P0008,C01055,S011,1,22.28,0.0,22.28,11.14,11.14,2024,12,20
O102552,2024-12-20,P0005,C00070,S010,1,15.5,0.0,15.5,12.07,3.43,2024,12,20
O102720,2024-12-20,P0057,C01096,S012,2,157.4,0.1,283.32,263.22,20.1,2024,12,20
O111590,2024-12-20,P0067,C00372,S009,1,5.57,0.0,5.57,3.25,2.32,2024,12,20
O111041,2024-12-20,P0062,C00519,S007,1,39.06,0.0,39.06,17.85,21.21,2024,12,20
O108050,2024-12-20,P0016,C00350,S003,1,547.4,0.0,547.4,397.41,149.99,2024,12,20
O108585,2024-12-20,P0006,C00119,S011,2,74.01,0.05,140.62,86.16,54.46,2024,12,20
O104993,2024-12-20,P0004,C00640,S002,1,29.55,0.0,29.55,14.48,15.07,2024,12,20
O108627,2024-12-20,P0079,C00768,S009,2,120.53,0.0,241.06,186.2,54.86,2024,12,20
O104179,2024-12-20,P0064,C00465,S008,10,12.06,0.05,114.57,54.8,59.77,2024,12,20
O101944,2024-12-20,P0028,C00875,S010,1,453.33,0.0,453.33,253.96,199.37,2024,12,20
O107420,2024-12-20,P0068,C00280,S004,1,100.31,0.0,100.31,81.38,18.93,2024,12,20
O101684,2024-12-20,P0088,C00759,S008,1,5.57,0.1,5.01,4.31,0.7,2024,12,20
O101541,2024-12-20,P0036,C01128,S011,1,15.34,0.05,14.57,8.29,6.28,2024,12,20
O102870,2024-12-20,P0058,C00881,S011,1,123.22,0.0,123.22,59.47,63.75,2024,12,20
O106448,2024-12-21,P0054,C00269,S007,1,42.97,0.1,38.67,29.12,9.55,2024,12,21
O104957,2024-12-21,P0039,C00834,S006,1,47.6,0.0,47.6,32.53,15.07,2024,12,21
O109819,2024-12-21,P0029,C00609,S001,1,93.75,0.05,89.06,68.76,20.3,2024,12,21
O107832,2024-12-21,P0079,C00675,S001,3,120.53,0.05,343.51,279.3,64.21,2024,12,21
O103057,2024-12-21,P0001,C00858,S003,1,132.87,0.1,119.58,107.4,12.18,2024,12,21
O108825,2024-12-21,P0058,C00094,S012,3,123.22,0.0,369.66,178.41,191.25,2024,12,21
O100187,2024-12-21,P0001,C00840,S001,1,132.87,0.05,126.23,107.4,18.83,2024,12,21
O102580,2024-12-21,P0020,C01155,S001,1,30.45,0.2,24.36,20.59,3.77,2024,12,21
O104137,2024-12-21,P0038,C00033,S004,1,42.19,0.0,42.19,29.31,12.88,2024,12,21
O100233,2024-12-21,P0037,C00224,S010,2,61.48,0.0,122.96,96.2,26.76,2024,12,21
O101309,2024-12-21,P0045,C00093,S011,1,131.19,0.1,118.07,106.88,11.19,2024,12,21
O109294,2024-12-21,P0057,C00335,S007,1,157.4,0.0,157.4,131.61,25.79,2024,12,21
O108005,2024-12-22,P0047,C00924,S003,1,125.46,0.1,112.91,59.9,53.01,2024,12,22
O109045,2024-12-22,P0015,C00157,S001,5,36.03,0.0,180.15,93.05,87.1,2024,12,22
O102214,2024-12-22,P0056,C00385,S004,1,20.73,0.0,20.73,16.75,3.98,2024,12,22
O104904,2024-12-22,P0032,C00356,S006,2,62.15,0.1,111.87,90.58,21.29,2024,12,22
O106356,2024-12-22,P0038,C01131,S011,1,42.19,0.0,42.19,29.31,12.88,2024,12,22
O104851,2024-12-22,P0033,C00109,S001,1,47.81,0.0,47.81,31.21,16.6,2024,12,22
O101557,2024-12-22,P0001,C00694,S011,1,132.87,0.0,132.87,107.4,25.47,2024,12,22
O111883,2024-12-22,P0001,C00360,S011,1,132.87,0.0,132.87,107.4,25.47,2024,12,22
O105289,2024-12-22,P0034,C01181,S011,1,84.19,0.1,75.77,69.04,6.73,2024,12,22
O107242,2024-12-22,P0056,C00240,S010,2,20.73,0.0,41.46,33.5,7.96,2024,12,22
O101064,2024-12-22,P0041,C00204,S005,1,246.7,0.05,234.36,134.73,99.63,2024,12,22
O100679,2024-12-23,P0052,C00751,S005,2,97.55,0.0,195.1,122.94,72.16,2024,12,23
O103593,2024-12-23,P0009,C01152,S004,3,8.02,0.1,21.65,18.27,3.38,2024,12,23
O105312,2024-12-23,P0099,C00012,S003,4,5.01,0.0,20.04,11.08,8.96,2024,12,23
O102320,2024-12-23,P0056,C00339,S011,1,20.73,0.0,20.73,16.75,3.98,2024,12,23
O104764,2024-12-23,P0088,C00083,S003,1,5.57,0.0,5.57,4.31,1.26,2024,12,23
O109808,2024-12-23,P0013,C00185,S004,1,45.23,0.0,45.23,24.82,20.41,2024,12,23
O108177,2024-12-23,P0025,C00150,S001,2,18.6,0.0,37.2,28.18,9.02,2024,12,23
O100016,2024-12-23,P0017,C00388,S006,2,25.27,0.05,48.01,35.54,12.47,2024,12,23
O105402,2024-12-23,P0074,C00448,S005,2,106.15,0.0,212.3,138.48,73.82,2024,12,23
O104274,2024-12-23,P0037,C00433,S006,1,61.48,0.15,52.26,48.1,4.16,2024,12,23
O104295,2024-12-23,P0012,C00371,S002,2,88.36,0.2,141.38,125.8,15.58,2024,12,23
O106388,2024-12-24,P0059,C00180,S012,4,10.64,0.1,38.3,30.8,7.5,2024,12,24
O101894,2024-12-24,P0050,C00413,S010,1,9.87,0.0,9.87,4.74,5.13,2024,12,24
O101550,2024-12-24,P0091,C00147,S003,1,35.24,0.0,35.24,18.67,16.57,2024,12,24
O102112,2024-12-24,P0019,C00641,S002,1,138.62,0.2,110.9,68.15,42.75,2024,12,24
O103988,2024-12-24,P0010,C00275,S007,5,14.81,0.0,74.05,60.75,13.3,2024,12,24
O107175,2024-12-24,P0008,C00815,S012,1,22.28,0.0,22.28,11.14,11.14,2024,12,24
O108328,2024-12-24,P0020,C01169,S010,2,30.45,0.0,60.9,41.18,19.72,2024,12,24
O105223,2024-12-24,P0023,C00801,S003,2,818.22,0.0,1636.44,1260.3,376.14,2024,12,24
O105580,2024-12-24,P0095,C00551,S011,1,118.84,0.0,118.84,78.17,40.67,2024,12,24
O110280,2024-12-24,P0014,C00853,S001,1,13.14,0.0,13.14,6.13,7.01,2024,12,24
O111972,2024-12-24,P0007,C01053,S002,1,99.07,0.05,94.12,74.71,19.41,2024,12,24
O100234,2024-12-24,P0075,C00032,S011,1,10.1,0.0,10.1,7.49,2.61,2024,12,24
O107361,2024-12-24,P0041,C01081,S001,1,246.7,0.05,234.36,134.73,99.63,2024,12,24
O104733,2024-12-24,P0005,C00646,S007,1,15.5,0.0,15.5,12.07,3.43,2024,12,24
O101263,2024-12-24,P0002,C01058,S009,1,130.95,0.05,124.4,100.06,24.34,2024,12,24
O108029,2024-12-24,P0005,C00208,S005,1,15.5,0.0,15.5,12.07,3.43,2024,12,24
O101238,2024-12-24,P0019,C00239,S012,1,138.62,0.0,138.62,68.15,70.47,2024,12,24
O104758,2024-12-24,P0033,C00641,S008,1,47.81,0.15,40.64,31.21,9.43,2024,12,24
O111219,2024-12-24,P0098,C00342,S003,1,37.83,0.0,37.83,29.0,8.83,2024,12,24
O107228,2024-12-24,P0097,C00214,S008,1,8.15,0.0,8.15,5.49,2.66,2024,12,24
O102284,2024-12-25,P0014,C00320,S010,1,13.14,0.0,13.14,6.13,7.01,2024,12,25
O109358,2024-12-25,P0054,C00580,S004,3,42.97,0.0,128.91,87.36,41.55,2024,12,25
O107088,2024-12-25,P0015,C00509,S003,1,36.03,0.0,36.03,18.61,17.42,2024,12,25
O111206,2024-12-25,P0009,C00476,S008,1,8.02,0.0,8.02,6.09,1.93,2024,12,25
O101889,2024-12-25,P0066,C00492,S002,1,105.53,0.0,105.53,58.77,46.76,2024,12,25
O102418,2024-12-25,P0053,C00827,S008,1,51.37,0.0,51.37,32.27,19.1,2024,12,25
O107409,2024-12-25,P0077,C00564,S001,2,130.07,0.05,247.13,215.3,31.83,2024,12,25
O107958,2024-12-25,P0034,C00860,S003,1,84.19,0.15,71.56,69.04,2.52,2024,12,25
O109873,2024-12-25,P0024,C00436,S004,1,722.65,0.0,722.65,423.58,299.07,2024,12,25
O107304,2024-12-25,P0026,C00152,S008,2,325.3,0.1,585.54,362.76,222.78,2024,12,25
O103129,2024-12-25,P0019,C01056,S004,1,138.62,0.0,138.62,68.15,70.47,2024,12,25
O100162,2024-12-25,P0073,C00145,S005,1,36.7,0.0,36.7,18.22,18.48,2024,12,25
O105691,2024-12-25,P0085,C01128,S005,2,34.17,0.0,68.34,55.0,13.34,2024,12,25
O104015,2024-12-26,P0005,C00419,S006,1,15.5,0.0,15.5,12.07,3.43,2024,12,26
O108904,2024-12-26,P0087,C00175,S009,1,463.9,0.0,463.9,253.65,210.25,2024,12,26
O107196,2024-12-26,P0064,C00754,S009,1,12.06,0.05,11.46,5.48,5.98,2024,12,26
O108236,2024-12-26,P0013,C00510,S002,2,45.23,0.0,90.46,49.64,40.82,2024,12,26
O105062,2024-12-26,P0094,C00837,S012,1,21.21,0.15,18.03,12.17,5.86,2024,12,26
O102290,2024-12-26,P0023,C00277,S012,1,818.22,0.0,818.22,630.15,188.07,2024,12,26
O106879,2024-12-26,P0068,C00517,S006,2,100.31,0.05,190.59,162.76,27.83,2024,12,26
O103237,2024-12-26,P0082,C00092,S007,10,28.43,0.15,241.66,217.3,24.36,2024,12,26
O110244,2024-12-26,P0012,C01143,S005,1,88.36,0.05,83.94,62.9,21.04,2024,12,26
O103485,2024-12-26,P0025,C00071,S002,1,18.6,0.0,18.6,14.09,4.51,2024,12,26
O106993,2024-12-26,P0005,C00602,S008,1,15.5,0.0,15.5,12.07,3.43,2024,12,26
O110972,2024-12-26,P0081,C00990,S008,4,143.09,0.05,543.74,440.0,103.74,2024,12,26
O108026,2024-12-26,P0049,C00863,S003,5,366.28,0.0,1831.4,863.55,967.85,2024,12,26
O105334,2024-12-27,P0034,C00088,S007,2,84.19,0.05,159.96,138.08,21.88,2024,12,27
O101596,2024-12-27,P0087,C00652,S002,1,463.9,0.0,463.9,253.65,210.25,2024,12,27
O106949,2024-12-27,P0076,C00819,S001,3,301.81,0.0,905.43,743.67,161.76,2024,12,27
O102045,2024-12-27,P0080,C00372,S010,4,20.59,0.0,82.36,55.76,26.6,2024,12,27
O100907,2024-12-27,P0063,C00024,S007,1,112.94,0.0,112.94,90.69,22.25,2024,12,27
O100810,2024-12-27,P0100,C00654,S005,1,142.46,0.0,142.46,91.14,51.32,2024,12,27
O105823,2024-12-27,P0017,C00299,S001,10,25.27,0.0,252.7,177.7,75.0,2024,12,27
O107016,2024-12-27,P0004,C01105,S001,4,29.55,0.0,118.2,57.92,60.28,2024,12,27
O109848,2024-12-27,P0089,C00167,S002,1,39.28,0.0,39.28,18.15,21.13,2024,12,27
O100219,2024-12-27,P0085,C01012,S009,1,34.17,0.0,34.17,27.5,6.67,2024,12,27
O102641,2024-12-27,P0030,C01139,S004,1,41.4,0.0,41.4,25.21,16.19,2024,12,27
O108708,2024-12-27,P0081,C00708,S001,1,143.09,0.05,135.94,110.0,25.94,2024,12,27
O101222,2024-12-27,P0075,C00307,S007,3,10.1,0.0,30.3,22.47,7.83,2024,12,27
O106067,2024-12-27,P0046,C00605,S012,1,69.45,0.0,69.45,42.58,26.87,2024,12,27
O108609,2024-12-27,P0068,C01183,S007,2,100.31,0.1,180.56,162.76,17.8,2024,12,27
O109868,2024-12-27,P0011,C00107,S002,5,713.82,0.0,3569.1,2259.15,1309.95,2024,12,27
O104802,2024-12-28,P0040,C00782,S008,2,25.25,0.0,50.5,33.06,17.44,2024,12,28
O103663,2024-12-28,P0069,C00464,S008,5,85.27,0.05,405.03,329.3,75.73,2024,12,28
O103106,2024-12-28,P0021,C01184,S005,1,25.8,0.1,23.22,12.57,10.65,2024,12,28
O111845,2024-12-28,P0067,C00044,S011,2,5.57,0.0,11.14,6.5,4.64,2024,12,28
O106740,2024-12-28,P0037,C00625,S012,1,61.48,0.05,58.41,48.1,10.31,2024,12,28
O107719,2024-12-28,P0072,C00720,S009,1,149.26,0.05,141.8,69.51,72.29,2024,12,28
O109439,2024-12-28,P0005,C00050,S009,1,15.5,0.0,15.5,12.07,3.43,2024,12,28
O105321,2024-12-28,P0030,C00480,S009,5,41.4,0.0,207.0,126.05,80.95,2024,12,28
O107526,2024-12-28,P0080,C00551,S005,4,20.59,0.0,82.36,55.76,26.6,2024,12,28
O102796,2024-12-28,P0019,C00127,S003,2,138.62,0.0,277.24,136.3,140.94,2024,12,28
O102231,2024-12-29,P0005,C01123,S009,1,15.5,0.0,15.5,12.07,3.43,2024,12,29
O100845,2024-12-29,P0042,C00321,S001,1,9.86,0.0,9.86,6.23,3.63,2024,12,29
O102636,2024-12-29,P0023,C00106,S002,1,818.22,0.05,777.31,630.15,147.16,2024,12,29
O110302,2024-12-29,P0063,C00931,S007,1,112.94,0.0,112.94,90.69,22.25,2024,12,29
O100544,2024-12-29,P0006,C00669,S012,1,74.01,0.0,74.01,43.08,30.93,2024,12,29
O102499,2024-12-29,P0033,C00306,S003,4,47.81,0.2,152.99,124.84,28.15,2024,12,29
O104602,2024-12-29,P0100,C00984,S008,2,142.46,0.0,284.92,182.28,102.64,2024,12,29
O108263,2024-12-29,P0002,C00344,S012,1,130.95,0.0,130.95,100.06,30.89,2024,12,29
O109551,2024-12-29,P0067,C00081,S002,1,5.57,0.0,5.57,3.25,2.32,2024,12,29
O102159,2024-12-29,P0057,C00576,S003,1,157.4,0.0,157.4,131.61,25.79,2024,12,29
O110169,2024-12-29,P0088,C00551,S005,2,5.57,0.05,10.58,8.62,1.96,2024,12,29
O107898,2024-12-29,P0096,C00816,S012,2,63.84,0.0,127.68,70.1,57.58,2024,12,29
O109902,2024-12-29,P0019,C00818,S001,3,138.62,0.0,415.86,204.45,211.41,2024,12,29
O105236,2024-12-29,P0030,C00378,S001,1,41.4,0.0,41.4,25.21,16.19,2024,12,29
O103456,2024-12-29,P0031,C01100,S005,1,104.43,0.0,104.43,64.18,40.25,2024,12,29
O101260,2024-12-29,P0077,C00415,S007,1,130.07,0.0,130.07,107.65,22.42,2024,12,29
O107117,2024-12-29,P0066,C00376,S008,1,105.53,0.0,105.53,58.77,46.76,2024,12,29
O110980,2024-12-29,P0067,C00202,S011,1,5.57,0.05,5.29,3.25,2.04,2024,12,29
O106434,2024-12-29,P0066,C00576,S003,1,105.53,0.2,84.42,58.77,25.65,2024,12,29
O109267,2024-12-30,P0076,C00555,S009,1,301.81,0.0,301.81,247.89,53.92,2024,12,30
O105677,2024-12-30,P0025,C00203,S004,1,18.6,0.1,16.74,14.09,2.65,2024,12,30
O104623,2024-12-30,P0092,C00411,S007,2,41.48,0.05,78.81,50.82,27.99,2024,12,30
O102763,2024-12-30,P0065,C00569,S010,3,776.21,0.0,2328.63,1156.62,1172.01,2024,12,30
O111985,2024-12-30,P0065,C00383,S008,1,776.21,0.1,698.59,385.54,313.05,2024,12,30
O101430,2024-12-30,P0019,C00944,S002,4,138.62,0.05,526.76,272.6,254.16,2024,12,30
O100593,2024-12-30,P0092,C00172,S012,10,41.48,0.0,414.8,254.1,160.7,2024,12,30
O109121,2024-12-30,P0016,C00179,S009,1,547.4,0.05,520.03,397.41,122.62,2024,12,30
O110195,2024-12-30,P0023,C00168,S006,1,818.22,0.0,818.22,630.15,188.07,2024,12,30
O105829,2024-12-30,P0037,C00548,S006,3,61.48,0.15,156.77,144.3,12.47,2024,12,30
O105988,2024-12-30,P0006,C00163,S001,1,74.01,0.0,74.01,43.08,30.93,2024,12,30
O109398,2024-12-30,P0038,C00456,S006,1,42.19,0.05,40.08,29.31,10.77,2024,12,30
O110664,2024-12-30,P0039,C00931,S001,1,47.6,0.1,42.84,32.53,10.31,2024,12,30
O107745,2024-12-30,P0061,C00247,S007,4,86.94,0.0,347.76,185.6,162.16,2024,12,30
O107490,2024-12-30,P0090,C00869,S005,2,575.16,0.05,1092.8,751.46,341.34,2024,12,30
O109512,2024-12-30,P0094,C00070,S006,2,21.21,0.05,40.3,24.34,15.96,2024,12,30
O102908,2024-12-30,P0075,C00689,S008,1,10.1,0.0,10.1,7.49,2.61,2024,12,30
O106816,2024-12-30,P0079,C00034,S012,1,120.53,0.0,120.53,93.1,27.43,2024,12,30
O101031,2024-12-30,P0038,C00074,S011,1,42.19,0.2,33.75,29.31,4.44,2024,12,30
O103823,2024-12-30,P0081,C00639,S010,1,143.09,0.0,143.09,110.0,33.09,2024,12,30
O104510,2024-12-30,P0024,C01032,S011,4,722.65,0.0,2890.6,1694.32,1196.28,2024,12,30
O107266,2024-12-30,P0068,C00005,S011,1,100.31,0.15,85.26,81.38,3.88,2024,12,30
O100057,2024-12-31,P0093,C00627,S012,2,13.08,0.0,26.16,18.32,7.84,2024,12,31
O103767,2024-12-31,P0095,C00549,S002,2,118.84,0.0,237.68,156.34,81.34,2024,12,31
O108375,2024-12-31,P0078,C00009,S002,2,18.31,0.1,32.96,25.68,7.28,2024,12,31
O108365,2024-12-31,P0029,C00138,S004,1,93.75,0.15,79.69,68.76,10.93,2024,12,31
O108887,2024-12-31,P0053,C01042,S003,2,51.37,0.0,102.74,64.54,38.2,2024,12,31
O100919,2024-12-31,P0003,C00067,S003,2,44.76,0.0,89.52,66.28,23.24,2024,12,31
O107238,2024-12-31,P0002,C00735,S003,1,130.95,0.0,130.95,100.06,30.89,2024,12,31
O101692,2024-12-31,P0006,C00975,S004,2,74.01,0.0,148.02,86.16,61.86,2024,12,31
O105310,2024-12-31,P0059,C00960,S010,1,10.64,0.0,10.64,7.7,2.94,2024,12,31
O106100,2024-12-31,P0015,C00624,S008,1,36.03,0.0,36.03,18.61,17.42,2024,12,31
O106092,2024-12-31,P0021,C00462,S011,1,25.8,0.15,21.93,12.57,9.36,2024,12,31
O100400,2024-12-31,P0048,C01093,S005,1,113.33,0.0,113.33,82.55,30.78,2024,12,31
O106982,2024-12-31,P0064,C00748,S003,1,12.06,0.0,12.06,5.48,6.58,2024,12,31
O109322,2024-12-31,P0052,C00574,S010,1,97.55,0.0,97.55,61.47,36.08,2024,12,31
O101878,2024-12-31,P0047,C00723,S010,1,125.46,0.0,125.46,59.9,65.56,2024,12,31
O110616,2024-12-31,P0009,C00237,S011,1,8.02,0.0,8.02,6.09,1.93,2024,12,31
O110618,2024-12-31,P0036,C00812,S010,3,15.34,0.05,43.72,24.87,18.85,2024,12,31
O109441,2024-12-31,P0012,C00170,S003,3,88.36,0.0,265.08,188.7,76.38,2024,12,31
O104278,2024-12-31,P0042,C00245,S012,1,9.86,0.0,9.86,6.23,3.63,2024,12,31
O101707,2024-12-31,P0073,C01094,S009,1,36.7,0.1,33.03,18.22,14.81,2024,12,31
